<!--
    API Monitor Definitions
    (c) 2010-2011, Rohitab Batra <rohitab@rohitab.com>
    http://www.rohitab.com/apimonitor/
-->
<ApiMonitor>
    <Include Filename="Interfaces\IUnknown.xml" />
    <Interface Name="IEnumBackgroundCopyFiles" Id="{ca51e165-c365-424c-8d41-24aaa4ff3c40}" BaseInterface="IUnknown" OnlineHelp="MSDN" ErrorFunc="HRESULT" Category="Data Access and Storage/Background Intelligent Transfer Service (BITS)">
        <!-- Variables -->
        <!-- Methods -->
        <Api Name="Next">
            <Param Type="ULONG" Name="celt" />
            <Param Type="IBackgroundCopyFile**" Name="rgelt" />
            <Param Type="ULONG*" Name="pceltFetched" />
            <Return Type="HRESULT" />
        </Api>
        <Api Name="Skip">
            <Param Type="ULONG" Name="celt" />
            <Return Type="HRESULT" />
        </Api>
        <Api Name="Reset">
            <Return Type="HRESULT" />
        </Api>
        <Api Name="Clone">
            <Param Type="IEnumBackgroundCopyFiles**" Name="ppenum" />
            <Return Type="HRESULT" />
        </Api>
        <Api Name="GetCount">
            <Param Type="ULONG*" Name="puCount" />
            <Return Type="HRESULT" />
        </Api>
    </Interface>
</ApiMonitor>