<!--
    API Monitor Definitions
    (c) 2010-2011, Rohitab Batra <rohitab@rohitab.com>
    http://www.rohitab.com/apimonitor/
-->
<ApiMonitor>
    <Include Filename="Interfaces\IUnknown.xml" />
    <Interface Name="IRpcStubBuffer" Id="{D5F56AFC-593B-101A-B569-08002B2DBF7A}" BaseInterface="IUnknown" OnlineHelp="MSDN" ErrorFunc="HRESULT" Category="Component Object Model (COM)/OLE and Data Transfer/Interfaces">
        <!-- Variables -->
        <!-- Methods -->
        <Api Name="Connect">
            <Param Type="IUnknown*" Name="pUnkServer" />
            <Return Type="HRESULT" />
        </Api>
        <Api Name="Disconnect">
            <Return Type="void" />
        </Api>
        <Api Name="Invoke">
            <Param Type="RPCOLEMESSAGE*" Name="_prpcmsg" />
            <Param Type="IRpcChannelBuffer*" Name="_pRpcChannelBuffer" />
            <Return Type="HRESULT" />
        </Api>
        <Api Name="IsIIDSupported">
            <Param Type="REFIID" Name="riid" />
            <Return Type="IRpcStubBuffer*" />
            <Success Return="NotEqual" Value="0" />
        </Api>
        <Api Name="CountRefs">
            <Return Type="ULONG" />
            <Success Return="NotEqual" Value="0" />
        </Api>
        <Api Name="DebugServerQueryInterface">
            <Param Type="void**" Name="ppv" />
            <Return Type="HRESULT" />
        </Api>
        <Api Name="DebugServerRelease">
            <Param Type="void*" Name="pv" />
            <Return Type="void" />
        </Api>
    </Interface>
</ApiMonitor>