<!--
    API Monitor Definitions
    (c) 2010-2012, Rohitab Batra <rohitab@rohitab.com>
    http://www.rohitab.com/apimonitor/
-->
<ApiMonitor>
    <Include Filename="Headers\directx.h.xml" />
    <Include Filename="Headers\dwrite.h.xml" />
    
    <Module Name="d2d1.dll" CallingConvention="STDCALL" OnlineHelp="MSDN" ErrorFunc="HRESULT" Category="DirectX Graphics and Gaming/Direct2D">
        <!-- Interfaces -->
        <Variable Name="ID2D1Bitmap"                    Type="Interface" />
        <Variable Name="ID2D1BitmapBrush"               Type="Interface" />
        <Variable Name="ID2D1BitmapRenderTarget"        Type="Interface" />
        <Variable Name="ID2D1Brush"                     Type="Interface" />
        <Variable Name="ID2D1DCRenderTarget"            Type="Interface" />
        <Variable Name="ID2D1DrawingStateBlock"         Type="Interface" />
        <Variable Name="ID2D1EllipseGeometry"           Type="Interface" />
        <Variable Name="ID2D1Factory"                   Type="Interface" />
        <Variable Name="ID2D1GdiInteropRenderTarget"    Type="Interface" />
        <Variable Name="ID2D1Geometry"                  Type="Interface" />
        <Variable Name="ID2D1GeometryGroup"             Type="Interface" />
        <Variable Name="ID2D1GeometrySink"              Type="Interface" />
        <Variable Name="ID2D1GradientStopCollection"    Type="Interface" />
        <Variable Name="ID2D1HwndRenderTarget"          Type="Interface" />
        <Variable Name="ID2D1Layer"                     Type="Interface" />
        <Variable Name="ID2D1LinearGradientBrush"       Type="Interface" />
        <Variable Name="ID2D1Mesh"                      Type="Interface" />
        <Variable Name="ID2D1PathGeometry"              Type="Interface" />
        <Variable Name="ID2D1RadialGradientBrush"       Type="Interface" />
        <Variable Name="ID2D1RectangleGeometry"         Type="Interface" />
        <Variable Name="ID2D1RenderTarget"              Type="Interface" />
        <Variable Name="ID2D1Resource"                  Type="Interface" />
        <Variable Name="ID2D1RoundedRectangleGeometry"  Type="Interface" />
        <Variable Name="ID2D1SimplifiedGeometrySink"    Type="Interface" />
        <Variable Name="ID2D1SolidColorBrush"           Type="Interface" />
        <Variable Name="ID2D1StrokeStyle"               Type="Interface" />
        <Variable Name="ID2D1TessellationSink"          Type="Interface" />
        <Variable Name="ID2D1TransformedGeometry"       Type="Interface" />

        <!-- External Interfaces -->
        <Variable Name="IWICBitmapSource"               Type="Interface" />
        <Variable Name="IWICBitmap"                     Type="Interface" />
        <Variable Name="IDXGISurface"                   Type="Interface" />

        <!-- Variables -->
        <Variable Name="D2D1_COLOR_F"                   Type="Alias"    Base="D3DCOLORVALUE" />
        <Variable Name="CONST D2D1_COLOR_F*"            Type="Pointer"  Base="D2D1_COLOR_F" />
        <Variable Name="D2D1_TAG"                       Type="Alias"    Base="UINT64" />
        <Variable Name="D2D1_TAG*"                      Type="Pointer"  Base="D2D1_TAG" />

        <!-- [D2D_HRESULT] -->
        <Variable Name="[D2D_HRESULT]" Type="Alias" Base="HRESULT">
            <Display Name="HRESULT" />
            <Enum>
                <Set Name="D2DERR_UNSUPPORTED_PIXEL_FORMAT"                 Value="0x88982f80" />
                <Set Name="D2DERR_INSUFFICIENT_BUFFER"                      Value="0x8007007a" />
                <Set Name="D2DERR_WRONG_STATE"                              Value="0x88990001" />
                <Set Name="D2DERR_NOT_INITIALIZED"                          Value="0x88990002" />
                <Set Name="D2DERR_UNSUPPORTED_OPERATION"                    Value="0x88990003" />
                <Set Name="D2DERR_SCANNER_FAILED"                           Value="0x88990004" />
                <Set Name="D2DERR_SCREEN_ACCESS_DENIED"                     Value="0x88990005" />
                <Set Name="D2DERR_DISPLAY_STATE_INVALID"                    Value="0x88990006" />
                <Set Name="D2DERR_ZERO_VECTOR"                              Value="0x88990007" />
                <Set Name="D2DERR_INTERNAL_ERROR"                           Value="0x88990008" />
                <Set Name="D2DERR_DISPLAY_FORMAT_NOT_SUPPORTED"             Value="0x88990009" />
                <Set Name="D2DERR_INVALID_CALL"                             Value="0x8899000a" />
                <Set Name="D2DERR_NO_HARDWARE_DEVICE"                       Value="0x8899000b" />
                <Set Name="D2DERR_RECREATE_TARGET"                          Value="0x8899000c" />
                <Set Name="D2DERR_TOO_MANY_SHADER_ELEMENTS"                 Value="0x8899000d" />
                <Set Name="D2DERR_SHADER_COMPILE_FAILED"                    Value="0x8899000e" />
                <Set Name="D2DERR_MAX_TEXTURE_SIZE_EXCEEDED"                Value="0x8899000f" />
                <Set Name="D2DERR_UNSUPPORTED_VERSION"                      Value="0x88990010" />
                <Set Name="D2DERR_BAD_NUMBER"                               Value="0x88990011" />
                <Set Name="D2DERR_WRONG_FACTORY"                            Value="0x88990012" />
                <Set Name="D2DERR_LAYER_ALREADY_IN_USE"                     Value="0x88990013" />
                <Set Name="D2DERR_POP_CALL_DID_NOT_MATCH_PUSH"              Value="0x88990014" />
                <Set Name="D2DERR_WRONG_RESOURCE_DOMAIN"                    Value="0x88990015" />
                <Set Name="D2DERR_PUSH_POP_UNBALANCED"                      Value="0x88990016" />
                <Set Name="D2DERR_RENDER_TARGET_HAS_LAYER_OR_CLIPRECT"      Value="0x88990017" />
                <Set Name="D2DERR_INCOMPATIBLE_BRUSH_TYPES"                 Value="0x88990018" />
                <Set Name="D2DERR_WIN32_ERROR"                              Value="0x88990019" />
                <Set Name="D2DERR_TARGET_NOT_GDI_COMPATIBLE"                Value="0x8899001a" />
                <Set Name="D2DERR_TEXT_EFFECT_IS_WRONG_TYPE"                Value="0x8899001b" />
                <Set Name="D2DERR_TEXT_RENDERER_NOT_RELEASED"               Value="0x8899001c" />
                <Set Name="D2DERR_EXCEEDS_MAX_BITMAP_SIZE"                  Value="0x8899001d" />
            </Enum>
        </Variable>

        <!-- D2D1_FACTORY_TYPE -->
        <Variable Name="D2D1_FACTORY_TYPE" Type="Alias" Base="UINT">
            <Enum>
                <Set Name="D2D1_FACTORY_TYPE_SINGLE_THREADED"   Value="0" />
                <Set Name="D2D1_FACTORY_TYPE_MULTI_THREADED"    Value="1" />
            </Enum>
        </Variable>

        <!-- D2D1_POINT_2F -->
        <Variable Name="D2D1_POINT_2F" Type="Struct">
            <Field Type="FLOAT"     Name="x" />
            <Field Type="FLOAT"     Name="y" />
        </Variable>
        <Variable Name="D2D1_POINT_2F*"         Type="Pointer"  Base="D2D1_POINT_2F" />
        <Variable Name="CONST D2D1_POINT_2F*"   Type="Pointer"  Base="D2D1_POINT_2F" />

        <!-- D2D1_MATRIX_3X2_F -->
        <Variable Name="D2D1_MATRIX_3X2_F" Type="Struct">
            <Field Type="FLOAT"     Name="_11" />
            <Field Type="FLOAT"     Name="_12" />
            <Field Type="FLOAT"     Name="_21" />
            <Field Type="FLOAT"     Name="_22" />
            <Field Type="FLOAT"     Name="_31" />
            <Field Type="FLOAT"     Name="_32" />
        </Variable>
        <Variable Name="D2D1_MATRIX_3X2_F*"         Type="Pointer"  Base="D2D1_MATRIX_3X2_F" />
        <Variable Name="CONST D2D1_MATRIX_3X2_F*"   Type="Pointer"  Base="D2D1_MATRIX_3X2_F" />

        <!-- D2D1_SIZE_F -->
        <Variable Name="D2D1_SIZE_F" Type="Struct">
            <Field Type="FLOAT"     Name="width" />
            <Field Type="FLOAT"     Name="height" />
        </Variable>
        <Variable Name="CONST D2D1_SIZE_F*" Type="Pointer" Base="D2D1_SIZE_F" />

        <!-- D2D1_SIZE_U -->
        <Variable Name="D2D1_SIZE_U" Type="Struct">
            <Field Type="UINT32"    Name="width" />
            <Field Type="UINT32"    Name="height" />
        </Variable>
        <Variable Name="CONST D2D1_SIZE_U*" Type="Pointer" Base="D2D1_SIZE_U" />

        <!-- D2D1_ALPHA_MODE -->
        <Variable Name="D2D1_ALPHA_MODE" Type="Alias" Base="UINT">
            <Enum>
                <Set Name="D2D1_ALPHA_MODE_UNKNOWN"         Value="0" />
                <Set Name="D2D1_ALPHA_MODE_PREMULTIPLIED"   Value="1" />
                <Set Name="D2D1_ALPHA_MODE_STRAIGHT"        Value="2" />
                <Set Name="D2D1_ALPHA_MODE_IGNORE"          Value="3" />
            </Enum>
        </Variable>

        <!-- D2D1_PIXEL_FORMAT -->
        <Variable Name="D2D1_PIXEL_FORMAT" Type="Struct">
            <Field Type="DXGI_FORMAT"       Name="format" />
            <Field Type="D2D1_ALPHA_MODE"   Name="alphaMode" />
        </Variable>
        <Variable Name="CONST D2D1_PIXEL_FORMAT*" Type="Pointer" Base="D2D1_PIXEL_FORMAT" />

        <!-- D2D1_POINT_2U -->
        <Variable Name="D2D1_POINT_2U" Type="Struct">
            <Field Type="UINT32"    Name="x" />
            <Field Type="UINT32"    Name="y" />
        </Variable>
        <Variable Name="CONST D2D1_POINT_2U*" Type="Pointer" Base="D2D1_POINT_2U" />

        <!-- D2D1_RECT_U -->
        <Variable Name="D2D1_RECT_U" Type="Struct">
            <Field Type="UINT32"    Name="left" />
            <Field Type="UINT32"    Name="top" />
            <Field Type="UINT32"    Name="right" />
            <Field Type="UINT32"    Name="bottom" />
        </Variable>
        <Variable Name="CONST D2D1_RECT_U*" Type="Pointer" Base="D2D1_RECT_U" />

        <!-- D2D1_EXTEND_MODE -->
        <Variable Name="D2D1_EXTEND_MODE" Type="Alias" Base="UINT">
            <Enum>
                <Set Name="D2D1_EXTEND_MODE_CLAMP"      Value="0" />
                <Set Name="D2D1_EXTEND_MODE_WRAP"       Value="1" />
                <Set Name="D2D1_EXTEND_MODE_MIRROR"     Value="2" />
            </Enum>
        </Variable>

        <!-- D2D1_BITMAP_INTERPOLATION_MODE -->
        <Variable Name="D2D1_BITMAP_INTERPOLATION_MODE" Type="Alias" Base="UINT">
            <Enum>
                <Set Name="D2D1_BITMAP_INTERPOLATION_MODE_NEAREST_NEIGHBOR"     Value="0" />
                <Set Name="D2D1_BITMAP_INTERPOLATION_MODE_LINEAR"               Value="1" />
            </Enum>
        </Variable>

        <!-- D2D1_BITMAP_PROPERTIES -->
        <Variable Name="D2D1_BITMAP_PROPERTIES" Type="Struct">
            <Field Type="D2D1_PIXEL_FORMAT"     Name="pixelFormat" />
            <Field Type="FLOAT"                 Name="dpiX" />
            <Field Type="FLOAT"                 Name="dpiY" />
        </Variable>
        <Variable Name="CONST D2D1_BITMAP_PROPERTIES*" Type="Pointer" Base="D2D1_BITMAP_PROPERTIES" />

        <!-- D2D1_BITMAP_BRUSH_PROPERTIES -->
        <Variable Name="D2D1_BITMAP_BRUSH_PROPERTIES" Type="Struct">
            <Field Type="D2D1_EXTEND_MODE"                  Name="extendModeX" />
            <Field Type="D2D1_EXTEND_MODE"                  Name="extendModeY" />
            <Field Type="D2D1_BITMAP_INTERPOLATION_MODE"    Name="interpolationMode" />
        </Variable>
        <Variable Name="CONST D2D1_BITMAP_BRUSH_PROPERTIES*" Type="Pointer" Base="D2D1_BITMAP_BRUSH_PROPERTIES" />

        <!-- D2D1_GRADIENT_STOP -->
        <Variable Name="D2D1_GRADIENT_STOP" Type="Struct">
            <Field Type="FLOAT"             Name="position" />
            <Field Type="D2D1_COLOR_F"      Name="color" />
        </Variable>
        <Variable Name="D2D1_GRADIENT_STOP*"        Type="Pointer" Base="D2D1_GRADIENT_STOP" />
        <Variable Name="CONST D2D1_GRADIENT_STOP*"  Type="Pointer" Base="D2D1_GRADIENT_STOP" />

        <!-- D2D1_LINEAR_GRADIENT_BRUSH_PROPERTIES -->
        <Variable Name="D2D1_LINEAR_GRADIENT_BRUSH_PROPERTIES" Type="Struct">
            <Field Type="D2D1_POINT_2F"     Name="startPoint" />
            <Field Type="D2D1_POINT_2F"     Name="endPoint" />
        </Variable>
        <Variable Name="CONST D2D1_LINEAR_GRADIENT_BRUSH_PROPERTIES*" Type="Pointer" Base="D2D1_LINEAR_GRADIENT_BRUSH_PROPERTIES" />

        <!-- D2D1_RADIAL_GRADIENT_BRUSH_PROPERTIES -->
        <Variable Name="D2D1_RADIAL_GRADIENT_BRUSH_PROPERTIES" Type="Struct">
            <Field Type="D2D1_POINT_2F"     Name="center" />
            <Field Type="D2D1_POINT_2F"     Name="gradientOriginOffset" />
            <Field Type="FLOAT"             Name="radiusX" />
            <Field Type="FLOAT"             Name="radiusY" />
        </Variable>
        <Variable Name="CONST D2D1_RADIAL_GRADIENT_BRUSH_PROPERTIES*" Type="Pointer" Base="D2D1_RADIAL_GRADIENT_BRUSH_PROPERTIES" />

        <!-- D2D1_RECT_F -->
        <Variable Name="D2D1_RECT_F" Type="Struct">
            <Field Type="FLOAT"     Name="left" />
            <Field Type="FLOAT"     Name="top" />
            <Field Type="FLOAT"     Name="right" />
            <Field Type="FLOAT"     Name="bottom" />
        </Variable>
        <Variable Name="D2D1_RECT_F*"       Type="Pointer"  Base="D2D1_RECT_F" />
        <Variable Name="CONST D2D1_RECT_F*" Type="Pointer"  Base="D2D1_RECT_F" />

        <!-- D2D1_ROUNDED_RECT -->
        <Variable Name="D2D1_ROUNDED_RECT" Type="Struct">
            <Field Type="D2D1_RECT_F"   Name="rect" />
            <Field Type="FLOAT"         Name="radiusX" />
            <Field Type="FLOAT"         Name="radiusY" />
        </Variable>
        <Variable Name="D2D1_ROUNDED_RECT*"         Type="Pointer" Base="D2D1_ROUNDED_RECT" />
        <Variable Name="CONST D2D1_ROUNDED_RECT*"   Type="Pointer" Base="D2D1_ROUNDED_RECT" />

        <!-- D2D1_ELLIPSE -->
        <Variable Name="D2D1_ELLIPSE" Type="Struct">
            <Field Type="D2D1_POINT_2F"     Name="point" />
            <Field Type="FLOAT"             Name="radiusX" />
            <Field Type="FLOAT"             Name="radiusY" />
        </Variable>
        <Variable Name="D2D1_ELLIPSE*"          Type="Pointer" Base="D2D1_ELLIPSE" />
        <Variable Name="CONST D2D1_ELLIPSE*"    Type="Pointer" Base="D2D1_ELLIPSE" />

        <!-- D2D1_OPACITY_MASK_CONTENT -->
        <Variable Name="D2D1_OPACITY_MASK_CONTENT" Type="Alias" Base="UINT">
            <Enum>
                <Set Name="D2D1_OPACITY_MASK_CONTENT_GRAPHICS"              Value="0" />
                <Set Name="D2D1_OPACITY_MASK_CONTENT_TEXT_NATURAL"          Value="1" />
                <Set Name="D2D1_OPACITY_MASK_CONTENT_TEXT_GDI_COMPATIBLE"   Value="2" />
            </Enum>
        </Variable>

        <!-- D2D1_ANTIALIAS_MODE -->
        <Variable Name="D2D1_ANTIALIAS_MODE" Type="Alias" Base="UINT">
            <Enum>
                <Set Name="D2D1_ANTIALIAS_MODE_PER_PRIMITIVE"   Value="0" />
                <Set Name="D2D1_ANTIALIAS_MODE_ALIASED"         Value="1" />
            </Enum>
        </Variable>

        <!-- D2D1_TEXT_ANTIALIAS_MODE -->
        <Variable Name="D2D1_TEXT_ANTIALIAS_MODE" Type="Alias" Base="UINT">
            <Enum>
                <Set Name="D2D1_TEXT_ANTIALIAS_MODE_DEFAULT"        Value="0" />
                <Set Name="D2D1_TEXT_ANTIALIAS_MODE_CLEARTYPE"      Value="1" />
                <Set Name="D2D1_TEXT_ANTIALIAS_MODE_GRAYSCALE"      Value="2" />
                <Set Name="D2D1_TEXT_ANTIALIAS_MODE_ALIASED"        Value="3" />
            </Enum>
        </Variable>

        <!-- D2D1_LAYER_OPTIONS -->
        <Variable Name="D2D1_LAYER_OPTIONS" Type="Alias" Base="UINT">
            <Flag>
                <Set Name="D2D1_LAYER_OPTIONS_NONE"                         Value="0x00000000" />
                <Set Name="D2D1_LAYER_OPTIONS_INITIALIZE_FOR_CLEARTYPE"     Value="0x00000001" />
            </Flag>
        </Variable>

        <!-- D2D1_LAYER_PARAMETERS -->
        <Variable Name="D2D1_LAYER_PARAMETERS" Type="Struct">
            <Field Type="D2D1_RECT_F"           Name="contentBounds" />
            <Field Type="ID2D1Geometry*"        Name="geometricMask" />
            <Field Type="D2D1_ANTIALIAS_MODE"   Name="maskAntialiasMode" />
            <Field Type="D2D1_MATRIX_3X2_F"     Name="maskTransform" />
            <Field Type="FLOAT"                 Name="opacity" />
            <Field Type="ID2D1Brush*"           Name="opacityBrush" />
            <Field Type="D2D1_LAYER_OPTIONS"    Name="layerOptions" />
        </Variable>
        <Variable Name="CONST D2D1_LAYER_PARAMETERS*" Type="Pointer" Base="D2D1_LAYER_PARAMETERS" />

        <!-- D2D1_RENDER_TARGET_TYPE -->
        <Variable Name="D2D1_RENDER_TARGET_TYPE" Type="Alias" Base="UINT">
            <Enum>
                <Set Name="D2D1_RENDER_TARGET_TYPE_DEFAULT"     Value="0" />
                <Set Name="D2D1_RENDER_TARGET_TYPE_SOFTWARE"    Value="1" />
                <Set Name="D2D1_RENDER_TARGET_TYPE_HARDWARE"    Value="2" />
            </Enum>
        </Variable>

        <!-- D2D1_RENDER_TARGET_USAGE -->
        <Variable Name="D2D1_RENDER_TARGET_USAGE" Type="Alias" Base="UINT">
            <Flag>
                <Set Name="D2D1_RENDER_TARGET_USAGE_NONE"                   Value="0x00000000" />
                <Set Name="D2D1_RENDER_TARGET_USAGE_FORCE_BITMAP_REMOTING"  Value="0x00000001" />
                <Set Name="D2D1_RENDER_TARGET_USAGE_GDI_COMPATIBLE"         Value="0x00000002" />
            </Flag>
        </Variable>

        <!-- D2D1_FEATURE_LEVEL -->
        <Variable Name="D2D1_FEATURE_LEVEL" Type="Alias" Base="UINT">
            <Enum>
                <Set Name="D2D1_FEATURE_LEVEL_DEFAULT"      Value="0" />
                <Set Name="D2D1_FEATURE_LEVEL_9"            Value="0x9100" />
                <Set Name="D2D1_FEATURE_LEVEL_10"           Value="0xa000" />
            </Enum>
        </Variable>

        <!-- D2D1_RENDER_TARGET_PROPERTIES -->
        <Variable Name="D2D1_RENDER_TARGET_PROPERTIES" Type="Struct">
            <Field Type="D2D1_RENDER_TARGET_TYPE"   Name="type" />
            <Field Type="D2D1_PIXEL_FORMAT"         Name="pixelFormat" />
            <Field Type="FLOAT"                     Name="dpiX" />
            <Field Type="FLOAT"                     Name="dpiY" />
            <Field Type="D2D1_RENDER_TARGET_USAGE"  Name="usage" />
            <Field Type="D2D1_FEATURE_LEVEL"        Name="minLevel" />
        </Variable>
        <Variable Name="CONST D2D1_RENDER_TARGET_PROPERTIES*" Type="Pointer" Base="D2D1_RENDER_TARGET_PROPERTIES" />

        <!-- D2D1_DRAWING_STATE_DESCRIPTION -->
        <Variable Name="D2D1_DRAWING_STATE_DESCRIPTION" Type="Struct">
            <Field Type="D2D1_ANTIALIAS_MODE"       Name="antialiasMode" />
            <Field Type="D2D1_TEXT_ANTIALIAS_MODE"  Name="textAntialiasMode" />
            <Field Type="D2D1_TAG"                  Name="tag1" />
            <Field Type="D2D1_TAG"                  Name="tag2" />
            <Field Type="D2D1_MATRIX_3X2_F"         Name="transform" />
        </Variable>
        <Variable Name="D2D1_DRAWING_STATE_DESCRIPTION*"        Type="Pointer"  Base="D2D1_DRAWING_STATE_DESCRIPTION" />
        <Variable Name="CONST D2D1_DRAWING_STATE_DESCRIPTION*"  Type="Pointer"  Base="D2D1_DRAWING_STATE_DESCRIPTION" />

        <!-- D2D1_DEBUG_LEVEL -->
        <Variable Name="D2D1_DEBUG_LEVEL" Type="Alias" Base="UINT">
            <Enum>
                <Set Name="D2D1_DEBUG_LEVEL_NONE"           Value="0" />
                <Set Name="D2D1_DEBUG_LEVEL_ERROR"          Value="1" />
                <Set Name="D2D1_DEBUG_LEVEL_WARNING"        Value="2" />
                <Set Name="D2D1_DEBUG_LEVEL_INFORMATION"    Value="3" />
            </Enum>
        </Variable>

        <!-- D2D1_FACTORY_OPTIONS -->
        <Variable Name="D2D1_FACTORY_OPTIONS" Type="Struct">
            <Field Type="D2D1_DEBUG_LEVEL" Name="debugLevel" />
        </Variable>
        <Variable Name="CONST D2D1_FACTORY_OPTIONS*" Type="Pointer" Base="D2D1_FACTORY_OPTIONS" />

        <!-- D2D1_BRUSH_PROPERTIES -->
        <Variable Name="D2D1_BRUSH_PROPERTIES" Type="Struct">
            <Field Type="FLOAT"                 Name="opacity" />
            <Field Type="D2D1_MATRIX_3X2_F"     Name="transform" />
        </Variable>
        <Variable Name="CONST D2D1_BRUSH_PROPERTIES*" Type="Pointer" Base="D2D1_BRUSH_PROPERTIES" />

        <!-- D2D1_GEOMETRY_RELATION -->
        <Variable Name="D2D1_GEOMETRY_RELATION" Type="Alias" Base="UINT">
            <Enum>
                <Set Name="D2D1_GEOMETRY_RELATION_UNKNOWN"          Value="0" />
                <Set Name="D2D1_GEOMETRY_RELATION_DISJOINT"         Value="1" />
                <Set Name="D2D1_GEOMETRY_RELATION_IS_CONTAINED"     Value="2" />
                <Set Name="D2D1_GEOMETRY_RELATION_CONTAINS"         Value="3" />
                <Set Name="D2D1_GEOMETRY_RELATION_OVERLAP"          Value="4" />
            </Enum>
        </Variable>
        <Variable Name="D2D1_GEOMETRY_RELATION*" Type="Pointer" Base="D2D1_GEOMETRY_RELATION" />

        <!-- D2D1_GEOMETRY_SIMPLIFICATION_OPTION -->
        <Variable Name="D2D1_GEOMETRY_SIMPLIFICATION_OPTION" Type="Alias" Base="UINT">
            <Enum>
                <Set Name="D2D1_GEOMETRY_SIMPLIFICATION_OPTION_CUBICS_AND_LINES"    Value="0" />
                <Set Name="D2D1_GEOMETRY_SIMPLIFICATION_OPTION_LINES"               Value="1" />
            </Enum>
        </Variable>

        <!-- D2D1_GAMMA -->
        <Variable Name="D2D1_GAMMA" Type="Alias" Base="UINT">
            <Enum>
                <Set Name="D2D1_GAMMA_2_2"  Value="0" />
                <Set Name="D2D1_GAMMA_1_0"  Value="1" />
            </Enum>
        </Variable>

        <!-- D2D1_COMBINE_MODE -->
        <Variable Name="D2D1_COMBINE_MODE" Type="Alias" Base="UINT">
            <Enum>
                <Set Name="D2D1_COMBINE_MODE_UNION"         Value="0" />
                <Set Name="D2D1_COMBINE_MODE_INTERSECT"     Value="1" />
                <Set Name="D2D1_COMBINE_MODE_XOR"           Value="2" />
                <Set Name="D2D1_COMBINE_MODE_EXCLUDE"       Value="3" />
            </Enum>
        </Variable>

        <!-- D2D1_CAP_STYLE -->
        <Variable Name="D2D1_CAP_STYLE" Type="Alias" Base="UINT">
            <Enum>
                <Set Name="D2D1_CAP_STYLE_FLAT"         Value="0" />
                <Set Name="D2D1_CAP_STYLE_SQUARE"       Value="1" />
                <Set Name="D2D1_CAP_STYLE_ROUND"        Value="2" />
                <Set Name="D2D1_CAP_STYLE_TRIANGLE"     Value="3" />
            </Enum>
        </Variable>

        <!-- D2D1_LINE_JOIN -->
        <Variable Name="D2D1_LINE_JOIN" Type="Alias" Base="UINT">
            <Enum>
                <Set Name="D2D1_LINE_JOIN_MITER"            Value="0" />
                <Set Name="D2D1_LINE_JOIN_BEVEL"            Value="1" />
                <Set Name="D2D1_LINE_JOIN_ROUND"            Value="2" />
                <Set Name="D2D1_LINE_JOIN_MITER_OR_BEVEL"   Value="3" />
            </Enum>
        </Variable>

        <!-- D2D1_DASH_STYLE -->
        <Variable Name="D2D1_DASH_STYLE" Type="Alias" Base="UINT">
            <Enum>
                <Set Name="D2D1_DASH_STYLE_SOLID"           Value="0" />
                <Set Name="D2D1_DASH_STYLE_DASH"            Value="1" />
                <Set Name="D2D1_DASH_STYLE_DOT"             Value="2" />
                <Set Name="D2D1_DASH_STYLE_DASH_DOT"        Value="3" />
                <Set Name="D2D1_DASH_STYLE_DASH_DOT_DOT"    Value="4" />
                <Set Name="D2D1_DASH_STYLE_CUSTOM"          Value="5" />
            </Enum>
        </Variable>

        <!-- D2D1_STROKE_STYLE_PROPERTIES -->
        <Variable Name="D2D1_STROKE_STYLE_PROPERTIES" Type="Struct">
            <Field Type="D2D1_CAP_STYLE"    Name="startCap" />
            <Field Type="D2D1_CAP_STYLE"    Name="endCap" />
            <Field Type="D2D1_CAP_STYLE"    Name="dashCap" />
            <Field Type="D2D1_LINE_JOIN"    Name="lineJoin" />
            <Field Type="FLOAT"             Name="miterLimit" />
            <Field Type="D2D1_DASH_STYLE"   Name="dashStyle" />
            <Field Type="FLOAT"             Name="dashOffset" />
        </Variable>
        <Variable Name="CONST D2D1_STROKE_STYLE_PROPERTIES*" Type="Pointer" Base="D2D1_STROKE_STYLE_PROPERTIES" />

        <!-- D2D1_FILL_MODE -->
        <Variable Name="D2D1_FILL_MODE" Type="Alias" Base="UINT">
            <Enum>
                <Set Name="D2D1_FILL_MODE_ALTERNATE"    Value="0" />
                <Set Name="D2D1_FILL_MODE_WINDING"      Value="1" />
            </Enum>
        </Variable>

        <!-- D2D1_PRESENT_OPTIONS -->
        <Variable Name="D2D1_PRESENT_OPTIONS" Type="Alias" Base="UINT">
            <Flag>
                <Set Name="D2D1_PRESENT_OPTIONS_NONE"               Value="0x00000000" />
                <Set Name="D2D1_PRESENT_OPTIONS_RETAIN_CONTENTS"    Value="0x00000001" />
                <Set Name="D2D1_PRESENT_OPTIONS_IMMEDIATELY"        Value="0x00000002" />
            </Flag>
        </Variable>

        <!-- D2D1_PATH_SEGMENT -->
        <Variable Name="D2D1_PATH_SEGMENT" Type="Alias" Base="UINT">
            <Flag>
                <Set Name="D2D1_PATH_SEGMENT_NONE"                      Value="0x00000000" />
                <Set Name="D2D1_PATH_SEGMENT_FORCE_UNSTROKED"           Value="0x00000001" />
                <Set Name="D2D1_PATH_SEGMENT_FORCE_ROUND_LINE_JOIN"     Value="0x00000002" />
            </Flag>
        </Variable>

        <!-- D2D1_HWND_RENDER_TARGET_PROPERTIES -->
        <Variable Name="D2D1_HWND_RENDER_TARGET_PROPERTIES" Type="Struct">
            <Field Type="HWND"                  Name="hwnd" />
            <Field Type="D2D1_SIZE_U"           Name="pixelSize" />
            <Field Type="D2D1_PRESENT_OPTIONS"  Name="presentOptions" />
        </Variable>
        <Variable Name="CONST D2D1_HWND_RENDER_TARGET_PROPERTIES*" Type="Pointer" Base="D2D1_HWND_RENDER_TARGET_PROPERTIES" />

        <!-- D2D1_FIGURE_BEGIN -->
        <Variable Name="D2D1_FIGURE_BEGIN" Type="Alias" Base="DWORD">
            <Flag>
                <Set Name="D2D1_FIGURE_BEGIN_FILLED"    Value="0" />
                <Set Name="D2D1_FIGURE_BEGIN_HOLLOW"    Value="1" />
            </Flag>
        </Variable>

        <!-- D2D1_FIGURE_END -->
        <Variable Name="D2D1_FIGURE_END" Type="Alias" Base="UINT">
            <Enum>
                <Set Name="D2D1_FIGURE_END_OPEN"        Value="0" />
                <Set Name="D2D1_FIGURE_END_CLOSED"      Value="1" />
            </Enum>
        </Variable>

        <!-- D2D1_BEZIER_SEGMENT -->
        <Variable Name="D2D1_BEZIER_SEGMENT" Type="Struct">
            <Field Type="D2D1_POINT_2F"     Name="point1" />
            <Field Type="D2D1_POINT_2F"     Name="point2" />
            <Field Type="D2D1_POINT_2F"     Name="point3" />
        </Variable>
        <Variable Name="CONST D2D1_BEZIER_SEGMENT*" Type="Pointer" Base="D2D1_BEZIER_SEGMENT" />

        <!-- D2D1_QUADRATIC_BEZIER_SEGMENT -->
        <Variable Name="D2D1_QUADRATIC_BEZIER_SEGMENT" Type="Struct">
            <Field Type="D2D1_POINT_2F"     Name="point1" />
            <Field Type="D2D1_POINT_2F"     Name="point2" />
        </Variable>
        <Variable Name="CONST D2D1_QUADRATIC_BEZIER_SEGMENT*" Type="Pointer" Base="D2D1_QUADRATIC_BEZIER_SEGMENT" />

        <!-- D2D1_SWEEP_DIRECTION -->
        <Variable Name="D2D1_SWEEP_DIRECTION" Type="Alias" Base="UINT">
            <Enum>
                <Set Name="D2D1_SWEEP_DIRECTION_COUNTER_CLOCKWISE"      Value="0" />
                <Set Name="D2D1_SWEEP_DIRECTION_CLOCKWISE"              Value="1" />
            </Enum>
        </Variable>

        <!-- D2D1_ARC_SIZE -->
        <Variable Name="D2D1_ARC_SIZE" Type="Alias" Base="UINT">
            <Enum>
                <Set Name="D2D1_ARC_SIZE_SMALL"     Value="0" />
                <Set Name="D2D1_ARC_SIZE_LARGE"     Value="1" />
            </Enum>
        </Variable>

        <!-- D2D1_ARC_SEGMENT -->
        <Variable Name="D2D1_ARC_SEGMENT" Type="Struct">
            <Field Type="D2D1_POINT_2F"         Name="point" />
            <Field Type="D2D1_SIZE_F"           Name="size" />
            <Field Type="FLOAT"                 Name="rotationAngle" />
            <Field Type="D2D1_SWEEP_DIRECTION"  Name="sweepDirection" />
            <Field Type="D2D1_ARC_SIZE"         Name="arcSize" />
        </Variable>
        <Variable Name="CONST D2D1_ARC_SEGMENT*" Type="Pointer" Base="D2D1_ARC_SEGMENT" />

        <!-- D2D1_WINDOW_STATE -->
        <Variable Name="D2D1_WINDOW_STATE" Type="Alias" Base="UINT">
            <Flag>
                <Set Name="D2D1_WINDOW_STATE_NONE"      Value="0x0000000" />
                <Set Name="D2D1_WINDOW_STATE_OCCLUDED"  Value="0x0000001" />
            </Flag>
        </Variable>

        <!-- D2D1_TRIANGLE -->
        <Variable Name="D2D1_TRIANGLE" Type="Struct">
            <Field Type="D2D1_POINT_2F"     Name="point1" />
            <Field Type="D2D1_POINT_2F"     Name="point2" />
            <Field Type="D2D1_POINT_2F"     Name="point3" />
        </Variable>
        <Variable Name="CONST D2D1_TRIANGLE*"   Type="Pointer" Base="D2D1_TRIANGLE" />

        <!-- D2D1_COMPATIBLE_RENDER_TARGET_OPTIONS -->
        <Variable Name="D2D1_COMPATIBLE_RENDER_TARGET_OPTIONS" Type="Alias" Base="UINT">
            <Flag>
                <Set Name="D2D1_COMPATIBLE_RENDER_TARGET_OPTIONS_NONE"              Value="0x00000000" />
                <Set Name="D2D1_COMPATIBLE_RENDER_TARGET_OPTIONS_GDI_COMPATIBLE"    Value="0x00000001" />
            </Flag>
        </Variable>

        <!-- D2D1_DC_INITIALIZE_MODE -->
        <Variable Name="D2D1_DC_INITIALIZE_MODE" Type="Alias" Base="UINT">
            <Enum>
                <Set Name="D2D1_DC_INITIALIZE_MODE_COPY"    Value="0" />
                <Set Name="D2D1_DC_INITIALIZE_MODE_CLEAR"   Value="1" />
            </Enum>
        </Variable>

        <!-- D2D1_DRAW_TEXT_OPTIONS -->
        <Variable Name="D2D1_DRAW_TEXT_OPTIONS" Type="Alias" Base="UINT">
            <Flag>
                <Set Name="D2D1_DRAW_TEXT_OPTIONS_NO_SNAP"  Value="0x00000001" />
                <Set Name="D2D1_DRAW_TEXT_OPTIONS_CLIP"     Value="0x00000002" />
                <Set Name="D2D1_DRAW_TEXT_OPTIONS_NONE"     Value="0x00000000" />
            </Flag>
        </Variable>

        <!-- API -->
        <Api Name="D2D1CreateFactory" Ordinal="1">
            <Param Type="D2D1_FACTORY_TYPE" Name="factoryType" />
            <Param Type="REFIID" Name="riid" />
            <Param Type="CONST D2D1_FACTORY_OPTIONS*" Name="pFactoryOptions" />
            <Param Type="void**" Name="ppIFactory" InterfaceId="riid" />
            <Return Type="[D2D_HRESULT]" />
        </Api>
        <Api Name="D2D1MakeRotateMatrix" Ordinal="2">
            <Param Type="FLOAT" Name="angle" />
            <Param Type="D2D1_POINT_2F" Name="center" />
            <Param Type="D2D1_MATRIX_3X2_F*" Name="matrix" />
            <Return Type="void" />
        </Api>
        <Api Name="D2D1MakeSkewMatrix" Ordinal="3">
            <Param Type="FLOAT" Name="angleX" />
            <Param Type="FLOAT" Name="angleY" />
            <Param Type="D2D1_POINT_2F" Name="center" />
            <Param Type="D2D1_MATRIX_3X2_F*" Name="matrix" />
            <Return Type="void" />
        </Api>
        <Api Name="D2D1IsMatrixInvertible" Ordinal="4">
            <Param Type="CONST D2D1_MATRIX_3X2_F*" Name="matrix" />
            <Return Type="BOOL" />
            <Success Return="NotEqual" Value="0" />
        </Api>
        <Api Name="D2D1InvertMatrix" Ordinal="5">
            <Param Type="D2D1_MATRIX_3X2_F*" Name="matrix" />
            <Return Type="BOOL" />
            <Success Return="NotEqual" Value="0" />
        </Api>
    </Module>
</ApiMonitor>