<!--
    API Monitor Definitions
    (c) 2011, Rohitab Batra <rohitab@rohitab.com>
    http://www.rohitab.com/apimonitor/
-->
<ApiMonitor>
    <Include Filename="Interfaces\Direct2D\ID2D1Resource.xml" />
    <Interface Name="ID2D1GradientStopCollection" Id="{2cd906a7-12e2-11dc-9fed-001143a055f9}" BaseInterface="ID2D1Resource" OnlineHelp="MSDN" ErrorFunc="HRESULT" Category="DirectX Graphics and Gaming/Direct2D">
        <!-- Variables -->
        <!-- Methods -->
        <Api Name="GetGradientStopCount">
            <Return Type="UINT32" />
            <Success Return="NotEqual" Value="0" />
        </Api>
        <Api Name="GetGradientStops">
            <Param Type="D2D1_GRADIENT_STOP*" Name="gradientStops" PostCount="gradientStopsCount" />
            <Param Type="UINT" Name="gradientStopsCount" />
            <Return Type="void" />
        </Api>
        <Api Name="GetColorInterpolationGamma">
            <Return Type="D2D1_GAMMA" />
        </Api>
        <Api Name="GetExtendMode">
            <Return Type="D2D1_EXTEND_MODE" />
        </Api>
    </Interface>
</ApiMonitor>
