<!--
    API Monitor Definitions
    (c) 2011, Rohitab Batra <rohitab@rohitab.com>
    http://www.rohitab.com/apimonitor/
-->
<ApiMonitor>
    <Include Filename="Interfaces\Direct2D\ID2D1Brush.xml" />
    <Interface Name="ID2D1BitmapBrush" Id="{2cd906aa-12e2-11dc-9fed-001143a055f9}" BaseInterface="ID2D1Brush" OnlineHelp="MSDN" ErrorFunc="HRESULT" Category="DirectX Graphics and Gaming/Direct2D">
        <!-- Variables -->
        <!-- Methods -->
        <Api Name="SetExtendModeX">
            <Param Type="D2D1_EXTEND_MODE" Name="extendModeX" />
            <Return Type="void" />
        </Api>
        <Api Name="SetExtendModeY">
            <Param Type="D2D1_EXTEND_MODE" Name="extendModeY" />
            <Return Type="void" />
        </Api>
        <Api Name="SetInterpolationMode">
            <Param Type="D2D1_BITMAP_INTERPOLATION_MODE" Name="interpolationMode" />
            <Return Type="void" />
        </Api>
        <Api Name="SetBitmap">
            <Param Type="ID2D1Bitmap*" Name="bitmap" />
            <Return Type="void" />
        </Api>
        <Api Name="GetExtendModeX">
            <Return Type="D2D1_EXTEND_MODE" />
        </Api>
        <Api Name="GetExtendModeY">
            <Return Type="D2D1_EXTEND_MODE" />
        </Api>
        <Api Name="GetInterpolationMode">
            <Return Type="D2D1_BITMAP_INTERPOLATION_MODE" />
        </Api>
        <Api Name="GetBitmap">
            <Param Type="ID2D1Bitmap**" Name="bitmap" />
            <Return Type="void" />
        </Api>
    </Interface>
</ApiMonitor>
