<!--
    API Monitor Definitions
    (c) 2011, Rohitab Batra <rohitab@rohitab.com>
    http://www.rohitab.com/apimonitor/
-->
<ApiMonitor>
    <Include Filename="Interfaces\Direct2D\ID2D1Brush.xml" />
    <Interface Name="ID2D1SolidColorBrush" Id="{2cd906a9-12e2-11dc-9fed-001143a055f9}" BaseInterface="ID2D1Brush" OnlineHelp="MSDN" ErrorFunc="HRESULT" Category="DirectX Graphics and Gaming/Direct2D">
        <!-- Variables -->
        <!-- Methods -->
        <Api Name="SetColor">
            <Param Type="CONST D2D1_COLOR_F*" Name="color" />
            <Return Type="void" />
        </Api>
        <Api Name="GetColor">
            <Return Type="D2D1_COLOR_F" />
        </Api>
    </Interface>
</ApiMonitor>
