<!--
    API Monitor Definitions
    (c) 2011, Rohitab Batra <rohitab@rohitab.com>
    http://www.rohitab.com/apimonitor/
-->
<ApiMonitor>
    <Include Filename="Interfaces\Direct2D\ID2D1Resource.xml" />
    <Interface Name="ID2D1Brush" Id="{2cd906a8-12e2-11dc-9fed-001143a055f9}" BaseInterface="ID2D1Resource" OnlineHelp="MSDN" ErrorFunc="HRESULT" Category="DirectX Graphics and Gaming/Direct2D">
        <!-- Variables -->
        <!-- Methods -->
        <Api Name="SetOpacity">
            <Param Type="FLOAT" Name="opacity" />
            <Return Type="void" />
        </Api>
        <Api Name="SetTransform">
            <Param Type="CONST D2D1_MATRIX_3X2_F*" Name="transform" />
            <Return Type="void" />
        </Api>
        <Api Name="GetOpacity">
            <Return Type="FLOAT" />
        </Api>
        <Api Name="GetTransform">
            <Param Type="D2D1_MATRIX_3X2_F*" Name="transform" />
            <Return Type="void" />
        </Api>
    </Interface>
</ApiMonitor>
