<!--
    API Monitor Definitions
    (c) 2011, Rohitab Batra <rohitab@rohitab.com>
    http://www.rohitab.com/apimonitor/
-->
<ApiMonitor>
    <Include Filename="Interfaces\IUnknown.xml" />
    <Interface Name="ID2D1TessellationSink" Id="{2cd906c1-12e2-11dc-9fed-001143a055f9}" BaseInterface="IUnknown" OnlineHelp="MSDN" ErrorFunc="HRESULT" Category="DirectX Graphics and Gaming/Direct2D">
        <!-- Variables -->
        <!-- Methods -->
        <Api Name="AddTriangles">
            <Param Type="CONST D2D1_TRIANGLE*" Name="triangles" />
            <Param Type="UINT" Name="trianglesCount" />
            <Return Type="void" />
        </Api>
        <Api Name="Close">
            <Return Type="[D2D_HRESULT]" />
        </Api>
    </Interface>
</ApiMonitor>
