<!--
    API Monitor Definitions
    (c) 2011, Rohitab Batra <rohitab@rohitab.com>
    http://www.rohitab.com/apimonitor/
-->
<ApiMonitor>
    <Include Filename="Interfaces\Direct2D\ID2D1Resource.xml" />
    <Interface Name="ID2D1Geometry" Id="{2cd906a1-12e2-11dc-9fed-001143a055f9}" BaseInterface="ID2D1Resource" OnlineHelp="MSDN" ErrorFunc="HRESULT" Category="DirectX Graphics and Gaming/Direct2D">
        <!-- Variables -->
        <!-- Methods -->
        <Api Name="GetBounds">
            <Param Type="CONST D2D1_MATRIX_3X2_F*" Name="worldTransform" />
            <Param Type="D2D1_RECT_F*" Name="bounds" />
            <Return Type="[D2D_HRESULT]" />
        </Api>
        <Api Name="GetWidenedBounds">
            <Param Type="FLOAT" Name="strokeWidth" />
            <Param Type="ID2D1StrokeStyle*" Name="strokeStyle" />
            <Param Type="CONST D2D1_MATRIX_3X2_F*" Name="worldTransform" />
            <Param Type="FLOAT" Name="flatteningTolerance" />
            <Param Type="D2D1_RECT_F*" Name="bounds" />
            <Return Type="[D2D_HRESULT]" />
        </Api>
        <Api Name="StrokeContainsPoint">
            <Param Type="D2D1_POINT_2F" Name="point" />
            <Param Type="FLOAT" Name="strokeWidth" />
            <Param Type="ID2D1StrokeStyle*" Name="strokeStyle" />
            <Param Type="CONST D2D1_MATRIX_3X2_F*" Name="worldTransform" />
            <Param Type="FLOAT" Name="flatteningTolerance" />
            <Param Type="BOOL*" Name="contains" />
            <Return Type="[D2D_HRESULT]" />
        </Api>
        <Api Name="FillContainsPoint">
            <Param Type="D2D1_POINT_2F" Name="point" />
            <Param Type="CONST D2D1_MATRIX_3X2_F*" Name="worldTransform" />
            <Param Type="FLOAT" Name="flatteningTolerance" />
            <Param Type="BOOL*" Name="contains" />
            <Return Type="[D2D_HRESULT]" />
        </Api>
        <Api Name="CompareWithGeometry">
            <Param Type="ID2D1Geometry*" Name="inputGeometry" />
            <Param Type="CONST D2D1_MATRIX_3X2_F*" Name="inputGeometryTransform" />
            <Param Type="FLOAT" Name="flatteningTolerance" />
            <Param Type="D2D1_GEOMETRY_RELATION*" Name="relation" />
            <Return Type="[D2D_HRESULT]" />
        </Api>
        <Api Name="Simplify">
            <Param Type="D2D1_GEOMETRY_SIMPLIFICATION_OPTION" Name="simplificationOption" />
            <Param Type="CONST D2D1_MATRIX_3X2_F*" Name="worldTransform" />
            <Param Type="FLOAT" Name="flatteningTolerance" />
            <Param Type="ID2D1SimplifiedGeometrySink*" Name="geometrySink" />
            <Return Type="[D2D_HRESULT]" />
        </Api>
        <Api Name="Tessellate">
            <Param Type="CONST D2D1_MATRIX_3X2_F*" Name="worldTransform" />
            <Param Type="FLOAT" Name="flatteningTolerance" />
            <Param Type="ID2D1TessellationSink*" Name="tessellationSink" />
            <Return Type="[D2D_HRESULT]" />
        </Api>
        <Api Name="CombineWithGeometry">
            <Param Type="ID2D1Geometry*" Name="inputGeometry" />
            <Param Type="D2D1_COMBINE_MODE" Name="combineMode" />
            <Param Type="CONST D2D1_MATRIX_3X2_F*" Name="inputGeometryTransform" />
            <Param Type="FLOAT" Name="flatteningTolerance" />
            <Param Type="ID2D1SimplifiedGeometrySink*" Name="geometrySink" />
            <Return Type="[D2D_HRESULT]" />
        </Api>
        <Api Name="Outline">
            <Param Type="CONST D2D1_MATRIX_3X2_F*" Name="worldTransform" />
            <Param Type="FLOAT" Name="flatteningTolerance" />
            <Param Type="ID2D1SimplifiedGeometrySink*" Name="geometrySink" />
            <Return Type="[D2D_HRESULT]" />
        </Api>
        <Api Name="ComputeArea">
            <Param Type="CONST D2D1_MATRIX_3X2_F*" Name="worldTransform" />
            <Param Type="FLOAT" Name="flatteningTolerance" />
            <Param Type="FLOAT*" Name="area" />
            <Return Type="[D2D_HRESULT]" />
        </Api>
        <Api Name="ComputeLength">
            <Param Type="CONST D2D1_MATRIX_3X2_F*" Name="worldTransform" />
            <Param Type="FLOAT" Name="flatteningTolerance" />
            <Param Type="FLOAT*" Name="length" />
            <Return Type="[D2D_HRESULT]" />
        </Api>
        <Api Name="ComputePointAtLength">
            <Param Type="FLOAT" Name="length" />
            <Param Type="CONST D2D1_MATRIX_3X2_F*" Name="worldTransform" />
            <Param Type="FLOAT" Name="flatteningTolerance" />
            <Param Type="D2D1_POINT_2F*" Name="point" />
            <Param Type="D2D1_POINT_2F*" Name="unitTangentVector" />
            <Return Type="[D2D_HRESULT]" />
        </Api>
        <Api Name="Widen">
            <Param Type="FLOAT" Name="strokeWidth" />
            <Param Type="ID2D1StrokeStyle*" Name="strokeStyle" />
            <Param Type="CONST D2D1_MATRIX_3X2_F*" Name="worldTransform" />
            <Param Type="FLOAT" Name="flatteningTolerance" />
            <Param Type="ID2D1SimplifiedGeometrySink*" Name="geometrySink" />
            <Return Type="[D2D_HRESULT]" />
        </Api>
    </Interface>
</ApiMonitor>
