<!--
    API Monitor Definitions
    (c) 2011, Rohitab Batra <rohitab@rohitab.com>
    http://www.rohitab.com/apimonitor/
-->
<ApiMonitor>
    <Include Filename="Interfaces\Direct2D\ID2D1SimplifiedGeometrySink.xml" />
    <Interface Name="ID2D1GeometrySink" Id="{2cd9069f-12e2-11dc-9fed-001143a055f9}" BaseInterface="ID2D1SimplifiedGeometrySink" OnlineHelp="MSDN" ErrorFunc="HRESULT" Category="DirectX Graphics and Gaming/Direct2D">
        <!-- Variables -->
        <!-- Methods -->
        <Api Name="AddLine">
            <Param Type="D2D1_POINT_2F" Name="point" />
            <Return Type="void" />
        </Api>
        <Api Name="AddBezier">
            <Param Type="CONST D2D1_BEZIER_SEGMENT*" Name="bezier" />
            <Return Type="void" />
        </Api>
        <Api Name="AddQuadraticBezier">
            <Param Type="CONST D2D1_QUADRATIC_BEZIER_SEGMENT*" Name="bezier" />
            <Return Type="void" />
        </Api>
        <Api Name="AddQuadraticBeziers">
            <Param Type="CONST D2D1_QUADRATIC_BEZIER_SEGMENT*" Name="beziers" />
            <Param Type="UINT" Name="beziersCount" />
            <Return Type="void" />
        </Api>
        <Api Name="AddArc">
            <Param Type="CONST D2D1_ARC_SEGMENT*" Name="arc" />
            <Return Type="void" />
        </Api>
    </Interface>
</ApiMonitor>
