<!--
    API Monitor Definitions
    (c) 2011, Rohitab Batra <rohitab@rohitab.com>
    http://www.rohitab.com/apimonitor/
-->
<ApiMonitor>
    <Include Filename="Interfaces\Direct2D\ID2D1Resource.xml" />
    <Interface Name="ID2D1Bitmap" Id="{a2296057-ea42-4099-983b-539fb6505426}" BaseInterface="ID2D1Resource" OnlineHelp="MSDN" ErrorFunc="HRESULT" Category="DirectX Graphics and Gaming/Direct2D">
        <!-- Variables -->
        <!-- Methods -->
        <Api Name="GetSize">
            <Return Type="D2D1_SIZE_F" />
        </Api>
        <Api Name="GetPixelSize">
            <Return Type="D2D1_SIZE_U" />
        </Api>
        <Api Name="GetPixelFormat">
            <Return Type="D2D1_PIXEL_FORMAT" />
        </Api>
        <Api Name="GetDpi">
            <Param Type="FLOAT*" Name="dpiX" />
            <Param Type="FLOAT*" Name="dpiY" />
            <Return Type="void" />
        </Api>
        <Api Name="CopyFromBitmap">
            <Param Type="CONST D2D1_POINT_2U*" Name="destPoint" />
            <Param Type="ID2D1Bitmap*" Name="bitmap" />
            <Param Type="CONST D2D1_RECT_U*" Name="srcRect" />
            <Return Type="[D2D_HRESULT]" />
        </Api>
        <Api Name="CopyFromRenderTarget">
            <Param Type="CONST D2D1_POINT_2U*" Name="destPoint" />
            <Param Type="ID2D1RenderTarget*" Name="renderTarget" />
            <Param Type="CONST D2D1_RECT_U*" Name="srcRect" />
            <Return Type="[D2D_HRESULT]" />
        </Api>
        <Api Name="CopyFromMemory">
            <Param Type="CONST D2D1_RECT_U*" Name="dstRect" />
            <Param Type="CONST void*" Name="srcData" />
            <Param Type="UINT32" Name="pitch" />
            <Return Type="[D2D_HRESULT]" />
        </Api>
    </Interface>
</ApiMonitor>
