<!--
    API Monitor Definitions
    (c) 2011, Rohitab Batra <rohitab@rohitab.com>
    http://www.rohitab.com/apimonitor/
-->
<ApiMonitor>
    <Include Filename="Interfaces\Direct2D\ID2D1RenderTarget.xml" />
    <Interface Name="ID2D1HwndRenderTarget" Id="{2cd90698-12e2-11dc-9fed-001143a055f9}" BaseInterface="ID2D1RenderTarget" OnlineHelp="MSDN" ErrorFunc="HRESULT" Category="DirectX Graphics and Gaming/Direct2D">
        <!-- Variables -->
        <!-- Methods -->
        <Api Name="CheckWindowState">
            <Return Type="D2D1_WINDOW_STATE" />
        </Api>
        <Api Name="Resize">
            <Param Type="CONST D2D1_SIZE_U*" Name="pixelSize" />
            <Return Type="[D2D_HRESULT]" />
        </Api>
        <Api Name="GetHwnd">
            <Return Type="HWND" />
            <Success Return="NotEqual" Value="0" />
        </Api>
    </Interface>
</ApiMonitor>
