<!--
    API Monitor Definitions
    (c) 2011, Rohitab Batra <rohitab@rohitab.com>
    http://www.rohitab.com/apimonitor/
-->
<ApiMonitor>
    <Include Filename="Interfaces\Direct2D\ID2D1Resource.xml" />
    <Interface Name="ID2D1DrawingStateBlock" Id="{28506e39-ebf6-46a1-bb47-fd85565ab957}" BaseInterface="ID2D1Resource" OnlineHelp="MSDN" ErrorFunc="HRESULT" Category="DirectX Graphics and Gaming/Direct2D">
        <!-- Variables -->
        <!-- Methods -->
        <Api Name="GetDescription">
            <Param Type="D2D1_DRAWING_STATE_DESCRIPTION*" Name="stateDescription" />
            <Return Type="void" />
        </Api>
        <Api Name="SetDescription">
            <Param Type="CONST D2D1_DRAWING_STATE_DESCRIPTION*" Name="stateDescription" />
            <Return Type="void" />
        </Api>
        <Api Name="SetTextRenderingParams">
            <Param Type="IDWriteRenderingParams*" Name="textRenderingParams" />
            <Return Type="void" />
        </Api>
        <Api Name="GetTextRenderingParams">
            <Param Type="IDWriteRenderingParams**" Name="textRenderingParams" />
            <Return Type="void" />
        </Api>
    </Interface>
</ApiMonitor>
