<!--
    API Monitor Definitions
    (c) 2011, Rohitab Batra <rohitab@rohitab.com>
    http://www.rohitab.com/apimonitor/
-->
<ApiMonitor>
    <Include Filename="Interfaces\Direct2D\ID2D1Geometry.xml" />
    <Interface Name="ID2D1GeometryGroup" Id="{2cd906a6-12e2-11dc-9fed-001143a055f9}" BaseInterface="ID2D1Geometry" OnlineHelp="MSDN" ErrorFunc="HRESULT" Category="DirectX Graphics and Gaming/Direct2D">
        <!-- Variables -->
        <!-- Methods -->
        <Api Name="GetFillMode">
            <Return Type="D2D1_FILL_MODE" />
        </Api>
        <Api Name="GetSourceGeometryCount">
            <Return Type="UINT32" />
            <Success Return="NotEqual" Value="0" />
        </Api>
        <Api Name="GetSourceGeometries">
            <Param Type="ID2D1Geometry**" Name="geometries" />
            <Param Type="UINT" Name="geometriesCount" />
            <Return Type="void" />
        </Api>
    </Interface>
</ApiMonitor>
