<!--
    API Monitor Definitions
    (c) 2011, Rohitab Batra <rohitab@rohitab.com>
    http://www.rohitab.com/apimonitor/
-->
<ApiMonitor>
    <Include Filename="Interfaces\IUnknown.xml" />
    <Interface Name="ID2D1Factory" Id="{06152247-6f50-465a-9245-118bfd3b6007}" BaseInterface="IUnknown" OnlineHelp="MSDN" ErrorFunc="HRESULT" Category="DirectX Graphics and Gaming/Direct2D">
        <!-- Variables -->
        <!-- Methods -->
        <Api Name="ReloadSystemMetrics">
            <Return Type="[D2D_HRESULT]" />
        </Api>
        <Api Name="GetDesktopDpi">
            <Param Type="FLOAT*" Name="dpiX" />
            <Param Type="FLOAT*" Name="dpiY" />
            <Return Type="void" />
        </Api>
        <Api Name="CreateRectangleGeometry">
            <Param Type="CONST D2D1_RECT_F*" Name="rectangle" />
            <Param Type="ID2D1RectangleGeometry**" Name="rectangleGeometry" />
            <Return Type="[D2D_HRESULT]" />
        </Api>
        <Api Name="CreateRoundedRectangleGeometry">
            <Param Type="CONST D2D1_ROUNDED_RECT*" Name="roundedRectangle" />
            <Param Type="ID2D1RoundedRectangleGeometry**" Name="roundedRectangleGeometry" />
            <Return Type="[D2D_HRESULT]" />
        </Api>
        <Api Name="CreateEllipseGeometry">
            <Param Type="CONST D2D1_ELLIPSE*" Name="ellipse" />
            <Param Type="ID2D1EllipseGeometry**" Name="ellipseGeometry" />
            <Return Type="[D2D_HRESULT]" />
        </Api>
        <Api Name="CreateGeometryGroup">
            <Param Type="D2D1_FILL_MODE" Name="fillMode" />
            <Param Type="ID2D1Geometry**" Name="geometries" />
            <Param Type="UINT" Name="geometriesCount" />
            <Param Type="ID2D1GeometryGroup**" Name="geometryGroup" />
            <Return Type="[D2D_HRESULT]" />
        </Api>
        <Api Name="CreateTransformedGeometry">
            <Param Type="ID2D1Geometry*" Name="sourceGeometry" />
            <Param Type="CONST D2D1_MATRIX_3X2_F*" Name="transform" />
            <Param Type="ID2D1TransformedGeometry**" Name="transformedGeometry" />
            <Return Type="[D2D_HRESULT]" />
        </Api>
        <Api Name="CreatePathGeometry">
            <Param Type="ID2D1PathGeometry**" Name="pathGeometry" />
            <Return Type="[D2D_HRESULT]" />
        </Api>
        <Api Name="CreateStrokeStyle">
            <Param Type="CONST D2D1_STROKE_STYLE_PROPERTIES*" Name="strokeStyleProperties" />
            <Param Type="CONST FLOAT*" Name="dashes" />
            <Param Type="UINT" Name="dashesCount" />
            <Param Type="ID2D1StrokeStyle**" Name="strokeStyle" />
            <Return Type="[D2D_HRESULT]" />
        </Api>
        <Api Name="CreateDrawingStateBlock">
            <Param Type="CONST D2D1_DRAWING_STATE_DESCRIPTION*" Name="drawingStateDescription" />
            <Param Type="IDWriteRenderingParams*" Name="textRenderingParams" />
            <Param Type="ID2D1DrawingStateBlock**" Name="drawingStateBlock" />
            <Return Type="[D2D_HRESULT]" />
        </Api>
        <Api Name="CreateWicBitmapRenderTarget">
            <Param Type="IWICBitmap*" Name="target" />
            <Param Type="CONST D2D1_RENDER_TARGET_PROPERTIES*" Name="renderTargetProperties" />
            <Param Type="ID2D1RenderTarget**" Name="renderTarget" />
            <Return Type="[D2D_HRESULT]" />
        </Api>
        <Api Name="CreateHwndRenderTarget">
            <Param Type="CONST D2D1_RENDER_TARGET_PROPERTIES*" Name="renderTargetProperties" />
            <Param Type="CONST D2D1_HWND_RENDER_TARGET_PROPERTIES*" Name="hwndRenderTargetProperties" />
            <Param Type="ID2D1HwndRenderTarget**" Name="hwndRenderTarget" />
            <Return Type="[D2D_HRESULT]" />
        </Api>
        <Api Name="CreateDxgiSurfaceRenderTarget">
            <Param Type="IDXGISurface*" Name="dxgiSurface" />
            <Param Type="CONST D2D1_RENDER_TARGET_PROPERTIES*" Name="renderTargetProperties" />
            <Param Type="ID2D1RenderTarget**" Name="renderTarget" />
            <Return Type="[D2D_HRESULT]" />
        </Api>
        <Api Name="CreateDCRenderTarget">
            <Param Type="CONST D2D1_RENDER_TARGET_PROPERTIES*" Name="renderTargetProperties" />
            <Param Type="ID2D1DCRenderTarget**" Name="dcRenderTarget" />
            <Return Type="[D2D_HRESULT]" />
        </Api>
    </Interface>
</ApiMonitor>
