<!--
    API Monitor Definitions
    (c) 2011, Rohitab Batra <rohitab@rohitab.com>
    http://www.rohitab.com/apimonitor/
-->
<ApiMonitor>
    <Include Filename="Interfaces\Direct2D\ID2D1Resource.xml" />
    <Interface Name="ID2D1StrokeStyle" Id="{2cd9069d-12e2-11dc-9fed-001143a055f9}" BaseInterface="ID2D1Resource" OnlineHelp="MSDN" ErrorFunc="HRESULT" Category="DirectX Graphics and Gaming/Direct2D">
        <!-- Variables -->
        <!-- Methods -->
        <Api Name="GetStartCap">
            <Return Type="D2D1_CAP_STYLE" />
        </Api>
        <Api Name="GetEndCap">
            <Return Type="D2D1_CAP_STYLE" />
        </Api>
        <Api Name="GetDashCap">
            <Return Type="D2D1_CAP_STYLE" />
        </Api>
        <Api Name="GetMiterLimit">
            <Return Type="FLOAT" />
        </Api>
        <Api Name="GetLineJoin">
            <Return Type="D2D1_LINE_JOIN" />
        </Api>
        <Api Name="GetDashOffset">
            <Return Type="FLOAT" />
        </Api>
        <Api Name="GetDashStyle">
            <Return Type="D2D1_DASH_STYLE" />
        </Api>
        <Api Name="GetDashesCount">
            <Return Type="UINT32" />
            <Success Return="NotEqual" Value="0" />
        </Api>
        <Api Name="GetDashes">
            <Param Type="FLOAT*" Name="dashes" />
            <Param Type="UINT" Name="dashesCount" />
            <Return Type="void" />
        </Api>
    </Interface>
</ApiMonitor>
