<!--
    API Monitor Definitions
    (c) 2011, Rohitab Batra <rohitab@rohitab.com>
    http://www.rohitab.com/apimonitor/
-->
<ApiMonitor>
    <Include Filename="Interfaces\Direct2D\ID2D1Geometry.xml" />
    <Interface Name="ID2D1PathGeometry" Id="{2cd906a5-12e2-11dc-9fed-001143a055f9}" BaseInterface="ID2D1Geometry" OnlineHelp="MSDN" ErrorFunc="HRESULT" Category="DirectX Graphics and Gaming/Direct2D">
        <!-- Variables -->
        <!-- Methods -->
        <Api Name="Open">
            <Param Type="ID2D1GeometrySink**" Name="geometrySink" />
            <Return Type="[D2D_HRESULT]" />
        </Api>
        <Api Name="Stream">
            <Param Type="ID2D1GeometrySink*" Name="geometrySink" />
            <Return Type="[D2D_HRESULT]" />
        </Api>
        <Api Name="GetSegmentCount">
            <Param Type="UINT32*" Name="count" />
            <Return Type="[D2D_HRESULT]" />
        </Api>
        <Api Name="GetFigureCount">
            <Param Type="UINT32*" Name="count" />
            <Return Type="[D2D_HRESULT]" />
        </Api>
    </Interface>
</ApiMonitor>
