<!--
    API Monitor Definitions
    (c) 2011, Rohitab Batra <rohitab@rohitab.com>
    http://www.rohitab.com/apimonitor/
-->
<ApiMonitor>
    <Include Filename="Interfaces\Direct2D\ID2D1Resource.xml" />
    <Interface Name="ID2D1RenderTarget" Id="{2cd90694-12e2-11dc-9fed-001143a055f9}" BaseInterface="ID2D1Resource" OnlineHelp="MSDN" ErrorFunc="HRESULT" Category="DirectX Graphics and Gaming/Direct2D">
        <!-- Variables -->
        <!-- Methods -->
        <Api Name="CreateBitmap">
            <Param Type="D2D1_SIZE_U" Name="size" />
            <Param Type="CONST void*" Name="srcData" />
            <Param Type="UINT32" Name="pitch" />
            <Param Type="CONST D2D1_BITMAP_PROPERTIES*" Name="bitmapProperties" />
            <Param Type="ID2D1Bitmap**" Name="bitmap" />
            <Return Type="[D2D_HRESULT]" />
        </Api>
        <Api Name="CreateBitmapFromWicBitmap">
            <Param Type="IWICBitmapSource*" Name="wicBitmapSource" />
            <Param Type="CONST D2D1_BITMAP_PROPERTIES*" Name="bitmapProperties" />
            <Param Type="ID2D1Bitmap**" Name="bitmap" />
            <Return Type="[D2D_HRESULT]" />
        </Api>
        <Api Name="CreateSharedBitmap">
            <Param Type="REFIID" Name="riid" />
            <Param Type="void*" Name="data" />
            <Param Type="CONST D2D1_BITMAP_PROPERTIES*" Name="bitmapProperties" />
            <Param Type="ID2D1Bitmap**" Name="bitmap" />
            <Return Type="[D2D_HRESULT]" />
        </Api>
        <Api Name="CreateBitmapBrush">
            <Param Type="ID2D1Bitmap*" Name="bitmap" />
            <Param Type="CONST D2D1_BITMAP_BRUSH_PROPERTIES*" Name="bitmapBrushProperties" />
            <Param Type="CONST D2D1_BRUSH_PROPERTIES*" Name="brushProperties" />
            <Param Type="ID2D1BitmapBrush**" Name="bitmapBrush" />
            <Return Type="[D2D_HRESULT]" />
        </Api>
        <Api Name="CreateSolidColorBrush">
            <Param Type="CONST D2D1_COLOR_F*" Name="color" />
            <Param Type="CONST D2D1_BRUSH_PROPERTIES*" Name="brushProperties" />
            <Param Type="ID2D1SolidColorBrush**" Name="solidColorBrush" />
            <Return Type="[D2D_HRESULT]" />
        </Api>
        <Api Name="CreateGradientStopCollection">
            <Param Type="CONST D2D1_GRADIENT_STOP*" Name="gradientStops" Count="gradientStopsCount" />
            <Param Type="UINT" Name="gradientStopsCount" />
            <Param Type="D2D1_GAMMA" Name="colorInterpolationGamma" />
            <Param Type="D2D1_EXTEND_MODE" Name="extendMode" />
            <Param Type="ID2D1GradientStopCollection**" Name="gradientStopCollection" />
            <Return Type="[D2D_HRESULT]" />
        </Api>
        <Api Name="CreateLinearGradientBrush">
            <Param Type="CONST D2D1_LINEAR_GRADIENT_BRUSH_PROPERTIES*" Name="linearGradientBrushProperties" />
            <Param Type="CONST D2D1_BRUSH_PROPERTIES*" Name="brushProperties" />
            <Param Type="ID2D1GradientStopCollection*" Name="gradientStopCollection" />
            <Param Type="ID2D1LinearGradientBrush**" Name="linearGradientBrush" />
            <Return Type="[D2D_HRESULT]" />
        </Api>
        <Api Name="CreateRadialGradientBrush">
            <Param Type="CONST D2D1_RADIAL_GRADIENT_BRUSH_PROPERTIES*" Name="radialGradientBrushProperties" />
            <Param Type="CONST D2D1_BRUSH_PROPERTIES*" Name="brushProperties" />
            <Param Type="ID2D1GradientStopCollection*" Name="gradientStopCollection" />
            <Param Type="ID2D1RadialGradientBrush**" Name="radialGradientBrush" />
            <Return Type="[D2D_HRESULT]" />
        </Api>
        <Api Name="CreateCompatibleRenderTarget">
            <Param Type="CONST D2D1_SIZE_F*" Name="desiredSize" />
            <Param Type="CONST D2D1_SIZE_U*" Name="desiredPixelSize" />
            <Param Type="CONST D2D1_PIXEL_FORMAT*" Name="desiredFormat" />
            <Param Type="D2D1_COMPATIBLE_RENDER_TARGET_OPTIONS" Name="options" />
            <Param Type="ID2D1BitmapRenderTarget**" Name="bitmapRenderTarget" />
            <Return Type="[D2D_HRESULT]" />
        </Api>
        <Api Name="CreateLayer">
            <Param Type="CONST D2D1_SIZE_F*" Name="size" />
            <Param Type="ID2D1Layer**" Name="layer" />
            <Return Type="[D2D_HRESULT]" />
        </Api>
        <Api Name="CreateMesh">
            <Param Type="ID2D1Mesh**" Name="mesh" />
            <Return Type="[D2D_HRESULT]" />
        </Api>
        <Api Name="DrawLine">
            <Param Type="D2D1_POINT_2F" Name="point0" />
            <Param Type="D2D1_POINT_2F" Name="point1" />
            <Param Type="ID2D1Brush*" Name="brush" />
            <Param Type="FLOAT" Name="strokeWidth" />
            <Param Type="ID2D1StrokeStyle*" Name="strokeStyle" />
            <Return Type="void" />
        </Api>
        <Api Name="DrawRectangle">
            <Param Type="CONST D2D1_RECT_F*" Name="rect" />
            <Param Type="ID2D1Brush*" Name="brush" />
            <Param Type="FLOAT" Name="strokeWidth" />
            <Param Type="ID2D1StrokeStyle*" Name="strokeStyle" />
            <Return Type="void" />
        </Api>
        <Api Name="FillRectangle">
            <Param Type="CONST D2D1_RECT_F*" Name="rect" />
            <Param Type="ID2D1Brush*" Name="brush" />
            <Return Type="void" />
        </Api>
        <Api Name="DrawRoundedRectangle">
            <Param Type="CONST D2D1_ROUNDED_RECT*" Name="roundedRect" />
            <Param Type="ID2D1Brush*" Name="brush" />
            <Param Type="FLOAT" Name="strokeWidth" />
            <Param Type="ID2D1StrokeStyle*" Name="strokeStyle" />
            <Return Type="void" />
        </Api>
        <Api Name="FillRoundedRectangle">
            <Param Type="CONST D2D1_ROUNDED_RECT*" Name="roundedRect" />
            <Param Type="ID2D1Brush*" Name="brush" />
            <Return Type="void" />
        </Api>
        <Api Name="DrawEllipse">
            <Param Type="CONST D2D1_ELLIPSE*" Name="ellipse" />
            <Param Type="ID2D1Brush*" Name="brush" />
            <Param Type="FLOAT" Name="strokeWidth" />
            <Param Type="ID2D1StrokeStyle*" Name="strokeStyle" />
            <Return Type="void" />
        </Api>
        <Api Name="FillEllipse">
            <Param Type="CONST D2D1_ELLIPSE*" Name="ellipse" />
            <Param Type="ID2D1Brush*" Name="brush" />
            <Return Type="void" />
        </Api>
        <Api Name="DrawGeometry">
            <Param Type="ID2D1Geometry*" Name="geometry" />
            <Param Type="ID2D1Brush*" Name="brush" />
            <Param Type="FLOAT" Name="strokeWidth" />
            <Param Type="ID2D1StrokeStyle*" Name="strokeStyle" />
            <Return Type="void" />
        </Api>
        <Api Name="FillGeometry">
            <Param Type="ID2D1Geometry*" Name="geometry" />
            <Param Type="ID2D1Brush*" Name="brush" />
            <Param Type="ID2D1Brush*" Name="opacityBrush" />
            <Return Type="void" />
        </Api>
        <Api Name="FillMesh">
            <Param Type="ID2D1Mesh*" Name="mesh" />
            <Param Type="ID2D1Brush*" Name="brush" />
            <Return Type="void" />
        </Api>
        <Api Name="FillOpacityMask">
            <Param Type="ID2D1Bitmap*" Name="opacityMask" />
            <Param Type="ID2D1Brush*" Name="brush" />
            <Param Type="D2D1_OPACITY_MASK_CONTENT" Name="content" />
            <Param Type="CONST D2D1_RECT_F*" Name="destinationRectangle" />
            <Param Type="CONST D2D1_RECT_F*" Name="sourceRectangle" />
            <Return Type="void" />
        </Api>
        <Api Name="DrawBitmap">
            <Param Type="ID2D1Bitmap*" Name="bitmap" />
            <Param Type="CONST D2D1_RECT_F*" Name="destinationRectangle" />
            <Param Type="FLOAT" Name="opacity" />
            <Param Type="D2D1_BITMAP_INTERPOLATION_MODE" Name="interpolationMode" />
            <Param Type="CONST D2D1_RECT_F*" Name="sourceRectangle" />
            <Return Type="void" />
        </Api>
        <Api Name="DrawText">
            <Param Type="CONST WCHAR*" Name="string" />
            <Param Type="UINT" Name="stringLength" />
            <Param Type="IDWriteTextFormat*" Name="textFormat" />
            <Param Type="CONST D2D1_RECT_F*" Name="layoutRect" />
            <Param Type="ID2D1Brush*" Name="defaultForegroundBrush" />
            <Param Type="D2D1_DRAW_TEXT_OPTIONS" Name="options" />
            <Param Type="DWRITE_MEASURING_MODE" Name="measuringMode" />
            <Return Type="void" />
        </Api>
        <Api Name="DrawTextLayout">
            <Param Type="D2D1_POINT_2F" Name="origin" />
            <Param Type="IDWriteTextLayout*" Name="textLayout" />
            <Param Type="ID2D1Brush*" Name="defaultForegroundBrush" />
            <Param Type="D2D1_DRAW_TEXT_OPTIONS" Name="options" />
            <Return Type="void" />
        </Api>
        <Api Name="DrawGlyphRun">
            <Param Type="D2D1_POINT_2F" Name="baselineOrigin" />
            <Param Type="CONST DWRITE_GLYPH_RUN*" Name="glyphRun" />
            <Param Type="ID2D1Brush*" Name="foregroundBrush" />
            <Param Type="DWRITE_MEASURING_MODE" Name="measuringMode" />
            <Return Type="void" />
        </Api>
        <Api Name="SetTransform">
            <Param Type="CONST D2D1_MATRIX_3X2_F*" Name="transform" />
            <Return Type="void" />
        </Api>
        <Api Name="GetTransform">
            <Param Type="D2D1_MATRIX_3X2_F*" Name="transform" />
            <Return Type="void" />
        </Api>
        <Api Name="SetAntialiasMode">
            <Param Type="D2D1_ANTIALIAS_MODE" Name="antialiasMode" />
            <Return Type="void" />
        </Api>
        <Api Name="GetAntialiasMode">
            <Return Type="D2D1_ANTIALIAS_MODE" />
        </Api>
        <Api Name="SetTextAntialiasMode">
            <Param Type="D2D1_TEXT_ANTIALIAS_MODE" Name="textAntialiasMode" />
            <Return Type="void" />
        </Api>
        <Api Name="GetTextAntialiasMode">
            <Return Type="D2D1_TEXT_ANTIALIAS_MODE" />
        </Api>
        <Api Name="SetTextRenderingParams">
            <Param Type="IDWriteRenderingParams*" Name="textRenderingParams" />
            <Return Type="void" />
        </Api>
        <Api Name="GetTextRenderingParams">
            <Param Type="IDWriteRenderingParams**" Name="textRenderingParams" />
            <Return Type="void" />
        </Api>
        <Api Name="SetTags">
            <Param Type="D2D1_TAG" Name="tag1" />
            <Param Type="D2D1_TAG" Name="tag2" />
            <Return Type="void" />
        </Api>
        <Api Name="GetTags">
            <Param Type="D2D1_TAG*" Name="tag1" />
            <Param Type="D2D1_TAG*" Name="tag2" />
            <Return Type="void" />
        </Api>
        <Api Name="PushLayer">
            <Param Type="CONST D2D1_LAYER_PARAMETERS*" Name="layerParameters" />
            <Param Type="ID2D1Layer*" Name="layer" />
            <Return Type="void" />
        </Api>
        <Api Name="PopLayer">
            <Return Type="void" />
        </Api>
        <Api Name="Flush">
            <Param Type="D2D1_TAG*" Name="tag1" />
            <Param Type="D2D1_TAG*" Name="tag2" />
            <Return Type="[D2D_HRESULT]" />
        </Api>
        <Api Name="SaveDrawingState">
            <Param Type="ID2D1DrawingStateBlock*" Name="drawingStateBlock" />
            <Return Type="void" />
        </Api>
        <Api Name="RestoreDrawingState">
            <Param Type="ID2D1DrawingStateBlock*" Name="drawingStateBlock" />
            <Return Type="void" />
        </Api>
        <Api Name="PushAxisAlignedClip">
            <Param Type="CONST D2D1_RECT_F*" Name="clipRect" />
            <Param Type="D2D1_ANTIALIAS_MODE" Name="antialiasMode" />
            <Return Type="void" />
        </Api>
        <Api Name="PopAxisAlignedClip">
            <Return Type="void" />
        </Api>
        <Api Name="Clear">
            <Param Type="CONST D2D1_COLOR_F*" Name="clearColor" />
            <Return Type="void" />
        </Api>
        <Api Name="BeginDraw">
            <Return Type="void" />
        </Api>
        <Api Name="EndDraw">
            <Param Type="D2D1_TAG*" Name="tag1" />
            <Param Type="D2D1_TAG*" Name="tag2" />
            <Return Type="[D2D_HRESULT]" />
        </Api>
        <Api Name="GetPixelFormat">
            <Return Type="D2D1_PIXEL_FORMAT" />
        </Api>
        <Api Name="SetDpi">
            <Param Type="FLOAT" Name="dpiX" />
            <Param Type="FLOAT" Name="dpiY" />
            <Return Type="void" />
        </Api>
        <Api Name="GetDpi">
            <Param Type="FLOAT*" Name="dpiX" />
            <Param Type="FLOAT*" Name="dpiY" />
            <Return Type="void" />
        </Api>
        <Api Name="GetSize">
            <Return Type="D2D1_SIZE_F" />
        </Api>
        <Api Name="GetPixelSize">
            <Return Type="D2D1_SIZE_U" />
        </Api>
        <Api Name="GetMaximumBitmapSize">
            <Return Type="UINT32" />
            <Success Return="NotEqual" Value="0" />
        </Api>
        <Api Name="IsSupported">
            <Param Type="CONST D2D1_RENDER_TARGET_PROPERTIES*" Name="renderTargetProperties" />
            <Return Type="BOOL" />
        </Api>
    </Interface>
</ApiMonitor>
