<!--
    API Monitor Definitions
    (c) 2011, Rohitab Batra <rohitab@rohitab.com>
    http://www.rohitab.com/apimonitor/
-->
<ApiMonitor>
    <Include Filename="Interfaces\IUnknown.xml" />
    <Interface Name="ID2D1GdiInteropRenderTarget" Id="{e0db51c3-6f77-4bae-b3d5-e47509b35838}" BaseInterface="IUnknown" OnlineHelp="MSDN" ErrorFunc="HRESULT" Category="DirectX Graphics and Gaming/Direct2D">
        <!-- Variables -->
        <!-- Methods -->
        <Api Name="GetDC">
            <Param Type="D2D1_DC_INITIALIZE_MODE" Name="mode" />
            <Param Type="HDC*" Name="hdc" />
            <Return Type="[D2D_HRESULT]" />
        </Api>
        <Api Name="ReleaseDC">
            <Param Type="CONST RECT*" Name="update" />
            <Return Type="[D2D_HRESULT]" />
        </Api>
    </Interface>
</ApiMonitor>
