<!--
    API Monitor Definitions
    (c) 2011, Rohitab Batra <rohitab@rohitab.com>
    http://www.rohitab.com/apimonitor/
-->
<ApiMonitor>
    <Include Filename="Interfaces\Direct2D\ID2D1Brush.xml" />
    <Interface Name="ID2D1LinearGradientBrush" Id="{2cd906ab-12e2-11dc-9fed-001143a055f9}" BaseInterface="ID2D1Brush" OnlineHelp="MSDN" ErrorFunc="HRESULT" Category="DirectX Graphics and Gaming/Direct2D">
        <!-- Variables -->
        <!-- Methods -->
        <Api Name="SetStartPoint">
            <Param Type="D2D1_POINT_2F" Name="startPoint" />
            <Return Type="void" />
        </Api>
        <Api Name="SetEndPoint">
            <Param Type="D2D1_POINT_2F" Name="endPoint" />
            <Return Type="void" />
        </Api>
        <Api Name="GetStartPoint">
            <Return Type="D2D1_POINT_2F" />
        </Api>
        <Api Name="GetEndPoint">
            <Return Type="D2D1_POINT_2F" />
        </Api>
        <Api Name="GetGradientStopCollection">
            <Param Type="ID2D1GradientStopCollection**" Name="gradientStopCollection" />
            <Return Type="void" />
        </Api>
    </Interface>
</ApiMonitor>
