<!--
    API Monitor Definitions
    (c) 2011, Rohitab Batra <rohitab@rohitab.com>
    http://www.rohitab.com/apimonitor/
-->
<ApiMonitor>
    <Include Filename="Interfaces\Direct2D\ID2D1Brush.xml" />
    <Interface Name="ID2D1RadialGradientBrush" Id="{2cd906ac-12e2-11dc-9fed-001143a055f9}" BaseInterface="ID2D1Brush" OnlineHelp="MSDN" ErrorFunc="HRESULT" Category="DirectX Graphics and Gaming/Direct2D">
        <!-- Variables -->
        <!-- Methods -->
        <Api Name="SetCenter">
            <Param Type="D2D1_POINT_2F" Name="center" />
            <Return Type="void" />
        </Api>
        <Api Name="SetGradientOriginOffset">
            <Param Type="D2D1_POINT_2F" Name="gradientOriginOffset" />
            <Return Type="void" />
        </Api>
        <Api Name="SetRadiusX">
            <Param Type="FLOAT" Name="radiusX" />
            <Return Type="void" />
        </Api>
        <Api Name="SetRadiusY">
            <Param Type="FLOAT" Name="radiusY" />
            <Return Type="void" />
        </Api>
        <Api Name="GetCenter">
            <Return Type="D2D1_POINT_2F" />
        </Api>
        <Api Name="GetGradientOriginOffset">
            <Return Type="D2D1_POINT_2F" />
        </Api>
        <Api Name="GetRadiusX">
            <Return Type="FLOAT" />
        </Api>
        <Api Name="GetRadiusY">
            <Return Type="FLOAT" />
        </Api>
        <Api Name="GetGradientStopCollection">
            <Param Type="ID2D1GradientStopCollection**" Name="gradientStopCollection" />
            <Return Type="void" />
        </Api>
    </Interface>
</ApiMonitor>
