<!--
    API Monitor Definitions
    (c) 2011, Rohitab Batra <rohitab@rohitab.com>
    http://www.rohitab.com/apimonitor/
-->
<ApiMonitor>
    <Include Filename="Interfaces\IUnknown.xml" />
    <Interface Name="ID2D1SimplifiedGeometrySink" Id="{2cd9069e-12e2-11dc-9fed-001143a055f9}" BaseInterface="IUnknown" OnlineHelp="MSDN" ErrorFunc="HRESULT" Category="DirectX Graphics and Gaming/Direct2D">
        <!-- Variables -->
        <!-- Methods -->
        <Api Name="SetFillMode">
            <Param Type="D2D1_FILL_MODE" Name="fillMode" />
            <Return Type="void" />
        </Api>
        <Api Name="SetSegmentFlags">
            <Param Type="D2D1_PATH_SEGMENT" Name="vertexFlags" />
            <Return Type="void" />
        </Api>
        <Api Name="BeginFigure">
            <Param Type="D2D1_POINT_2F" Name="startPoint" />
            <Param Type="D2D1_FIGURE_BEGIN" Name="figureBegin" />
            <Return Type="void" />
        </Api>
        <Api Name="AddLines">
            <Param Type="CONST D2D1_POINT_2F*" Name="points" Count="pointsCount" />
            <Param Type="UINT" Name="pointsCount" />
            <Return Type="void" />
        </Api>
        <Api Name="AddBeziers">
            <Param Type="CONST D2D1_BEZIER_SEGMENT*" Name="beziers" Count="beziersCount" />
            <Param Type="UINT" Name="beziersCount" />
            <Return Type="void" />
        </Api>
        <Api Name="EndFigure">
            <Param Type="D2D1_FIGURE_END" Name="figureEnd" />
            <Return Type="void" />
        </Api>
        <Api Name="Close">
            <Return Type="[D2D_HRESULT]" />
        </Api>
    </Interface>
</ApiMonitor>
