<!--
    API Monitor Definitions
    (c) 2011, Rohitab Batra <rohitab@rohitab.com>
    http://www.rohitab.com/apimonitor/
-->
<ApiMonitor>
    <Include Filename="Interfaces\Direct2D\ID2D1RenderTarget.xml" />
    <Interface Name="ID2D1DCRenderTarget" Id="{1c51bc64-de61-46fd-9899-63a5d8f03950}" BaseInterface="ID2D1RenderTarget" OnlineHelp="MSDN" ErrorFunc="HRESULT" Category="DirectX Graphics and Gaming/Direct2D">
        <!-- Variables -->
        <!-- Methods -->
        <Api Name="BindDC">
            <Param Type="CONST HDC" Name="hDC" />
            <Param Type="CONST RECT*" Name="pSubRect" />
            <Return Type="[D2D_HRESULT]" />
        </Api>
    </Interface>
</ApiMonitor>
