<!--
    API Monitor Definitions
    (c) 2011, Rohitab Batra <rohitab@rohitab.com>
    http://www.rohitab.com/apimonitor/
-->
<ApiMonitor>
    <Include Filename="Interfaces\Direct2D\ID2D1Geometry.xml" />
    <Interface Name="ID2D1TransformedGeometry" Id="{2cd906bb-12e2-11dc-9fed-001143a055f9}" BaseInterface="ID2D1Geometry" OnlineHelp="MSDN" ErrorFunc="HRESULT" Category="DirectX Graphics and Gaming/Direct2D">
        <!-- Variables -->
        <!-- Methods -->
        <Api Name="GetSourceGeometry">
            <Param Type="ID2D1Geometry**" Name="sourceGeometry" />
            <Return Type="void" />
        </Api>
        <Api Name="GetTransform">
            <Param Type="D2D1_MATRIX_3X2_F*" Name="transform" />
            <Return Type="void" />
        </Api>
    </Interface>
</ApiMonitor>
