<!--
    API Monitor Definitions
    (c) 2011, Rohitab Batra <rohitab@rohitab.com>
    http://www.rohitab.com/apimonitor/
-->
<ApiMonitor>
    <Include Filename="Headers\ddraw.h.xml" />
    <Module Name="ddraw.dll" CallingConvention="STDCALL" OnlineHelp="MSDN" ErrorFunc="HRESULT" Category="DirectX Graphics and Gaming/DirectDraw">
        <Api Name="DirectDrawCreate">
            <Param Type="GUID*" Name="lpGUID" />
            <Param Type="LPDIRECTDRAW*" Name="lplpDD" />
            <Param Type="IUnknown*" Name="pUnkOuter" />
            <Return Type="[DD_HRESULT]" />
        </Api>
        <Api Name="DirectDrawCreateClipper">
            <Param Type="DWORD" Name="dwFlags" />
            <Param Type="LPDIRECTDRAWCLIPPER*" Name="lplpDDClipper" />
            <Param Type="IUnknown*" Name="pUnkOuter" />
            <Return Type="[DD_HRESULT]" />
        </Api>
        <Api Name="DirectDrawCreateEx">
            <Param Type="GUID*" Name="lpGUID" />
            <Param Type="LPVOID*" Name="lplpDD" InterfaceId="iid" />
            <Param Type="REFIID" Name="iid" />
            <Param Type="IUnknown*" Name="pUnkOuter" />
            <Return Type="[DD_HRESULT]" />
        </Api>
        <Api Name="DirectDrawEnumerate" BothCharset="True" >
            <Param Type="LPDDENUMCALLBACK" Name="lpCallback" />
            <Param Type="LPVOID" Name="lpContext" />
            <Return Type="[DD_HRESULT]" />
        </Api>
        <Api Name="DirectDrawEnumerateEx" BothCharset="True" >
            <Param Type="LPDDENUMCALLBACKEX" Name="lpCallback" />
            <Param Type="LPVOID" Name="lpContext" />
            <Param Type="[DDENUM_FLAGS]" Name="dwFlags" />
            <Return Type="[DD_HRESULT]" />
        </Api>
    </Module>
</ApiMonitor>