<!--
    API Monitor Definitions
    (c) 2011, Rohitab Batra <rohitab@rohitab.com>
    http://www.rohitab.com/apimonitor/
-->
<ApiMonitor>
    <Include Filename="Interfaces\DirectDraw\IDirectDrawSurface2.xml" />
    <Interface Name="IDirectDrawSurface3" Id="{da044e00-69b2-11d0-a1d5-00aa00b8dfbb}" BaseInterface="IDirectDrawSurface2" OnlineHelp="MSDN" ErrorFunc="HRESULT" Category="DirectX Graphics and Gaming/DirectDraw">
        <Api Name="SetSurfaceDesc">
            <Param Type="LPDDSURFACEDESC" Name="lpDDsd2" />
            <Param Type="DWORD" Name="dwFlags" />
            <Return Type="[DD_HRESULT]" />
        </Api>
    </Interface>
</ApiMonitor>
