<!--
    API Monitor Definitions
    (c) 2011, Rohitab Batra <rohitab@rohitab.com>
    http://www.rohitab.com/apimonitor/
-->
<ApiMonitor>
    <Include Filename="Interfaces\IUnknown.xml" />
    <Include Filename="Headers\ddraw.h.xml" />
    <Interface Name="IDirectDrawPalette" Id="{6c14db84-a733-11ce-a521-0020af0be560}" BaseInterface="IUnknown" OnlineHelp="MSDN" ErrorFunc="HRESULT" Category="DirectX Graphics and Gaming/DirectDraw">
        <Api Name="GetCaps">
            <Param Type="[DDPCAPS_FLAGS*]" Name="lpdwCaps" />
            <Return Type="[DD_HRESULT]" />
        </Api>
        <Api Name="GetEntries">
            <Param Type="DWORD" Name="dwFlags" />
            <Param Type="DWORD" Name="dwBase" />
            <Param Type="DWORD" Name="dwNumEntries" />
            <Param Type="LPPALETTEENTRY" Name="lpEntries" PostCount="dwNumEntries" />
            <Return Type="[DD_HRESULT]" />
        </Api>
        <Api Name="Initialize">
            <Param Type="LPDIRECTDRAW" Name="lpDD" />
            <Param Type="DWORD" Name="dwFlags" />
            <Param Type="LPPALETTEENTRY" Name="lpDDColorTable" />
            <Return Type="[DD_HRESULT]" />
        </Api>
        <Api Name="SetEntries">
            <Param Type="DWORD" Name="dwFlags" />
            <Param Type="DWORD" Name="dwStartingEntry" />
            <Param Type="DWORD" Name="dwCount" />
            <Param Type="LPPALETTEENTRY" Name="lpEntries" Count="dwCount" />
            <Return Type="[DD_HRESULT]" />
        </Api>
    </Interface>
</ApiMonitor>
