<!--
    API Monitor Definitions
    (c) 2011, Rohitab Batra <rohitab@rohitab.com>
    http://www.rohitab.com/apimonitor/
-->
<ApiMonitor>
    <Include Filename="Interfaces\IUnknown.xml" />
    <Include Filename="Headers\ddraw.h.xml" />
    <Interface Name="IDirectDraw" Id="{6c14db80-a733-11ce-a521-0020af0be560}" BaseInterface="IUnknown" OnlineHelp="MSDN" ErrorFunc="HRESULT" Category="DirectX Graphics and Gaming/DirectDraw">
        <Api Name="Compact">
            <Return Type="[DD_HRESULT]" />
        </Api>
        <Api Name="CreateClipper">
            <Param Type="DWORD" Name="dwFlags" />
            <Param Type="LPDIRECTDRAWCLIPPER*" Name="lplpDDClipper" />
            <Param Type="IUnknown*" Name="pUnkOuter" />
            <Return Type="[DD_HRESULT]" />
        </Api>
        <Api Name="CreatePalette">
            <Param Type="[DDPCAPS_FLAGS]" Name="dwFlags" />
            <Param Type="LPPALETTEENTRY" Name="lpDDColorArray" />
            <Param Type="LPDIRECTDRAWPALETTE*" Name="lplpDDPalette" />
            <Param Type="IUnknown*" Name="pUnkOuter" />
            <Return Type="[DD_HRESULT]" />
        </Api>
        <Api Name="CreateSurface">
            <Param Type="LPDDSURFACEDESC" Name="lpDDSurfaceDesc" />
            <Param Type="LPDIRECTDRAWSURFACE*" Name="lplpDDSurface" />
            <Param Type="IUnknown*" Name="pUnkOuter" />
            <Return Type="[DD_HRESULT]" />
        </Api>
        <Api Name="DuplicateSurface">
            <Param Type="LPDIRECTDRAWSURFACE" Name="lpDDSurface" />
            <Param Type="LPDIRECTDRAWSURFACE*" Name="lplpDupDDSurface" />
            <Return Type="[DD_HRESULT]" />
        </Api>
        <Api Name="EnumDisplayModes">
            <Param Type="[DDEDM_FLAGS]" Name="dwFlags" />
            <Param Type="LPDDSURFACEDESC" Name="lpDDSurfaceDesc" />
            <Param Type="LPVOID" Name="lpContext" />
            <Param Type="LPDDENUMMODESCALLBACK" Name="lpEnumModesCallback" />
            <Return Type="[DD_HRESULT]" />
        </Api>
        <Api Name="EnumSurfaces">
            <Param Type="[DDENUMSURFACES_FLAGS]" Name="dwFlags" />
            <Param Type="LPDDSURFACEDESC" Name="lpDDSD" />
            <Param Type="LPVOID" Name="lpContext" />
            <Param Type="LPDDENUMSURFACESCALLBACK" Name="lpEnumSurfacesCallback" />
            <Return Type="[DD_HRESULT]" />
        </Api>
        <Api Name="FlipToGDISurface">
            <Return Type="[DD_HRESULT]" />
        </Api>
        <Api Name="GetCaps">
            <Param Type="LPDDCAPS" Name="lpDDDriverCaps" />
            <Param Type="LPDDCAPS" Name="lpDDHELCaps" />
            <Return Type="[DD_HRESULT]" />
        </Api>
        <Api Name="GetDisplayMode">
            <Param Type="LPDDSURFACEDESC" Name="lpDDSurfaceDesc" />
            <Return Type="[DD_HRESULT]" />
        </Api>
        <Api Name="GetFourCCCodes">
            <Param Type="LPDWORD" Name="lpNumCodes" />
            <Param Type="LPDWORD" Name="lpCodes" />
            <Return Type="[DD_HRESULT]" />
        </Api>
        <Api Name="GetGDISurface">
            <Param Type="LPDIRECTDRAWSURFACE*" Name="lplpGDIDDSSurface" />
            <Return Type="[DD_HRESULT]" />
        </Api>
        <Api Name="GetMonitorFrequency">
            <Param Type="LPDWORD" Name="lpdwFrequency" />
            <Return Type="[DD_HRESULT]" />
        </Api>
        <Api Name="GetScanLine">
            <Param Type="LPDWORD" Name="lpdwScanLine" />
            <Return Type="[DD_HRESULT]" />
        </Api>
        <Api Name="GetVerticalBlankStatus">
            <Param Type="LPBOOL" Name="lpbIsInVB" />
            <Return Type="[DD_HRESULT]" />
        </Api>
        <Api Name="Initialize">
            <Param Type="GUID*" Name="lpGUID" />
            <Return Type="[DD_HRESULT]" />
        </Api>
        <Api Name="RestoreDisplayMode">
            <Return Type="[DD_HRESULT]" />
        </Api>
        <Api Name="SetCooperativeLevel">
            <Param Type="HWND" Name="hWnd" />
            <Param Type="[DDSCL_FLAGS]" Name="dwFlags" />
            <Return Type="[DD_HRESULT]" />
        </Api>
        <Api Name="SetDisplayMode">
            <Param Type="DWORD" Name="dwWidth" />
            <Param Type="DWORD" Name="dwHeight" />
            <Param Type="DWORD" Name="dwBPP" />
            <Return Type="[DD_HRESULT]" />
        </Api>
        <Api Name="WaitForVerticalBlank">
            <Param Type="[DDWAITVB_FLAGS]" Name="dwFlags" />
            <Param Type="HANDLE" Name="hEvent" />
            <Return Type="[DD_HRESULT]" />
        </Api>
    </Interface>
</ApiMonitor>
