<!--
    API Monitor Definitions
    (c) 2011, Rohitab Batra <rohitab@rohitab.com>
    http://www.rohitab.com/apimonitor/
-->
<ApiMonitor>
    <Include Filename="Interfaces\DirectDraw\IDirectDrawSurface3.xml" />
    <Interface Name="IDirectDrawSurface4" Id="{0b2b8630-ad35-11d0-8ea6-00609797ea5b}" BaseInterface="IDirectDrawSurface3" OnlineHelp="MSDN" ErrorFunc="HRESULT" Category="DirectX Graphics and Gaming/DirectDraw">
        <Api Name="SetPrivateData">
            <Param Type="REFGUID" Name="guidTag" />
            <Param Type="LPVOID" Name="lpData" Length="cbSize" />
            <Param Type="DWORD" Name="cbSize" />
            <Param Type="[DDSPD_FLAGS]" Name="dwFlags" />
            <Return Type="[DD_HRESULT]" />
        </Api>
        <Api Name="GetPrivateData">
            <Param Type="REFGUID" Name="guidTag" />
            <Param Type="LPVOID" Name="lpBuffer" PostLength="lpcbBufferSize" />
            <Param Type="LPDWORD" Name="lpcbBufferSize" />
            <Return Type="[DD_HRESULT]" />
        </Api>
        <Api Name="FreePrivateData">
            <Param Type="REFGUID" Name="guidTag" />
            <Return Type="[DD_HRESULT]" />
        </Api>
        <Api Name="GetUniquenessValue">
            <Param Type="LPDWORD" Name="lpValue" />
            <Return Type="[DD_HRESULT]" />
        </Api>
        <Api Name="ChangeUniquenessValue">
            <Return Type="[DD_HRESULT]" />
        </Api>
    </Interface>
</ApiMonitor>
