<!--
    API Monitor Definitions
    (c) 2011, Rohitab Batra <rohitab@rohitab.com>
    http://www.rohitab.com/apimonitor/
-->
<ApiMonitor>
    <Include Filename="Interfaces\DirectDraw\IDirectDrawSurface4.xml" />
    <Interface Name="IDirectDrawSurface7" Id="{06675a80-3b9b-11d2-b92f-00609797ea5b}" BaseInterface="IDirectDrawSurface4" OnlineHelp="MSDN" ErrorFunc="HRESULT" Category="DirectX Graphics and Gaming/DirectDraw">
        <Api Name="SetPriority">
            <Param Type="DWORD" Name="dwPriority" />
            <Return Type="[DD_HRESULT]" />
        </Api>
        <Api Name="GetPriority">
            <Param Type="LPDWORD" Name="lpdwPriority" />
            <Return Type="[DD_HRESULT]" />
        </Api>
        <Api Name="SetLOD">
            <Param Type="DWORD" Name="dwMaxLOD" />
            <Return Type="[DD_HRESULT]" />
        </Api>
        <Api Name="GetLOD">
            <Param Type="LPDWORD" Name="lpdwMaxLOD" />
            <Return Type="[DD_HRESULT]" />
        </Api>
    </Interface>
</ApiMonitor>
