<!--
    API Monitor Definitions
    (c) 2011, Rohitab Batra <rohitab@rohitab.com>
    http://www.rohitab.com/apimonitor/
-->
<ApiMonitor>
    <Include Filename="Interfaces\IUnknown.xml" />
    <Include Filename="Headers\ddraw.h.xml" />
    <Interface Name="IDirectDrawColorControl" Id="{4b9f0ee0-0d7e-11d0-9b06-00a0c903a3b8}" BaseInterface="IUnknown" OnlineHelp="MSDN" ErrorFunc="HRESULT" Category="DirectX Graphics and Gaming/DirectDraw">
        <Api Name="GetColorControls">
            <Param Type="LPDDCOLORCONTROL" Name="lpColorControl" />
            <Return Type="[DD_HRESULT]" />
        </Api>
        <Api Name="SetColorControls">
            <Param Type="LPDDCOLORCONTROL" Name="lpColorControl" />
            <Return Type="[DD_HRESULT]" />
        </Api>
    </Interface>
</ApiMonitor>
