<!--
    API Monitor Definitions
    (c) 2011, Rohitab Batra <rohitab@rohitab.com>
    http://www.rohitab.com/apimonitor/
-->
<ApiMonitor>
    <Include Filename="Interfaces\IUnknown.xml" />
    <Include Filename="Headers\ddraw.h.xml" />
    <Interface Name="IDirectDrawGammaControl" Id="{69c11c3e-b46b-11d1-ad7a-00c04fc29b4e}" BaseInterface="IUnknown" OnlineHelp="MSDN" ErrorFunc="HRESULT" Category="DirectX Graphics and Gaming/DirectDraw">
        <Api Name="GetGammaRamp">
            <Param Type="DWORD" Name="dwFlags" />
            <Param Type="LPDDGAMMARAMP" Name="lpRampData" />
            <Return Type="[DD_HRESULT]" />
        </Api>
        <Api Name="SetGammaRamp">
            <Param Type="[DDSGR_FLAGS]" Name="dwFlags" />
            <Param Type="LPDDGAMMARAMP" Name="lpRampData" />
            <Return Type="[DD_HRESULT]" />
        </Api>
    </Interface>
</ApiMonitor>
