<!--
    API Monitor Definitions
    (c) 2011, Rohitab Batra <rohitab@rohitab.com>
    http://www.rohitab.com/apimonitor/
-->
<ApiMonitor>
    <Include Filename="Interfaces\DirectDraw\IDirectDraw4.xml" />
    <Interface Name="IDirectDraw7" Id="{15e65ec0-3b9c-11d2-b92f-00609797ea5b}" BaseInterface="IDirectDraw4" OnlineHelp="MSDN" ErrorFunc="HRESULT" Category="DirectX Graphics and Gaming/DirectDraw">
        <Api Name="StartModeTest">
            <Param Type="LPSIZE" Name="lpModesToTest" Count="dwNumEntries" />
            <Param Type="DWORD" Name="dwNumEntries" />
            <Param Type="[DDSMT_FLAGS]" Name="dwFlags" />
            <Return Type="[DD_HRESULT]" />
        </Api>
        <Api Name="EvaluateMode">
            <Param Type="[DDEM_FLAGS]" Name="dwFlags" />
            <Param Type="DWORD*" Name="pSecondsUntilTimeout" />
            <Return Type="[DD_HRESULT]" />
        </Api>
    </Interface>
</ApiMonitor>
