<!--
    API Monitor Definitions
    (c) 2011, Rohitab Batra <rohitab@rohitab.com>
    http://www.rohitab.com/apimonitor/
-->
<ApiMonitor>
    <Include Filename="Interfaces\IUnknown.xml" />
    <Include Filename="Headers\ddraw.h.xml" />
    <Interface Name="IDirectDrawClipper" Id="{6c14db85-a733-11ce-a521-0020af0be560}" BaseInterface="IUnknown" OnlineHelp="MSDN" ErrorFunc="HRESULT" Category="DirectX Graphics and Gaming/DirectDraw">
        <Api Name="GetClipList">
            <Param Type="LPRECT" Name="lpRect" />
            <Param Type="LPRGNDATA" Name="lpClipList" />
            <Param Type="LPDWORD" Name="lpdwSize" />
            <Return Type="[DD_HRESULT]" />
        </Api>
        <Api Name="GetHWnd">
            <Param Type="HWND*" Name="lphWnd" />
            <Return Type="[DD_HRESULT]" />
        </Api>
        <Api Name="Initialize">
            <Param Type="LPDIRECTDRAW" Name="lpDD" />
            <Param Type="DWORD" Name="dwFlags" />
            <Return Type="[DD_HRESULT]" />
        </Api>
        <Api Name="IsClipListChanged">
            <Param Type="BOOL*" Name="lpbChanged" />
            <Return Type="[DD_HRESULT]" />
        </Api>
        <Api Name="SetClipList">
            <Param Type="LPRGNDATA" Name="lpClipList" />
            <Param Type="DWORD" Name="dwFlags" />
            <Return Type="[DD_HRESULT]" />
        </Api>
        <Api Name="SetHWnd">
            <Param Type="DWORD" Name="dwFlags" />
            <Param Type="HWND" Name="hWnd" />
            <Return Type="[DD_HRESULT]" />
        </Api>
    </Interface>
</ApiMonitor>
