<!--
    API Monitor Definitions
    (c) 2011, Rohitab Batra <rohitab@rohitab.com>
    http://www.rohitab.com/apimonitor/
-->
<ApiMonitor>
    <Include Filename="Interfaces\DirectDraw\IDirectDrawSurface.xml" />
    <Interface Name="IDirectDrawSurface2" Id="{57805885-6eec-11cf-9441-a82303c10e27}" BaseInterface="IDirectDrawSurface" OnlineHelp="MSDN" ErrorFunc="HRESULT" Category="DirectX Graphics and Gaming/DirectDraw">
        <Api Name="GetDDInterface">
            <Param Type="LPVOID*" Name="lplpDD" />
            <Return Type="[DD_HRESULT]" />
        </Api>
        <Api Name="PageLock">
            <Param Type="DWORD" Name="dwFlags" />
            <Return Type="[DD_HRESULT]" />
        </Api>
        <Api Name="PageUnlock">
            <Param Type="DWORD" Name="dwFlags" />
            <Return Type="[DD_HRESULT]" />
        </Api>
    </Interface>
</ApiMonitor>
