<!--
    API Monitor Definitions
    (c) 2011, Rohitab Batra <rohitab@rohitab.com>
    http://www.rohitab.com/apimonitor/
-->
<ApiMonitor>
    <Include Filename="Interfaces\DirectDraw\IDirectDraw2.xml" />
    <Interface Name="IDirectDraw4" Id="{9c59509a-39bd-11d1-8c4a-00c04fd930c5}" BaseInterface="IDirectDraw2" OnlineHelp="MSDN" ErrorFunc="HRESULT" Category="DirectX Graphics and Gaming/DirectDraw">
        <Api Name="GetSurfaceFromDC">
            <Param Type="HDC" Name="hdc" />
            <Param Type="LPDIRECTDRAWSURFACE4*" Name="lpDDS" />
            <Return Type="[DD_HRESULT]" />
        </Api>
        <Api Name="RestoreAllSurfaces">
            <Return Type="[DD_HRESULT]" />
        </Api>
        <Api Name="TestCooperativeLevel">
            <Return Type="[DD_HRESULT]" />
        </Api>
        <Api Name="GetDeviceIdentifier">
            <Param Type="LPDDDEVICEIDENTIFIER" Name="lpdddi" />
            <Param Type="[DDGDI_FLAGS]" Name="dwFlags" />
            <Return Type="[DD_HRESULT]" />
        </Api>
    </Interface>
</ApiMonitor>
