<!--
    API Monitor Definitions
    (c) 2011, Rohitab Batra <rohitab@rohitab.com>
    http://www.rohitab.com/apimonitor/
-->
<ApiMonitor>
    <Include Filename="Interfaces\IUnknown.xml" />
    <Include Filename="Headers\ddraw.h.xml" />
    <Interface Name="IDirectDrawSurface" Id="{6c14db81-a733-11ce-a521-0020af0be560}" BaseInterface="IUnknown" OnlineHelp="MSDN" ErrorFunc="HRESULT" Category="DirectX Graphics and Gaming/DirectDraw">
        <Api Name="AddAttachedSurface">
            <Param Type="LPDIRECTDRAWSURFACE" Name="lpDDSurface" />
            <Return Type="[DD_HRESULT]" />
        </Api>
        <Api Name="AddOverlayDirtyRect">
            <Param Type="LPRECT" Name="lpRect" />
            <Return Type="[DD_HRESULT]" />
        </Api>
        <Api Name="Blt">
            <Param Type="LPRECT" Name="lpDestRect" />
            <Param Type="LPDIRECTDRAWSURFACE" Name="lpDDSrcSurface" />
            <Param Type="LPRECT" Name="lpSrcRect" />
            <Param Type="[DDBLT_FLAGS]" Name="dwFlags" />
            <Param Type="LPDDBLTFX" Name="lpDDBltFx" />
            <Return Type="[DD_HRESULT]" />
        </Api>
        <Api Name="BltBatch">
            <Param Type="LPDDBLTBATCH" Name="lpDDBltBatch" />
            <Param Type="DWORD" Name="dwCount" />
            <Param Type="DWORD" Name="dwFlags" />
            <Return Type="[DD_HRESULT]" />
        </Api>
        <!-- TODO: Different from MSDN: http://msdn.microsoft.com/en-us/library/gg426183(v=VS.85).aspx -->
        <Api Name="BltFast">
            <Param Type="DWORD" Name="dwX" />
            <Param Type="DWORD" Name="dwY" />
            <Param Type="LPDIRECTDRAWSURFACE" Name="lpDDSrcSurface" />
            <Param Type="LPRECT" Name="lpSrcRect" />
            <Param Type="[DDBLTFAST_TYPE]" Name="dwFlags" />
            <Return Type="[DD_HRESULT]" />
        </Api>
        <Api Name="DeleteAttachedSurface">
            <Param Type="DWORD" Name="dwFlags " />
            <Param Type="LPDIRECTDRAWSURFACE" Name="lpDDSAttachedSurface" />
            <Return Type="[DD_HRESULT]" />
        </Api>
        <Api Name="EnumAttachedSurfaces">
            <Param Type="LPVOID" Name="lpContext" />
            <Param Type="LPDDENUMSURFACESCALLBACK" Name="lpEnumSurfacesCallback" />
            <Return Type="[DD_HRESULT]" />
        </Api>
        <Api Name="EnumOverlayZOrders">
            <Param Type="[DDENUMOVERLAYZ_TYPE]" Name="dwFlags" />
            <Param Type="LPVOID" Name="lpContext" />
            <Param Type="LPDDENUMSURFACESCALLBACK" Name="lpfnCallback" />
            <Return Type="[DD_HRESULT]" />
        </Api>
        <Api Name="Flip">
            <Param Type="LPDIRECTDRAWSURFACE" Name="lpDDSurfaceTargetOverride" />
            <Param Type="[DDFLIP_FLAGS]" Name="dwFlags" />
            <Return Type="[DD_HRESULT]" />
        </Api>
        <Api Name="GetAttachedSurface">
            <Param Type="LPDDSCAPS" Name="lpDDSCaps" />
            <Param Type="LPDIRECTDRAWSURFACE*" Name="lplpDDAttachedSurface" />
            <Return Type="[DD_HRESULT]" />
        </Api>
        <Api Name="GetBltStatus">
            <Param Type="[DDGBS_FLAGS]" Name="dwFlags" />
            <Return Type="[DD_HRESULT]" />
        </Api>
        <Api Name="GetCaps">
            <Param Type="LPDDSCAPS" Name="lpDDSCaps" />
            <Return Type="[DD_HRESULT]" />
        </Api>
        <Api Name="GetClipper">
            <Param Type="LPDIRECTDRAWCLIPPER*" Name="lplpDDClipper" />
            <Return Type="[DD_HRESULT]" />
        </Api>
        <Api Name="GetColorKey">
            <Param Type="[DDCKEY_FLAGS]" Name="dwFlags" />
            <Param Type="LPDDCOLORKEY" Name="lpDDColorKey" />
            <Return Type="[DD_HRESULT]" />
        </Api>
        <Api Name="GetDC">
            <Param Type="HDC*" Name="lphDC" />
            <Return Type="[DD_HRESULT]" />
        </Api>
        <Api Name="GetFlipStatus">
            <Param Type="[DDGFS_FLAGS]" Name="dwFlags" />
            <Return Type="[DD_HRESULT]" />
        </Api>
        <Api Name="GetOverlayPosition">
            <Param Type="LPLONG" Name="lplX" />
            <Param Type="LPLONG" Name="lplY" />
            <Return Type="[DD_HRESULT]" />
        </Api>
        <Api Name="GetPalette">
            <Param Type="LPDIRECTDRAWPALETTE*" Name="lplpDDPalette" />
            <Return Type="[DD_HRESULT]" />
        </Api>
        <Api Name="GetPixelFormat">
            <Param Type="LPDDPIXELFORMAT" Name="lpDDPixelFormat" />
            <Return Type="[DD_HRESULT]" />
        </Api>
        <Api Name="GetSurfaceDesc">
            <Param Type="LPDDSURFACEDESC" Name="lpDDSurfaceDesc" />
            <Return Type="[DD_HRESULT]" />
        </Api>
        <Api Name="Initialize">
            <Param Type="LPDIRECTDRAW" Name="lpDD" />
            <Param Type="LPDDSURFACEDESC" Name="lpDDSurfaceDesc" />
            <Return Type="[DD_HRESULT]" />
        </Api>
        <Api Name="IsLost">
            <Return Type="[DD_HRESULT]" />
        </Api>
        <Api Name="Lock">
            <Param Type="LPRECT" Name="lpDestRect" />
            <Param Type="LPDDSURFACEDESC" Name="lpDDSurfaceDesc" />
            <Param Type="[DDLOCK_FLAGS]" Name="dwFlags" />
            <Param Type="HANDLE" Name="hEvent" />
            <Return Type="[DD_HRESULT]" />
        </Api>
        <Api Name="ReleaseDC">
            <Param Type="HDC" Name="hDC" />
            <Return Type="[DD_HRESULT]" />
        </Api>
        <Api Name="Restore">
            <Return Type="[DD_HRESULT]" />
        </Api>
        <Api Name="SetClipper">
            <Param Type="LPDIRECTDRAWCLIPPER" Name="lpDDClipper" />
            <Return Type="[DD_HRESULT]" />
        </Api>
        <Api Name="SetColorKey">
            <Param Type="[DDCKEY_FLAGS]" Name="dwFlags" />
            <Param Type="LPDDCOLORKEY" Name="lpDDColorKey" />
            <Return Type="[DD_HRESULT]" />
        </Api>
        <Api Name="SetOverlayPosition">
            <Param Type="LONG" Name="lX" />
            <Param Type="LONG" Name="lY" />
            <Return Type="[DD_HRESULT]" />
        </Api>
        <Api Name="SetPalette">
            <Param Type="LPDIRECTDRAWPALETTE" Name="lpDDPalette" />
            <Return Type="[DD_HRESULT]" />
        </Api>
        <Api Name="Unlock">
            <Param Type="LPVOID" Name="lpRect" />
            <Return Type="[DD_HRESULT]" />
        </Api>
        <Api Name="UpdateOverlay">
            <Param Type="LPRECT" Name="lpSrcRect" />
            <Param Type="LPDIRECTDRAWSURFACE" Name="lpDDDestSurface" />
            <Param Type="LPRECT" Name="lpDestRect" />
            <Param Type="[DDOVER_FLAGS]" Name="dwFlags" />
            <Param Type="LPDDOVERLAYFX" Name="lpDDOverlayFx" />
            <Return Type="[DD_HRESULT]" />
        </Api>
        <Api Name="UpdateOverlayDisplay">
            <Param Type="DWORD" Name="dwFlags" />
            <Return Type="[DD_HRESULT]" />
        </Api>
        <Api Name="UpdateOverlayZOrder">
            <Param Type="[DDOVERZ_ORDER]" Name="dwFlags" />
            <Param Type="LPDIRECTDRAWSURFACE" Name="lpDDSReference" />
            <Return Type="[DD_HRESULT]" />
        </Api>
    </Interface>
</ApiMonitor>
