<!--
    API Monitor Definitions
    (c) 2011, Rohitab Batra <rohitab@rohitab.com>
    http://www.rohitab.com/apimonitor/
-->
<ApiMonitor>
    <Include Filename="Interfaces\IUnknown.xml" />
    <Interface Name="IDebugDataSpaces" Id="{88f7dfab-3ea7-4c3a-aefb-c4e8106173aa}" BaseInterface="IUnknown" OnlineHelp="MSDN" ErrorFunc="HRESULT" Category="Diagnostics/Debugging Tools for Windows/Debugger Engine/Client COM Interfaces">
        <!-- Variables -->
        <!-- Methods -->
        <Api Name="ReadVirtual">
            <Param Type="ULONG64" Name="Offset" />
            <Param Type="PVOID" Name="Buffer" />
            <Param Type="ULONG" Name="BufferSize" />
            <Param Type="PULONG" Name="BytesRead" />
            <Return Type="HRESULT" />
        </Api>
        <Api Name="WriteVirtual">
            <Param Type="ULONG64" Name="Offset" />
            <Param Type="PVOID" Name="Buffer" />
            <Param Type="ULONG" Name="BufferSize" />
            <Param Type="PULONG" Name="BytesWritten" />
            <Return Type="HRESULT" />
        </Api>
        <Api Name="SearchVirtual">
            <Param Type="ULONG64" Name="Offset" />
            <Param Type="ULONG64" Name="Length" />
            <Param Type="PVOID" Name="Pattern" />
            <Param Type="ULONG" Name="PatternSize" />
            <Param Type="ULONG" Name="PatternGranularity" />
            <Param Type="PULONG64" Name="MatchOffset" />
            <Return Type="HRESULT" />
        </Api>
        <Api Name="ReadVirtualUncached">
            <Param Type="ULONG64" Name="Offset" />
            <Param Type="PVOID" Name="Buffer" />
            <Param Type="ULONG" Name="BufferSize" />
            <Param Type="PULONG" Name="BytesRead" />
            <Return Type="HRESULT" />
        </Api>
        <Api Name="WriteVirtualUncached">
            <Param Type="ULONG64" Name="Offset" />
            <Param Type="PVOID" Name="Buffer" />
            <Param Type="ULONG" Name="BufferSize" />
            <Param Type="PULONG" Name="BytesWritten" />
            <Return Type="HRESULT" />
        </Api>
        <Api Name="ReadPointersVirtual">
            <Param Type="ULONG" Name="Count" />
            <Param Type="ULONG64" Name="Offset" />
            <Param Type="PULONG64" Name="Ptrs" PostCount="Count" />
            <Return Type="HRESULT" />
        </Api>
        <Api Name="WritePointersVirtual">
            <Param Type="ULONG" Name="Count" />
            <Param Type="ULONG64" Name="Offset" />
            <Param Type="PULONG64" Name="Ptrs" Count="Count" />
            <Return Type="HRESULT" />
        </Api>
        <Api Name="ReadPhysical">
            <Param Type="ULONG64" Name="Offset" />
            <Param Type="PVOID" Name="Buffer" />
            <Param Type="ULONG" Name="BufferSize" />
            <Param Type="PULONG" Name="BytesRead" />
            <Return Type="HRESULT" />
        </Api>
        <Api Name="WritePhysical">
            <Param Type="ULONG64" Name="Offset" />
            <Param Type="PVOID" Name="Buffer" />
            <Param Type="ULONG" Name="BufferSize" />
            <Param Type="PULONG" Name="BytesWritten" />
            <Return Type="HRESULT" />
        </Api>
        <Api Name="ReadControl">
            <Param Type="ULONG" Name="Processor" />
            <Param Type="ULONG64" Name="Offset" />
            <Param Type="PVOID" Name="Buffer" />
            <Param Type="ULONG" Name="BufferSize" />
            <Param Type="PULONG" Name="BytesRead" />
            <Return Type="HRESULT" />
        </Api>
        <Api Name="WriteControl">
            <Param Type="ULONG" Name="Processor" />
            <Param Type="ULONG64" Name="Offset" />
            <Param Type="PVOID" Name="Buffer" />
            <Param Type="ULONG" Name="BufferSize" />
            <Param Type="PULONG" Name="BytesWritten" />
            <Return Type="HRESULT" />
        </Api>
        <Api Name="ReadIo">
            <Param Type="ULONG" Name="InterfaceType" />
            <Param Type="ULONG" Name="BusNumber" />
            <Param Type="ULONG" Name="AddressSpace" />
            <Param Type="ULONG64" Name="Offset" />
            <Param Type="PVOID" Name="Buffer" />
            <Param Type="ULONG" Name="BufferSize" />
            <Param Type="PULONG" Name="BytesRead" />
            <Return Type="HRESULT" />
        </Api>
        <Api Name="WriteIo">
            <Param Type="ULONG" Name="InterfaceType" />
            <Param Type="ULONG" Name="BusNumber" />
            <Param Type="ULONG" Name="AddressSpace" />
            <Param Type="ULONG64" Name="Offset" />
            <Param Type="PVOID" Name="Buffer" />
            <Param Type="ULONG" Name="BufferSize" />
            <Param Type="PULONG" Name="BytesWritten" />
            <Return Type="HRESULT" />
        </Api>
        <Api Name="ReadMsr">
            <Param Type="ULONG" Name="Msr" />
            <Param Type="PULONG64" Name="Value" />
            <Return Type="HRESULT" />
        </Api>
        <Api Name="WriteMsr">
            <Param Type="ULONG" Name="Msr" />
            <Param Type="ULONG64" Name="Value" />
            <Return Type="HRESULT" />
        </Api>
        <Api Name="ReadBusData">
            <Param Type="ULONG" Name="BusDataType" />
            <Param Type="ULONG" Name="BusNumber" />
            <Param Type="ULONG" Name="SlotNumber" />
            <Param Type="ULONG" Name="Offset" />
            <Param Type="PVOID" Name="Buffer" />
            <Param Type="ULONG" Name="BufferSize" />
            <Param Type="PULONG" Name="BytesRead" />
            <Return Type="HRESULT" />
        </Api>
        <Api Name="WriteBusData">
            <Param Type="ULONG" Name="BusDataType" />
            <Param Type="ULONG" Name="BusNumber" />
            <Param Type="ULONG" Name="SlotNumber" />
            <Param Type="ULONG" Name="Offset" />
            <Param Type="PVOID" Name="Buffer" />
            <Param Type="ULONG" Name="BufferSize" />
            <Param Type="PULONG" Name="BytesWritten" />
            <Return Type="HRESULT" />
        </Api>
        <Api Name="CheckLowMemory">
            <Return Type="HRESULT" />
        </Api>
        <Api Name="ReadDebuggerData">
            <Param Type="[DEBUG_DATA_INDEX]" Name="Index" />
            <Param Type="PVOID" Name="Buffer" />
            <Param Type="ULONG" Name="BufferSize" />
            <Param Type="PULONG" Name="DataSize" />
            <Return Type="HRESULT" />
        </Api>
        <Api Name="ReadProcessorSystemData">
            <Param Type="ULONG" Name="Processor" />
            <Param Type="[DEBUG_DATA_INDEX_PROCESSOR]" Name="Index" />
            <Param Type="PVOID" Name="Buffer" />
            <Param Type="ULONG" Name="BufferSize" />
            <Param Type="PULONG" Name="DataSize" />
            <Return Type="HRESULT" />
        </Api>
    </Interface>
</ApiMonitor>
