<!--
    API Monitor Definitions
    (c) 2011, Rohitab Batra <rohitab@rohitab.com>
    http://www.rohitab.com/apimonitor/
-->
<ApiMonitor>
    <Include Filename="Interfaces\Debugger\IDebugDataSpaces.xml" />
    <Interface Name="IDebugDataSpaces2" Id="{7a5e852f-96e9-468f-ac1b-0b3addc4a049}" BaseInterface="IDebugDataSpaces" OnlineHelp="MSDN" ErrorFunc="HRESULT" Category="Diagnostics/Debugging Tools for Windows/Debugger Engine/Client COM Interfaces">
        <!-- Variables -->
        <!-- Methods -->
        <Api Name="VirtualToPhysical">
            <Param Type="ULONG64" Name="Virtual" />
            <Param Type="PULONG64" Name="Physical" />
            <Return Type="HRESULT" />
        </Api>
        <Api Name="GetVirtualTranslationPhysicalOffsets">
            <Param Type="ULONG64" Name="Virtual" />
            <Param Type="PULONG64" Name="Offsets" />
            <Param Type="ULONG" Name="OffsetsSize" />
            <Param Type="PULONG" Name="Levels" />
            <Return Type="HRESULT" />
        </Api>
        <Api Name="ReadHandleData">
            <Param Type="ULONG64" Name="Handle" />
            <Param Type="ULONG" Name="DataType" />
            <Param Type="PVOID" Name="Buffer" />
            <Param Type="ULONG" Name="BufferSize" />
            <Param Type="PULONG" Name="DataSize" />
            <Return Type="HRESULT" />
        </Api>
        <Api Name="FillVirtual">
            <Param Type="ULONG64" Name="Start" />
            <Param Type="ULONG" Name="Size" />
            <Param Type="PVOID" Name="Pattern" />
            <Param Type="ULONG" Name="PatternSize" />
            <Param Type="PULONG" Name="Filled" />
            <Return Type="HRESULT" />
        </Api>
        <Api Name="FillPhysical">
            <Param Type="ULONG64" Name="Start" />
            <Param Type="ULONG" Name="Size" />
            <Param Type="PVOID" Name="Pattern" />
            <Param Type="ULONG" Name="PatternSize" />
            <Param Type="PULONG" Name="Filled" />
            <Return Type="HRESULT" />
        </Api>
        <Api Name="QueryVirtual">
            <Param Type="ULONG64" Name="Offset" />
            <Param Type="PMEMORY_BASIC_INFORMATION64" Name="Info" />
            <Return Type="HRESULT" />
        </Api>
    </Interface>
</ApiMonitor>
