<!--
    API Monitor Definitions
    (c) 2010-2011, Rohitab Batra <rohitab@rohitab.com>
    http://www.rohitab.com/apimonitor/
-->
<ApiMonitor>
    <Include Filename="Interfaces\IUnknown.xml" />
    <Interface Name="IEnumFilters" Id="{56a86893-0ad4-11ce-b03a-0020af0ba770}" BaseInterface="IUnknown" OnlineHelp="MSDN" ErrorFunc="HRESULT" Category="Audio and Video/DirectShow">
        <!-- Variables -->
        <!-- Methods -->
        <Api Name="Next">
            <Param Type="ULONG" Name="cFilters" />
            <Param Type="IBaseFilter**" Name="ppFilter" />
            <Param Type="ULONG*" Name="pcFetched" />
            <Return Type="HRESULT" />
        </Api>
        <Api Name="Skip">
            <Param Type="ULONG" Name="cFilters" />
            <Return Type="HRESULT" />
        </Api>
        <Api Name="Reset">
            <Return Type="HRESULT" />
        </Api>
        <Api Name="Clone">
            <Param Type="IEnumFilters**" Name="ppEnum" />
            <Return Type="HRESULT" />
        </Api>
    </Interface>
</ApiMonitor>