<!--
    API Monitor Definitions
    (c) 2010-2011, Rohitab Batra <rohitab@rohitab.com>
    http://www.rohitab.com/apimonitor/
-->
<ApiMonitor>
    <Include Filename="Interfaces\IDispatch.xml" />
    <Interface Name="IFilterInfo" Id="{56a868ba-0ad4-11ce-b03a-0020af0ba770}" BaseInterface="IDispatch" OnlineHelp="MSDN" ErrorFunc="HRESULT" Category="Audio and Video/DirectShow">
        <!-- Variables -->
        <!-- Methods -->
        <Api Name="FindPin">
            <Param Type="BSTR" Name="strPinID" />
            <Param Type="IDispatch**" Name="ppUnk" />
            <Return Type="HRESULT" />
        </Api>
        <Api Name="get_Name">
            <Param Type="BSTR*" Name="strName" />
            <Return Type="HRESULT" />
        </Api>
        <Api Name="get_VendorInfo">
            <Param Type="BSTR*" Name="strVendorInfo" />
            <Return Type="HRESULT" />
        </Api>
        <Api Name="get_Filter">
            <Param Type="IUnknown**" Name="ppUnk" />
            <Return Type="HRESULT" />
        </Api>
        <Api Name="get_Pins">
            <Param Type="IDispatch**" Name="ppUnk" />
            <Return Type="HRESULT" />
        </Api>
        <Api Name="get_IsFileSource">
            <Param Type="LONG*" Name="pbIsSource" />
            <Return Type="HRESULT" />
        </Api>
        <Api Name="get_Filename">
            <Param Type="BSTR*" Name="pstrFilename" />
            <Return Type="HRESULT" />
        </Api>
        <Api Name="put_Filename">
            <Param Type="BSTR" Name="strFilename" />
            <Return Type="HRESULT" />
        </Api>
    </Interface>
</ApiMonitor>
