<!--
    API Monitor Definitions
    (c) 2010-2011, Rohitab Batra <rohitab@rohitab.com>
    http://www.rohitab.com/apimonitor/
-->
<ApiMonitor>
    <Include Filename="Interfaces\IUnknown.xml" />
    <Include Filename="Headers\registry.h.xml" />
    <Interface Name="IGetCapabilitiesKey" Id="{a8809222-07bb-48ea-951c-33158100625b}" BaseInterface="IUnknown" OnlineHelp="MSDN" ErrorFunc="HRESULT" Category="Audio and Video/DirectShow">
        <!-- Variables -->
        <!-- Methods -->
        <Api Name="GetCapabilitiesKey">
            <Param Type="HKEY*" Name="pHKey" />
            <Return Type="HRESULT" />
        </Api>
    </Interface>
</ApiMonitor>