<!--
    API Monitor Definitions
    (c) 2010-2011, Rohitab Batra <rohitab@rohitab.com>
    http://www.rohitab.com/apimonitor/
-->
<ApiMonitor>
    <Include Filename="Interfaces\IUnknown.xml" />
    <Interface Name="IGraphConfig" Id="{03A1EB8E-32BF-4245-8502-114D08A9CB88}" BaseInterface="IUnknown" OnlineHelp="MSDN" ErrorFunc="HRESULT" Category="Audio and Video/DirectShow">
        <!-- Variables -->
        <!-- Methods -->
        <Api Name="Reconnect">
            <Param Type="IPin*" Name="pOutputPin" />
            <Param Type="IPin*" Name="pInputPin" />
            <Param Type="const AM_MEDIA_TYPE*" Name="pmtFirstConnection" />
            <Param Type="IBaseFilter*" Name="pUsingFilter" />
            <Param Type="HANDLE" Name="hAbortEvent" />
            <Param Type="DWORD" Name="dwFlags" />
            <Return Type="HRESULT" />
        </Api>
        <Api Name="Reconfigure">
            <Param Type="IGraphConfigCallback*" Name="pCallback" />
            <Param Type="PVOID" Name="pvContext" />
            <Param Type="DWORD" Name="dwFlags" />
            <Param Type="HANDLE" Name="hAbortEvent" />
            <Return Type="HRESULT" />
        </Api>
        <Api Name="AddFilterToCache">
            <Param Type="IBaseFilter*" Name="pFilter" />
            <Return Type="HRESULT" />
        </Api>
        <Api Name="EnumCacheFilter">
            <Param Type="IEnumFilters**" Name="pEnum" />
            <Return Type="HRESULT" />
        </Api>
        <Api Name="RemoveFilterFromCache">
            <Param Type="IBaseFilter*" Name="pFilter" />
            <Return Type="HRESULT" />
        </Api>
        <Api Name="GetStartTime">
            <Param Type="REFERENCE_TIME*" Name="prtStart" />
            <Return Type="HRESULT" />
        </Api>
        <Api Name="PushThroughData">
            <Param Type="IPin*" Name="pOutputPin" />
            <Param Type="IPinConnection*" Name="pConnection" />
            <Param Type="HANDLE" Name="hEventAbort" />
            <Return Type="HRESULT" />
        </Api>
        <Api Name="SetFilterFlags">
            <Param Type="IBaseFilter*" Name="pFilter" />
            <Param Type="DWORD" Name="dwFlags" />
            <Return Type="HRESULT" />
        </Api>
        <Api Name="GetFilterFlags">
            <Param Type="IBaseFilter*" Name="pFilter" />
            <Param Type="DWORD*" Name="pdwFlags" />
            <Return Type="HRESULT" />
        </Api>
        <Api Name="RemoveFilterEx">
            <Param Type="IBaseFilter*" Name="pFilter" />
            <Param Type="DWORD" Name="Flags" />
            <Return Type="HRESULT" />
        </Api>
    </Interface>
</ApiMonitor>