<!--
    API Monitor Definitions
    (c) 2010-2011, Rohitab Batra <rohitab@rohitab.com>
    http://www.rohitab.com/apimonitor/
-->
<ApiMonitor>
    <Include Filename="Interfaces\IUnknown.xml" />
    <Interface Name="IIPDVDec" Id="{b8e8bd60-0bfe-11d0-af91-00aa00b67a42}" BaseInterface="IUnknown" OnlineHelp="MSDN" ErrorFunc="HRESULT" Category="Audio and Video/DirectShow">
        <!-- Variables -->
        <!-- Methods -->
        <Api Name="get_IPDisplay">
            <Param Type="int*" Name="displayPix" />
            <Return Type="HRESULT" />
        </Api>
        <Api Name="put_IPDisplay">
            <Param Type="int" Name="displayPix" />
            <Return Type="HRESULT" />
        </Api>
    </Interface>
</ApiMonitor>