<!--
    API Monitor Definitions
    (c) 2010-2011, Rohitab Batra <rohitab@rohitab.com>
    http://www.rohitab.com/apimonitor/
-->
<ApiMonitor>
    <Include Filename="Interfaces\IUnknown.xml" />
    <Interface Name="IKsPropertySet" Id="{31EFAC30-515C-11d0-A9AA-00AA0061BE93}" BaseInterface="IUnknown" OnlineHelp="MSDN" ErrorFunc="HRESULT" Category="Audio and Video/DirectShow">
        <!-- Variables -->
        <!-- Methods -->
        <Api Name="Set">
            <Param Type="REFGUID" Name="guidPropSet" />
            <Param Type="DWORD" Name="dwPropID" />
            <Param Type="LPVOID" Name="pInstanceData" />
            <Param Type="DWORD" Name="cbInstanceData" />
            <Param Type="LPVOID" Name="pPropData" />
            <Param Type="DWORD" Name="cbPropData" />
            <Return Type="HRESULT" />
        </Api>
        <Api Name="Get">
            <Param Type="REFGUID" Name="guidPropSet" />
            <Param Type="DWORD" Name="dwPropID" />
            <Param Type="LPVOID" Name="pInstanceData" />
            <Param Type="DWORD" Name="cbInstanceData" />
            <Param Type="LPVOID" Name="pPropData" />
            <Param Type="DWORD" Name="cbPropData" />
            <Param Type="DWORD*" Name="pcbReturned" />
            <Return Type="HRESULT" />
        </Api>
        <Api Name="QuerySupported">
            <Param Type="REFGUID" Name="guidPropSet" />
            <Param Type="DWORD" Name="dwPropID" />
            <Param Type="DWORD*" Name="pTypeSupport" />
            <Return Type="HRESULT" />
        </Api>
    </Interface>
</ApiMonitor>