<!--
    API Monitor Definitions
    (c) 2010-2011, Rohitab Batra <rohitab@rohitab.com>
    http://www.rohitab.com/apimonitor/
-->
<ApiMonitor>
    <Include Filename="Interfaces\IPropertyBag.xml" />
    <Interface Name="IMediaPropertyBag" Id="{6025A880-C0D5-11d0-BD4E-00A0C911CE86}" BaseInterface="IPropertyBag" OnlineHelp="MSDN" ErrorFunc="HRESULT" Category="Audio and Video/DirectShow">
        <!-- Variables -->
        <!-- Methods -->
        <Api Name="EnumProperty">
            <Param Type="ULONG" Name="iProperty" />
            <Param Type="VARIANT*" Name="pvarPropertyName" />
            <Param Type="VARIANT*" Name="pvarPropertyValue" />
            <Return Type="HRESULT" />
        </Api>
    </Interface>
</ApiMonitor>