<!--
    API Monitor Definitions
    (c) 2010-2011, Rohitab Batra <rohitab@rohitab.com>
    http://www.rohitab.com/apimonitor/
-->
<ApiMonitor>
    <Include Filename="Interfaces\IDispatch.xml" />
    <Interface Name="IMediaControl" Id="{56a868b1-0ad4-11ce-b03a-0020af0ba770}" BaseInterface="IDispatch" OnlineHelp="MSDN" ErrorFunc="HRESULT" Category="Audio and Video/DirectShow">
        <!-- Variables -->
        <!-- Methods -->
        <Api Name="Run">
            <Return Type="HRESULT" />
        </Api>
        <Api Name="Pause">
            <Return Type="HRESULT" />
        </Api>
        <Api Name="Stop">
            <Return Type="HRESULT" />
        </Api>
        <Api Name="GetState">
            <Param Type="LONG" Name="msTimeout" />
            <Param Type="OAFilterState*" Name="pfs" />
            <Return Type="HRESULT" />
        </Api>
        <Api Name="RenderFile">
            <Param Type="BSTR" Name="strFilename" />
            <Return Type="HRESULT" />
        </Api>
        <Api Name="AddSourceFilter">
            <Param Type="BSTR" Name="strFilename" />
            <Param Type="IDispatch**" Name="ppUnk" />
            <Return Type="HRESULT" />
        </Api>
        <Api Name="get_FilterCollection">
            <Param Type="IDispatch**" Name="ppUnk" />
            <Return Type="HRESULT" />
        </Api>
        <Api Name="get_RegFilterCollection">
            <Param Type="IDispatch**" Name="ppUnk" />
            <Return Type="HRESULT" />
        </Api>
        <Api Name="StopWhenReady">
            <Return Type="HRESULT" />
        </Api>
    </Interface>
</ApiMonitor>
