<!--
    API Monitor Definitions
    (c) 2010-2011, Rohitab Batra <rohitab@rohitab.com>
    http://www.rohitab.com/apimonitor/
-->
<ApiMonitor>
    <Include Filename="Interfaces\IUnknown.xml" />
    <Interface Name="IMediaEventSink" Id="{56a868a2-0ad4-11ce-b03a-0020af0ba770}" BaseInterface="IUnknown" OnlineHelp="MSDN" ErrorFunc="HRESULT" Category="Audio and Video/DirectShow">
        <!-- Variables -->
        <!-- Methods -->
        <Api Name="Notify">
            <Param Type="[MediaEventCode]" Name="EventCode" />
            <Param Type="LONG_PTR" Name="EventParam1" />
            <Param Type="LONG_PTR" Name="EventParam2" />
            <Return Type="HRESULT" />
        </Api>
    </Interface>
</ApiMonitor>