<!--
    API Monitor Definitions
    (c) 2010-2011, Rohitab Batra <rohitab@rohitab.com>
    http://www.rohitab.com/apimonitor/
-->
<ApiMonitor>
    <Include Filename="Interfaces\IDispatch.xml" />
    <Interface Name="IMediaPosition" Id="{56a868b2-0ad4-11ce-b03a-0020af0ba770}" BaseInterface="IDispatch" OnlineHelp="MSDN" ErrorFunc="HRESULT" Category="Audio and Video/DirectShow">
        <!-- Variables -->
        <!-- Methods -->
        <Api Name="get_Duration">
            <Param Type="REFTIME*" Name="plength" />
            <Return Type="HRESULT" />
        </Api>
        <Api Name="put_CurrentPosition">
            <Param Type="REFTIME" Name="llTime" />
            <Return Type="HRESULT" />
        </Api>
        <Api Name="get_CurrentPosition">
            <Param Type="REFTIME*" Name="pllTime" />
            <Return Type="HRESULT" />
        </Api>
        <Api Name="get_StopTime">
            <Param Type="REFTIME*" Name="pllTime" />
            <Return Type="HRESULT" />
        </Api>
        <Api Name="put_StopTime">
            <Param Type="REFTIME" Name="llTime" />
            <Return Type="HRESULT" />
        </Api>
        <Api Name="get_PrerollTime">
            <Param Type="REFTIME*" Name="pllTime" />
            <Return Type="HRESULT" />
        </Api>
        <Api Name="put_PrerollTime">
            <Param Type="REFTIME" Name="llTime" />
            <Return Type="HRESULT" />
        </Api>
        <Api Name="put_Rate">
            <Param Type="double" Name="dRate" />
            <Return Type="HRESULT" />
        </Api>
        <Api Name="get_Rate">
            <Param Type="double*" Name="pdRate" />
            <Return Type="HRESULT" />
        </Api>
        <Api Name="CanSeekForward">
            <Param Type="LONG*" Name="pCanSeekForward" />
            <Return Type="HRESULT" />
        </Api>
        <Api Name="CanSeekBackward">
            <Param Type="LONG*" Name="pCanSeekBackward" />
            <Return Type="HRESULT" />
        </Api>
    </Interface>
</ApiMonitor>
