<!--
    API Monitor Definitions
    (c) 2010-2011, Rohitab Batra <rohitab@rohitab.com>
    http://www.rohitab.com/apimonitor/
-->
<ApiMonitor>
    <Include Filename="Interfaces\IUnknown.xml" />
    <Interface Name="IMediaSeeking" Id="{36b73880-c2c8-11cf-8b46-00805f6cef60}" BaseInterface="IUnknown" OnlineHelp="MSDN" ErrorFunc="HRESULT" Category="Audio and Video/DirectShow">
        <!-- Variables -->
        <!-- Methods -->
        <Api Name="GetCapabilities">
            <Param Type="DWORD*" Name="pCapabilities" />
            <Return Type="HRESULT" />
        </Api>
        <Api Name="CheckCapabilities">
            <Param Type="DWORD*" Name="pCapabilities" />
            <Return Type="HRESULT" />
        </Api>
        <Api Name="IsFormatSupported">
            <Param Type="const GUID*" Name="pFormat" />
            <Return Type="HRESULT" />
        </Api>
        <Api Name="QueryPreferredFormat">
            <Param Type="GUID*" Name="pFormat" />
            <Return Type="HRESULT" />
        </Api>
        <Api Name="GetTimeFormat">
            <Param Type="GUID*" Name="pFormat" />
            <Return Type="HRESULT" />
        </Api>
        <Api Name="IsUsingTimeFormat">
            <Param Type="const GUID*" Name="pFormat" />
            <Return Type="HRESULT" />
        </Api>
        <Api Name="SetTimeFormat">
            <Param Type="const GUID*" Name="pFormat" />
            <Return Type="HRESULT" />
        </Api>
        <Api Name="GetDuration">
            <Param Type="LONGLONG*" Name="pDuration" />
            <Return Type="HRESULT" />
        </Api>
        <Api Name="GetStopPosition">
            <Param Type="LONGLONG*" Name="pStop" />
            <Return Type="HRESULT" />
        </Api>
        <Api Name="GetCurrentPosition">
            <Param Type="LONGLONG*" Name="pCurrent" />
            <Return Type="HRESULT" />
        </Api>
        <Api Name="ConvertTimeFormat">
            <Param Type="LONGLONG*" Name="pTarget" />
            <Param Type="const GUID*" Name="pTargetFormat" />
            <Param Type="LONGLONG" Name="Source" />
            <Param Type="const GUID*" Name="pSourceFormat" />
            <Return Type="HRESULT" />
        </Api>
        <Api Name="SetPositions">
            <Param Type="LONGLONG*" Name="pCurrent" />
            <Param Type="DWORD" Name="dwCurrentFlags" />
            <Param Type="LONGLONG*" Name="pStop" />
            <Param Type="DWORD" Name="dwStopFlags" />
            <Return Type="HRESULT" />
        </Api>
        <Api Name="GetPositions">
            <Param Type="LONGLONG*" Name="pCurrent" />
            <Param Type="LONGLONG*" Name="pStop" />
            <Return Type="HRESULT" />
        </Api>
        <Api Name="GetAvailable">
            <Param Type="LONGLONG*" Name="pEarliest" />
            <Param Type="LONGLONG*" Name="pLatest" />
            <Return Type="HRESULT" />
        </Api>
        <Api Name="SetRate">
            <Param Type="double" Name="dRate" />
            <Return Type="HRESULT" />
        </Api>
        <Api Name="GetRate">
            <Param Type="double*" Name="pdRate" />
            <Return Type="HRESULT" />
        </Api>
        <Api Name="GetPreroll">
            <Param Type="LONGLONG*" Name="pllPreroll" />
            <Return Type="HRESULT" />
        </Api>
    </Interface>
</ApiMonitor>