<!--
    API Monitor Definitions
    (c) 2010-2011, Rohitab Batra <rohitab@rohitab.com>
    http://www.rohitab.com/apimonitor/
-->
<ApiMonitor>
    <Include Filename="Interfaces\IUnknown.xml" />
    <Interface Name="IMemAllocator" Id="{56a8689c-0ad4-11ce-b03a-0020af0ba770}" BaseInterface="IUnknown" OnlineHelp="MSDN" ErrorFunc="HRESULT" Category="Audio and Video/DirectShow">
        <!-- Variables -->
        <!-- Methods -->
        <Api Name="SetProperties">
            <Param Type="ALLOCATOR_PROPERTIES*" Name="pRequest" />
            <Param Type="ALLOCATOR_PROPERTIES*" Name="pActual" />
            <Return Type="HRESULT" />
        </Api>
        <Api Name="GetProperties">
            <Param Type="ALLOCATOR_PROPERTIES*" Name="pProps" />
            <Return Type="HRESULT" />
        </Api>
        <Api Name="Commit">
            <Return Type="HRESULT" />
        </Api>
        <Api Name="Decommit">
            <Return Type="HRESULT" />
        </Api>
        <Api Name="GetBuffer">
            <Param Type="IMediaSample**" Name="ppBuffer" />
            <Param Type="REFERENCE_TIME*" Name="pStartTime" />
            <Param Type="REFERENCE_TIME*" Name="pEndTime" />
            <Param Type="DWORD" Name="dwFlags" />
            <Return Type="HRESULT" />
        </Api>
        <Api Name="ReleaseBuffer">
            <Param Type="IMediaSample*" Name="pBuffer" />
            <Return Type="HRESULT" />
        </Api>
    </Interface>
</ApiMonitor>