<!--
    API Monitor Definitions
    (c) 2010-2011, Rohitab Batra <rohitab@rohitab.com>
    http://www.rohitab.com/apimonitor/
-->
<ApiMonitor>
    <Include Filename="Interfaces\IUnknown.xml" />
    <Interface Name="IMemInputPin" Id="{56a8689d-0ad4-11ce-b03a-0020af0ba770}" BaseInterface="IUnknown" OnlineHelp="MSDN" ErrorFunc="HRESULT" Category="Audio and Video/DirectShow">
        <!-- Variables -->
        <!-- Methods -->
        <Api Name="GetAllocator">
            <Param Type="IMemAllocator**" Name="ppAllocator" />
            <Return Type="HRESULT" />
        </Api>
        <Api Name="NotifyAllocator">
            <Param Type="IMemAllocator*" Name="pAllocator" />
            <Param Type="BOOL" Name="bReadOnly" />
            <Return Type="HRESULT" />
        </Api>
        <Api Name="GetAllocatorRequirements">
            <Param Type="ALLOCATOR_PROPERTIES*" Name="pProps" />
            <Return Type="HRESULT" />
        </Api>
        <Api Name="Receive">
            <Param Type="IMediaSample*" Name="pSample" />
            <Return Type="HRESULT" />
        </Api>
        <Api Name="ReceiveMultiple">
            <Param Type="IMediaSample**" Name="pSamples" />
            <Param Type="long" Name="nSamples" />
            <Param Type="long*" Name="nSamplesProcessed" />
            <Return Type="HRESULT" />
        </Api>
        <Api Name="ReceiveCanBlock">
            <Return Type="HRESULT" />
        </Api>
    </Interface>
</ApiMonitor>