<!--
    API Monitor Definitions
    (c) 2010-2011, Rohitab Batra <rohitab@rohitab.com>
    http://www.rohitab.com/apimonitor/
-->
<ApiMonitor>
    <Include Filename="Interfaces\DirectShow\IMemAllocator.xml" />
    <Interface Name="IMemAllocatorCallbackTemp" Id="{379a0cf0-c1de-11d2-abf5-00a0c905f375}" BaseInterface="IMemAllocator" OnlineHelp="MSDN" ErrorFunc="HRESULT" Category="Audio and Video/DirectShow">
        <!-- Variables -->
        <!-- Methods -->
        <Api Name="SetNotify">
            <Param Type="IMemAllocatorNotifyCallbackTemp*" Name="pNotify" />
            <Return Type="HRESULT" />
        </Api>
        <Api Name="GetFreeCount">
            <Param Type="LONG*" Name="plBuffersFree" />
            <Return Type="HRESULT" />
        </Api>
    </Interface>
</ApiMonitor>