<!--
    API Monitor Definitions
    (c) 2010-2011, Rohitab Batra <rohitab@rohitab.com>
    http://www.rohitab.com/apimonitor/
-->
<ApiMonitor>
    <Include Filename="Interfaces\IUnknown.xml" />
    <Interface Name="IOverlayNotify" Id="{56a868a0-0ad4-11ce-b03a-0020af0ba770}" BaseInterface="IUnknown" OnlineHelp="MSDN" ErrorFunc="HRESULT" Category="Audio and Video/DirectShow">
        <!-- Variables -->
        <!-- Methods -->
        <Api Name="OnPaletteChange">
            <Param Type="DWORD" Name="dwColors" />
            <Param Type="const PALETTEENTRY*" Name="pPalette" />
            <Return Type="HRESULT" />
        </Api>
        <Api Name="OnClipChange">
            <Param Type="const RECT*" Name="pSourceRect" />
            <Param Type="const RECT*" Name="pDestinationRect" />
            <Param Type="const RGNDATA*" Name="pRgnData" />
            <Return Type="HRESULT" />
        </Api>
        <Api Name="OnColorKeyChange">
            <Param Type="const COLORKEY*" Name="pColorKey" />
            <Return Type="HRESULT" />
        </Api>
        <Api Name="OnPositionChange">
            <Param Type="const RECT*" Name="pSourceRect" />
            <Param Type="const RECT*" Name="pDestinationRect" />
            <Return Type="HRESULT" />
        </Api>
    </Interface>
</ApiMonitor>