<!--
    API Monitor Definitions
    (c) 2010-2011, Rohitab Batra <rohitab@rohitab.com>
    http://www.rohitab.com/apimonitor/
-->
<ApiMonitor>
    <Include Filename="Interfaces\IUnknown.xml" />
    <Interface Name="IOverlay" Id="{56a868a1-0ad4-11ce-b03a-0020af0ba770}" BaseInterface="IUnknown" OnlineHelp="MSDN" ErrorFunc="HRESULT" Category="Audio and Video/DirectShow">
        <!-- Variables -->
        <!-- Methods -->
        <Api Name="GetPalette">
            <Param Type="DWORD*" Name="pdwColors" />
            <Return Type="HRESULT" />
        </Api>
        <Api Name="SetPalette">
            <Param Type="DWORD" Name="dwColors" />
            <Param Type="PALETTEENTRY*" Name="pPalette" />
            <Return Type="HRESULT" />
        </Api>
        <Api Name="GetDefaultColorKey">
            <Param Type="COLORKEY*" Name="pColorKey" />
            <Return Type="HRESULT" />
        </Api>
        <Api Name="GetColorKey">
            <Param Type="COLORKEY*" Name="pColorKey" />
            <Return Type="HRESULT" />
        </Api>
        <Api Name="SetColorKey">
            <Param Type="COLORKEY*" Name="pColorKey" />
            <Return Type="HRESULT" />
        </Api>
        <Api Name="GetWindowHandle">
            <Param Type="HWND*" Name="pHwnd" />
            <Return Type="HRESULT" />
        </Api>
        <Api Name="GetClipList">
            <Param Type="RECT*" Name="pSourceRect" />
            <Param Type="RECT*" Name="pDestinationRect" />
            <Param Type="RGNDATA**" Name="ppRgnData" />
            <Return Type="HRESULT" />
        </Api>
        <Api Name="GetVideoPosition">
            <Param Type="RECT*" Name="pSourceRect" />
            <Param Type="RECT*" Name="pDestinationRect" />
            <Return Type="HRESULT" />
        </Api>
        <Api Name="Advise">
            <Param Type="IOverlayNotify*" Name="pOverlayNotify" />
            <Param Type="DWORD" Name="dwInterests" />
            <Return Type="HRESULT" />
        </Api>
        <Api Name="Unadvise">
            <Return Type="HRESULT" />
        </Api>
    </Interface>
</ApiMonitor>