<!--
    API Monitor Definitions
    (c) 2010-2011, Rohitab Batra <rohitab@rohitab.com>
    http://www.rohitab.com/apimonitor/
-->
<ApiMonitor>
    <Include Filename="Interfaces\IDispatch.xml" />
    <Interface Name="IPinInfo" Id="{56a868bd-0ad4-11ce-b03a-0020af0ba770}" BaseInterface="IDispatch" OnlineHelp="MSDN" ErrorFunc="HRESULT" Category="Audio and Video/DirectShow">
        <!-- Variables -->
        <!-- Methods -->
        <Api Name="get_Pin">
            <Param Type="IUnknown**" Name="ppUnk" />
            <Return Type="HRESULT" />
        </Api>
        <Api Name="get_ConnectedTo">
            <Param Type="IDispatch**" Name="ppUnk" />
            <Return Type="HRESULT" />
        </Api>
        <Api Name="get_ConnectionMediaType">
            <Param Type="IDispatch**" Name="ppUnk" />
            <Return Type="HRESULT" />
        </Api>
        <Api Name="get_FilterInfo">
            <Param Type="IDispatch**" Name="ppUnk" />
            <Return Type="HRESULT" />
        </Api>
        <Api Name="get_Name">
            <Param Type="BSTR*" Name="ppUnk" />
            <Return Type="HRESULT" />
        </Api>
        <Api Name="get_Direction">
            <Param Type="LONG*" Name="ppDirection" />
            <Return Type="HRESULT" />
        </Api>
        <Api Name="get_PinID">
            <Param Type="BSTR*" Name="strPinID" />
            <Return Type="HRESULT" />
        </Api>
        <Api Name="get_MediaTypes">
            <Param Type="IDispatch**" Name="ppUnk" />
            <Return Type="HRESULT" />
        </Api>
        <Api Name="Connect">
            <Param Type="IUnknown*" Name="pPin" />
            <Return Type="HRESULT" />
        </Api>
        <Api Name="ConnectDirect">
            <Param Type="IUnknown*" Name="pPin" />
            <Return Type="HRESULT" />
        </Api>
        <Api Name="ConnectWithType">
            <Param Type="IUnknown*" Name="pPin" />
            <Param Type="IDispatch*" Name="pMediaType" />
            <Return Type="HRESULT" />
        </Api>
        <Api Name="Disconnect">
            <Return Type="HRESULT" />
        </Api>
        <Api Name="Render">
            <Return Type="HRESULT" />
        </Api>
    </Interface>
</ApiMonitor>
