<!--
    API Monitor Definitions
    (c) 2010-2011, Rohitab Batra <rohitab@rohitab.com>
    http://www.rohitab.com/apimonitor/
-->
<ApiMonitor>
    <Include Filename="Interfaces\IUnknown.xml" />
    <Interface Name="IPinConnection" Id="{4a9a62d3-27d4-403d-91e9-89f540e55534}" BaseInterface="IUnknown" OnlineHelp="MSDN" ErrorFunc="HRESULT" Category="Audio and Video/DirectShow">
        <!-- Variables -->
        <!-- Methods -->
        <Api Name="DynamicQueryAccept">
            <Param Type="const AM_MEDIA_TYPE*" Name="pmt" />
            <Return Type="HRESULT" />
        </Api>
        <Api Name="NotifyEndOfStream">
            <Param Type="HANDLE" Name="hNotifyEvent" />
            <Return Type="HRESULT" />
        </Api>
        <Api Name="IsEndPin">
            <Return Type="HRESULT" />
        </Api>
        <Api Name="DynamicDisconnect">
            <Return Type="HRESULT" />
        </Api>
    </Interface>
</ApiMonitor>