<!--
    API Monitor Definitions
    (c) 2010-2011, Rohitab Batra <rohitab@rohitab.com>
    http://www.rohitab.com/apimonitor/
-->
<ApiMonitor>
    <Include Filename="Interfaces\IUnknown.xml" />
    <Interface Name="IReferenceClockTimerControl" Id="{ebec459c-2eca-4d42-a8af-30df557614b8}" BaseInterface="IUnknown" OnlineHelp="MSDN" ErrorFunc="HRESULT" Category="Audio and Video/DirectShow">
        <!-- Variables -->
        <!-- Methods -->
        <Api Name="SetDefaultTimerResolution">
            <Param Type="REFERENCE_TIME" Name="timerResolution" />
            <Return Type="HRESULT" />
        </Api>
        <Api Name="GetDefaultTimerResolution">
            <Param Type="REFERENCE_TIME*" Name="pTimerResolution" />
            <Return Type="HRESULT" />
        </Api>
    </Interface>
</ApiMonitor>