<!--
    API Monitor Definitions
    (c) 2010-2011, Rohitab Batra <rohitab@rohitab.com>
    http://www.rohitab.com/apimonitor/
-->
<ApiMonitor>
    <Include Filename="Interfaces\IUnknown.xml" />
    <Interface Name="ISeekingPassThru" Id="{36b73883-c2c8-11cf-8b46-00805f6cef60}" BaseInterface="IUnknown" OnlineHelp="MSDN" ErrorFunc="HRESULT" Category="Audio and Video/DirectShow">
        <!-- Variables -->
        <!-- Methods -->
        <Api Name="Init">
            <Param Type="BOOL" Name="bSupportRendering" />
            <Param Type="IPin*" Name="pPin" />
            <Return Type="HRESULT" />
        </Api>
    </Interface>
</ApiMonitor>