<!--
    API Monitor Definitions
    (c) 2010-2011, Rohitab Batra <rohitab@rohitab.com>
    http://www.rohitab.com/apimonitor/
-->
<ApiMonitor>
    <Include Filename="Interfaces\IUnknown.xml" />
    <Interface Name="IVideoFrameStep" Id="{e46a9787-2b71-444d-a4b5-1fab7b708d6a}" BaseInterface="IUnknown" OnlineHelp="MSDN" ErrorFunc="HRESULT" Category="Audio and Video/DirectShow">
        <!-- Variables -->
        <!-- Methods -->
        <Api Name="Step">
            <Param Type="DWORD" Name="dwFrames" />
            <Param Type="IUnknown*" Name="pStepObject" />
            <Return Type="HRESULT" />
        </Api>
        <Api Name="CanStep">
            <Param Type="long" Name="bMultiple" />
            <Param Type="IUnknown*" Name="pStepObject" />
            <Return Type="HRESULT" />
        </Api>
        <Api Name="CancelStep">
            <Return Type="HRESULT" />
        </Api>
    </Interface>
</ApiMonitor>