<!--
    API Monitor Definitions
    (c) 2010-2011, Rohitab Batra <rohitab@rohitab.com>
    http://www.rohitab.com/apimonitor/
-->
<ApiMonitor>
    <Include Filename="Interfaces\IDispatch.xml" />
    <Interface Name="IVideoWindow" Id="{56a868b4-0ad4-11ce-b03a-0020af0ba770}" BaseInterface="IDispatch" OnlineHelp="MSDN" ErrorFunc="HRESULT" Category="Audio and Video/DirectShow">
        <!-- Variables -->
        <!-- Methods -->
        <Api Name="put_Caption">
            <Param Type="BSTR" Name="strCaption" />
            <Return Type="HRESULT" />
        </Api>
        <Api Name="get_Caption">
            <Param Type="BSTR*" Name="strCaption" />
            <Return Type="HRESULT" />
        </Api>
        <Api Name="put_WindowStyle">
            <Param Type="long" Name="WindowStyle" />
            <Return Type="HRESULT" />
        </Api>
        <Api Name="get_WindowStyle">
            <Param Type="long*" Name="WindowStyle" />
            <Return Type="HRESULT" />
        </Api>
        <Api Name="put_WindowStyleEx">
            <Param Type="long" Name="WindowStyleEx" />
            <Return Type="HRESULT" />
        </Api>
        <Api Name="get_WindowStyleEx">
            <Param Type="long*" Name="WindowStyleEx" />
            <Return Type="HRESULT" />
        </Api>
        <Api Name="put_AutoShow">
            <Param Type="long" Name="AutoShow" />
            <Return Type="HRESULT" />
        </Api>
        <Api Name="get_AutoShow">
            <Param Type="long*" Name="AutoShow" />
            <Return Type="HRESULT" />
        </Api>
        <Api Name="put_WindowState">
            <Param Type="long" Name="WindowState" />
            <Return Type="HRESULT" />
        </Api>
        <Api Name="get_WindowState">
            <Param Type="long*" Name="WindowState" />
            <Return Type="HRESULT" />
        </Api>
        <Api Name="put_BackgroundPalette">
            <Param Type="long" Name="BackgroundPalette" />
            <Return Type="HRESULT" />
        </Api>
        <Api Name="get_BackgroundPalette">
            <Param Type="long*" Name="pBackgroundPalette" />
            <Return Type="HRESULT" />
        </Api>
        <Api Name="put_Visible">
            <Param Type="long" Name="Visible" />
            <Return Type="HRESULT" />
        </Api>
        <Api Name="get_Visible">
            <Param Type="long*" Name="pVisible" />
            <Return Type="HRESULT" />
        </Api>
        <Api Name="put_Left">
            <Param Type="long" Name="Left" />
            <Return Type="HRESULT" />
        </Api>
        <Api Name="get_Left">
            <Param Type="long*" Name="pLeft" />
            <Return Type="HRESULT" />
        </Api>
        <Api Name="put_Width">
            <Param Type="long" Name="Width" />
            <Return Type="HRESULT" />
        </Api>
        <Api Name="get_Width">
            <Param Type="long*" Name="pWidth" />
            <Return Type="HRESULT" />
        </Api>
        <Api Name="put_Top">
            <Param Type="long" Name="Top" />
            <Return Type="HRESULT" />
        </Api>
        <Api Name="get_Top">
            <Param Type="long*" Name="pTop" />
            <Return Type="HRESULT" />
        </Api>
        <Api Name="put_Height">
            <Param Type="long" Name="Height" />
            <Return Type="HRESULT" />
        </Api>
        <Api Name="get_Height">
            <Param Type="long*" Name="pHeight" />
            <Return Type="HRESULT" />
        </Api>
        <Api Name="put_Owner">
            <Param Type="OAHWND" Name="Owner" />
            <Return Type="HRESULT" />
        </Api>
        <Api Name="get_Owner">
            <Param Type="OAHWND*" Name="Owner" />
            <Return Type="HRESULT" />
        </Api>
        <Api Name="put_MessageDrain">
            <Param Type="OAHWND" Name="Drain" />
            <Return Type="HRESULT" />
        </Api>
        <Api Name="get_MessageDrain">
            <Param Type="OAHWND*" Name="Drain" />
            <Return Type="HRESULT" />
        </Api>
        <Api Name="get_BorderColor">
            <Param Type="long*" Name="Color" />
            <Return Type="HRESULT" />
        </Api>
        <Api Name="put_BorderColor">
            <Param Type="long" Name="Color" />
            <Return Type="HRESULT" />
        </Api>
        <Api Name="get_FullScreenMode">
            <Param Type="long*" Name="FullScreenMode" />
            <Return Type="HRESULT" />
        </Api>
        <Api Name="put_FullScreenMode">
            <Param Type="long" Name="FullScreenMode" />
            <Return Type="HRESULT" />
        </Api>
        <Api Name="SetWindowForeground">
            <Param Type="long" Name="Focus" />
            <Return Type="HRESULT" />
        </Api>
        <Api Name="NotifyOwnerMessage">
            <Param Type="OAHWND" Name="hwnd" />
            <Param Type="long" Name="uMsg" />
            <Param Type="LONG_PTR" Name="wParam" />
            <Param Type="LONG_PTR" Name="lParam" />
            <Return Type="HRESULT" />
        </Api>
        <Api Name="SetWindowPosition">
            <Param Type="long" Name="Left" />
            <Param Type="long" Name="Top" />
            <Param Type="long" Name="Width" />
            <Param Type="long" Name="Height" />
            <Return Type="HRESULT" />
        </Api>
        <Api Name="GetWindowPosition">
            <Param Type="long*" Name="pLeft" />
            <Param Type="long*" Name="pTop" />
            <Param Type="long*" Name="pWidth" />
            <Param Type="long*" Name="pHeight" />
            <Return Type="HRESULT" />
        </Api>
        <Api Name="GetMinIdealImageSize">
            <Param Type="long*" Name="pWidth" />
            <Param Type="long*" Name="pHeight" />
            <Return Type="HRESULT" />
        </Api>
        <Api Name="GetMaxIdealImageSize">
            <Param Type="long*" Name="pWidth" />
            <Param Type="long*" Name="pHeight" />
            <Return Type="HRESULT" />
        </Api>
        <Api Name="GetRestorePosition">
            <Param Type="long*" Name="pLeft" />
            <Param Type="long*" Name="pTop" />
            <Param Type="long*" Name="pWidth" />
            <Param Type="long*" Name="pHeight" />
            <Return Type="HRESULT" />
        </Api>
        <Api Name="HideCursor">
            <Param Type="long" Name="HideCursor" />
            <Return Type="HRESULT" />
        </Api>
        <Api Name="IsCursorHidden">
            <Param Type="long*" Name="CursorHidden" />
            <Return Type="HRESULT" />
        </Api>
    </Interface>
</ApiMonitor>
