<!--
    API Monitor Definitions
    (c) 2010-2011, Rohitab Batra <rohitab@rohitab.com>
    http://www.rohitab.com/apimonitor/
-->
<ApiMonitor>
    <Include Filename="Interfaces\IUnknown.xml" />
    <Interface Name="IVMRImageCompositor" Id="{7a4fb5af-479f-4074-bb40-ce6722e43c82}" BaseInterface="IUnknown" OnlineHelp="MSDN" ErrorFunc="HRESULT" Category="Audio and Video/DirectShow">
        <!-- Variables -->
        <!-- Methods -->
        <Api Name="InitCompositionTarget">
            <Param Type="IUnknown*" Name="pD3DDevice" />
            <Param Type="LPDIRECTDRAWSURFACE7" Name="pddsRenderTarget" />
            <Return Type="HRESULT" />
        </Api>
        <Api Name="TermCompositionTarget">
            <Param Type="IUnknown*" Name="pD3DDevice" />
            <Param Type="LPDIRECTDRAWSURFACE7" Name="pddsRenderTarget" />
            <Return Type="HRESULT" />
        </Api>
        <Api Name="SetStreamMediaType">
            <Param Type="DWORD" Name="dwStrmID" />
            <Param Type="AM_MEDIA_TYPE*" Name="pmt" />
            <Param Type="BOOL" Name="fTexture" />
            <Return Type="HRESULT" />
        </Api>
        <Api Name="CompositeImage">
            <Param Type="IUnknown*" Name="pD3DDevice" />
            <Param Type="LPDIRECTDRAWSURFACE7" Name="pddsRenderTarget" />
            <Param Type="AM_MEDIA_TYPE*" Name="pmtRenderTarget" />
            <Param Type="REFERENCE_TIME" Name="rtStart" />
            <Param Type="REFERENCE_TIME" Name="rtEnd" />
            <Param Type="DWORD" Name="dwClrBkGnd" />
            <Param Type="VMRVIDEOSTREAMINFO*" Name="pVideoStreamInfo" />
            <Param Type="UINT" Name="cStreams" />
            <Return Type="HRESULT" />
        </Api>
    </Interface>
</ApiMonitor>