<!--
    API Monitor Definitions
    (c) 2010-2011, Rohitab Batra <rohitab@rohitab.com>
    http://www.rohitab.com/apimonitor/
-->
<ApiMonitor>
    <Include Filename="Interfaces\IUnknown.xml" />
    <Interface Name="IVMRVideoStreamControl" Id="{058d1f11-2a54-4bef-bd54-df706626b727}" BaseInterface="IUnknown" OnlineHelp="MSDN" ErrorFunc="HRESULT" Category="Audio and Video/DirectShow">
        <!-- Variables -->
        <!-- Methods -->
        <Api Name="SetColorKey">
            <Param Type="LPDDCOLORKEY" Name="lpClrKey" />
            <Return Type="HRESULT" />
        </Api>
        <Api Name="GetColorKey">
            <Param Type="LPDDCOLORKEY" Name="lpClrKey" />
            <Return Type="HRESULT" />
        </Api>
        <Api Name="SetStreamActiveState">
            <Param Type="BOOL" Name="fActive" />
            <Return Type="HRESULT" />
        </Api>
        <Api Name="GetStreamActiveState">
            <Param Type="BOOL*" Name="lpfActive" />
            <Return Type="HRESULT" />
        </Api>
    </Interface>
</ApiMonitor>