<!--
    API Monitor Definitions
    (c) 2010-2011, Rohitab Batra <rohitab@rohitab.com>
    http://www.rohitab.com/apimonitor/
-->
<ApiMonitor>
    <Include Filename="Interfaces\IUnknown.xml" />
    <Include Filename="Headers\directx.h.xml" />
    <Interface Name="IVMRImageCompositor9" Id="{4a5c89eb-df51-4654-ac2a-e48e02bbabf6}" BaseInterface="IUnknown" OnlineHelp="MSDN" ErrorFunc="HRESULT" Category="Audio and Video/DirectShow">
        <!-- Variables -->
        <!-- Methods -->
        <Api Name="InitCompositionDevice">
            <Param Type="IUnknown*" Name="pD3DDevice" />
            <Return Type="HRESULT" />
        </Api>
        <Api Name="TermCompositionDevice">
            <Param Type="IUnknown*" Name="pD3DDevice" />
            <Return Type="HRESULT" />
        </Api>
        <Api Name="SetStreamMediaType">
            <Param Type="DWORD" Name="dwStrmID" />
            <Param Type="AM_MEDIA_TYPE*" Name="pmt" />
            <Param Type="BOOL" Name="fTexture" />
            <Return Type="HRESULT" />
        </Api>
        <Api Name="CompositeImage">
            <Param Type="IUnknown*" Name="pD3DDevice" />
            <Param Type="IDirect3DSurface9*" Name="pddsRenderTarget" />
            <Param Type="AM_MEDIA_TYPE*" Name="pmtRenderTarget" />
            <Param Type="REFERENCE_TIME" Name="rtStart" />
            <Param Type="REFERENCE_TIME" Name="rtEnd" />
            <Param Type="D3DCOLOR" Name="dwClrBkGnd" />
            <Param Type="VMR9VideoStreamInfo*" Name="pVideoStreamInfo" />
            <Param Type="UINT" Name="cStreams" />
            <Return Type="HRESULT" />
        </Api>
    </Interface>
</ApiMonitor>