<!--
    API Monitor Definitions
    (c) 2010-2011, Rohitab Batra <rohitab@rohitab.com>
    http://www.rohitab.com/apimonitor/
-->
<ApiMonitor>
    <Include Filename="Interfaces\IUnknown.xml" />
    <Interface Name="IVMRSurfaceAllocatorNotify" Id="{aada05a8-5a4e-4729-af0b-cea27aed51e2}" BaseInterface="IUnknown" OnlineHelp="MSDN" ErrorFunc="HRESULT" Category="Audio and Video/DirectShow">
        <!-- Variables -->
        <!-- Methods -->
        <Api Name="AdviseSurfaceAllocator">
            <Param Type="DWORD_PTR" Name="dwUserID" />
            <Param Type="IVMRSurfaceAllocator*" Name="lpIVRMSurfaceAllocator" />
            <Return Type="HRESULT" />
        </Api>
        <Api Name="SetDDrawDevice">
            <Param Type="LPDIRECTDRAW7" Name="lpDDrawDevice" />
            <Param Type="HMONITOR" Name="hMonitor" />
            <Return Type="HRESULT" />
        </Api>
        <Api Name="ChangeDDrawDevice">
            <Param Type="LPDIRECTDRAW7" Name="lpDDrawDevice" />
            <Param Type="HMONITOR" Name="hMonitor" />
            <Return Type="HRESULT" />
        </Api>
        <Api Name="RestoreDDrawSurfaces">
            <Return Type="HRESULT" />
        </Api>
        <Api Name="NotifyEvent">
            <Param Type="[MediaEventCode]" Display="LONG" Name="EventCode" />
            <Param Type="LONG_PTR" Name="Param1" />
            <Param Type="LONG_PTR" Name="Param2" />
            <Return Type="HRESULT" />
        </Api>
        <Api Name="SetBorderColor">
            <Param Type="COLORREF" Name="clrBorder" />
            <Return Type="HRESULT" />
        </Api>
    </Interface>
</ApiMonitor>