<!--
    API Monitor Definitions
    (c) 2010-2011, Rohitab Batra <rohitab@rohitab.com>
    http://www.rohitab.com/apimonitor/
-->
<ApiMonitor>
    <Include Filename="Interfaces\IUnknown.xml" />
    <Interface Name="IVMRDeinterlaceControl9" Id="{a215fb8d-13c2-4f7f-993c-003d6271a459}" BaseInterface="IUnknown" OnlineHelp="MSDN" ErrorFunc="HRESULT" Category="Audio and Video/DirectShow">
        <!-- Variables -->
        <!-- Methods -->
        <Api Name="GetNumberOfDeinterlaceModes">
            <Param Type="VMR9VideoDesc*" Name="lpVideoDescription" />
            <Param Type="LPDWORD" Name="lpdwNumDeinterlaceModes" />
            <Param Type="LPGUID" Name="lpDeinterlaceModes" />
            <Return Type="HRESULT" />
        </Api>
        <Api Name="GetDeinterlaceModeCaps">
            <Param Type="LPGUID" Name="lpDeinterlaceMode" />
            <Param Type="VMR9VideoDesc*" Name="lpVideoDescription" />
            <Param Type="VMR9DeinterlaceCaps*" Name="lpDeinterlaceCaps" />
            <Return Type="HRESULT" />
        </Api>
        <Api Name="GetDeinterlaceMode">
            <Param Type="DWORD" Name="dwStreamID" />
            <Param Type="LPGUID" Name="lpDeinterlaceMode" />
            <Return Type="HRESULT" />
        </Api>
        <Api Name="SetDeinterlaceMode">
            <Param Type="DWORD" Name="dwStreamID" />
            <Param Type="LPGUID" Name="lpDeinterlaceMode" />
            <Return Type="HRESULT" />
        </Api>
        <Api Name="GetDeinterlacePrefs">
            <Param Type="LPDWORD" Name="lpdwDeinterlacePrefs" />
            <Return Type="HRESULT" />
        </Api>
        <Api Name="SetDeinterlacePrefs">
            <Param Type="DWORD" Name="dwDeinterlacePrefs" />
            <Return Type="HRESULT" />
        </Api>
        <Api Name="GetActualDeinterlaceMode">
            <Param Type="DWORD" Name="dwStreamID" />
            <Param Type="LPGUID" Name="lpDeinterlaceMode" />
            <Return Type="HRESULT" />
        </Api>
    </Interface>
</ApiMonitor>