<!--
    API Monitor Definitions
    (c) 2010-2011, Rohitab Batra <rohitab@rohitab.com>
    http://www.rohitab.com/apimonitor/
-->
<ApiMonitor>
    <Include Filename="Interfaces\IUnknown.xml" />
    <Interface Name="IVMRWindowlessControl" Id="{0eb1088c-4dcd-46f0-878f-39dae86a51b7}" BaseInterface="IUnknown" OnlineHelp="MSDN" ErrorFunc="HRESULT" Category="Audio and Video/DirectShow">
        <!-- Variables -->
        <!-- Methods -->
        <Api Name="GetNativeVideoSize">
            <Param Type="LONG*" Name="lpWidth" />
            <Param Type="LONG*" Name="lpHeight" />
            <Param Type="LONG*" Name="lpARWidth" />
            <Param Type="LONG*" Name="lpARHeight" />
            <Return Type="HRESULT" />
        </Api>
        <Api Name="GetMinIdealVideoSize">
            <Param Type="LONG*" Name="lpWidth" />
            <Param Type="LONG*" Name="lpHeight" />
            <Return Type="HRESULT" />
        </Api>
        <Api Name="GetMaxIdealVideoSize">
            <Param Type="LONG*" Name="lpWidth" />
            <Param Type="LONG*" Name="lpHeight" />
            <Return Type="HRESULT" />
        </Api>
        <Api Name="SetVideoPosition">
            <Param Type="const LPRECT" Name="lpSRCRect" />
            <Param Type="const LPRECT" Name="lpDSTRect" />
            <Return Type="HRESULT" />
        </Api>
        <Api Name="GetVideoPosition">
            <Param Type="LPRECT" Name="lpSRCRect" />
            <Param Type="LPRECT" Name="lpDSTRect" />
            <Return Type="HRESULT" />
        </Api>
        <Api Name="GetAspectRatioMode">
            <Param Type="DWORD*" Name="lpAspectRatioMode" />
            <Return Type="HRESULT" />
        </Api>
        <Api Name="SetAspectRatioMode">
            <Param Type="DWORD" Name="AspectRatioMode" />
            <Return Type="HRESULT" />
        </Api>
        <Api Name="SetVideoClippingWindow">
            <Param Type="HWND" Name="hwnd" />
            <Return Type="HRESULT" />
        </Api>
        <Api Name="RepaintVideo">
            <Param Type="HWND" Name="hwnd" />
            <Param Type="HDC" Name="hdc" />
            <Return Type="HRESULT" />
        </Api>
        <Api Name="DisplayModeChanged">
            <Return Type="HRESULT" />
        </Api>
        <Api Name="GetCurrentImage">
            <Param Type="BYTE**" Name="lpDib" />
            <Return Type="HRESULT" />
        </Api>
        <Api Name="SetBorderColor">
            <Param Type="COLORREF" Name="Clr" />
            <Return Type="HRESULT" />
        </Api>
        <Api Name="GetBorderColor">
            <Param Type="COLORREF*" Name="lpClr" />
            <Return Type="HRESULT" />
        </Api>
        <Api Name="SetColorKey">
            <Param Type="COLORREF" Name="Clr" />
            <Return Type="HRESULT" />
        </Api>
        <Api Name="GetColorKey">
            <Param Type="COLORREF*" Name="lpClr" />
            <Return Type="HRESULT" />
        </Api>
    </Interface>
</ApiMonitor>