<!--
    API Monitor Definitions
    (c) 2010-2011, Rohitab Batra <rohitab@rohitab.com>
    http://www.rohitab.com/apimonitor/
-->
<ApiMonitor>
    <Include Filename="Interfaces\IUnknown.xml" />
    <Interface Name="IVMRSurface" Id="{a9849bbe-9ec8-4263-b764-62730f0d15d0}" BaseInterface="IUnknown" OnlineHelp="MSDN" ErrorFunc="HRESULT" Category="Audio and Video/DirectShow">
        <!-- Variables -->
        <!-- Methods -->
        <Api Name="IsSurfaceLocked">
            <Return Type="HRESULT" />
        </Api>
        <Api Name="LockSurface">
            <Param Type="BYTE**" Name="lpSurface" />
            <Return Type="HRESULT" />
        </Api>
        <Api Name="UnlockSurface">
            <Return Type="HRESULT" />
        </Api>
        <Api Name="GetSurface">
            <Param Type="LPDIRECTDRAWSURFACE7*" Name="lplpSurface" />
            <Return Type="HRESULT" />
        </Api>
    </Interface>
</ApiMonitor>