<!--
    API Monitor Definitions
    (c) 2010-2011, Rohitab Batra <rohitab@rohitab.com>
    http://www.rohitab.com/apimonitor/
-->
<ApiMonitor>
    <Include Filename="Interfaces\IUnknown.xml" />
    <Interface Name="IVMRSurface9" Id="{dfc581a1-6e1f-4c3a-8d0a-5e9792ea2afc}" BaseInterface="IUnknown" OnlineHelp="MSDN" ErrorFunc="HRESULT" Category="Audio and Video/DirectShow">
        <!-- Variables -->
        <!-- Methods -->
        <Api Name="IsSurfaceLocked">
            <Return Type="HRESULT" />
        </Api>
        <Api Name="LockSurface">
            <Param Type="BYTE**" Name="lpSurface" />
            <Return Type="HRESULT" />
        </Api>
        <Api Name="UnlockSurface">
            <Return Type="HRESULT" />
        </Api>
        <Api Name="GetSurface">
            <Param Type="IDirect3DSurface9**" Name="lplpSurface" />
            <Return Type="HRESULT" />
        </Api>
    </Interface>
</ApiMonitor>