<!--
    API Monitor Definitions
    (c) 2010-2011, Rohitab Batra <rohitab@rohitab.com>
    http://www.rohitab.com/apimonitor/
-->
<ApiMonitor>
    <Include Filename="Interfaces\IUnknown.xml" />
    <Interface Name="IVMRFilterConfig" Id="{9e5530c5-7034-48b4-bb46-0b8a6efc8e36}" BaseInterface="IUnknown" OnlineHelp="MSDN" ErrorFunc="HRESULT" Category="Audio and Video/DirectShow">
        <!-- Variables -->
        <!-- Methods -->
        <Api Name="SetImageCompositor">
            <Param Type="IVMRImageCompositor*" Name="lpVMRImgCompositor" />
            <Return Type="HRESULT" />
        </Api>
        <Api Name="SetNumberOfStreams">
            <Param Type="DWORD" Name="dwMaxStreams" />
            <Return Type="HRESULT" />
        </Api>
        <Api Name="GetNumberOfStreams">
            <Param Type="DWORD*" Name="pdwMaxStreams" />
            <Return Type="HRESULT" />
        </Api>
        <Api Name="SetRenderingPrefs">
            <Param Type="DWORD" Name="dwRenderFlags" />
            <Return Type="HRESULT" />
        </Api>
        <Api Name="GetRenderingPrefs">
            <Param Type="DWORD*" Name="pdwRenderFlags" />
            <Return Type="HRESULT" />
        </Api>
        <Api Name="SetRenderingMode">
            <Param Type="DWORD" Name="Mode" />
            <Return Type="HRESULT" />
        </Api>
        <Api Name="GetRenderingMode">
            <Param Type="DWORD*" Name="pMode" />
            <Return Type="HRESULT" />
        </Api>
    </Interface>
</ApiMonitor>