<!--
    API Monitor Definitions
    (c) 2010-2011, Rohitab Batra <rohitab@rohitab.com>
    http://www.rohitab.com/apimonitor/
-->
<ApiMonitor>
    <Include Filename="Interfaces\IUnknown.xml" />
    <Interface Name="IVMRFilterConfig9" Id="{5a804648-4f66-4867-9c43-4f5c822cf1b8}" BaseInterface="IUnknown" OnlineHelp="MSDN" ErrorFunc="HRESULT" Category="Audio and Video/DirectShow">
        <!-- Variables -->
        <!-- Methods -->
        <Api Name="SetImageCompositor">
            <Param Type="IVMRImageCompositor9*" Name="lpVMRImgCompositor" />
            <Return Type="HRESULT" />
        </Api>
        <Api Name="SetNumberOfStreams">
            <Param Type="DWORD" Name="dwMaxStreams" />
            <Return Type="HRESULT" />
        </Api>
        <Api Name="GetNumberOfStreams">
            <Param Type="DWORD*" Name="pdwMaxStreams" />
            <Return Type="HRESULT" />
        </Api>
        <Api Name="SetRenderingPrefs">
            <Param Type="DWORD" Name="dwRenderFlags" />
            <Return Type="HRESULT" />
        </Api>
        <Api Name="GetRenderingPrefs">
            <Param Type="DWORD*" Name="pdwRenderFlags" />
            <Return Type="HRESULT" />
        </Api>
        <Api Name="SetRenderingMode">
            <Param Type="DWORD" Name="Mode" />
            <Return Type="HRESULT" />
        </Api>
        <Api Name="GetRenderingMode">
            <Param Type="DWORD*" Name="pMode" />
            <Return Type="HRESULT" />
        </Api>
    </Interface>
</ApiMonitor>