<!--
    API Monitor Definitions
    (c) 2011-2012, Rohitab Batra <rohitab@rohitab.com>
    http://www.rohitab.com/apimonitor/
-->
<ApiMonitor>
    <Include Filename="Headers\windows.h.xml" />
    <Include Filename="Headers\multimedia.h.xml" />

    <Headers>

        <!-- Interfaces -->
        <Variable Name="IAudioAutoGainControl"				Type="Interface" />
        <Variable Name="IAudioBass"				            Type="Interface" />
        <Variable Name="IAudioCaptureClient"				Type="Interface" />
        <Variable Name="IAudioChannelConfig"				Type="Interface" />
        <Variable Name="IAudioClient"				        Type="Interface" />
        <Variable Name="IAudioClock"				        Type="Interface" />
        <Variable Name="IAudioClock2"				        Type="Interface" />
        <Variable Name="IAudioClockAdjustment"				Type="Interface" />
        <Variable Name="IAudioEndpointVolume"				Type="Interface" />
        <Variable Name="IAudioEndpointVolumeCallback"		Type="Interface" />
        <Variable Name="IAudioEndpointVolumeEx"				Type="Interface" />
        <Variable Name="IAudioInputSelector"				Type="Interface" />
        <Variable Name="IAudioLoudness"				        Type="Interface" />
        <Variable Name="IAudioMeterInformation"				Type="Interface" />
        <Variable Name="IAudioMidrange"				        Type="Interface" />
        <Variable Name="IAudioMute"				            Type="Interface" />
        <Variable Name="IAudioOutputSelector"				Type="Interface" />
        <Variable Name="IAudioPeakMeter"				    Type="Interface" />
        <Variable Name="IAudioRenderClient"				    Type="Interface" />
        <Variable Name="IAudioSessionControl"				Type="Interface" />
        <Variable Name="IAudioSessionControl2"				Type="Interface" />
        <Variable Name="IAudioSessionEnumerator"			Type="Interface" />
        <Variable Name="IAudioSessionEvents"				Type="Interface" />
        <Variable Name="IAudioSessionManager"				Type="Interface" />
        <Variable Name="IAudioSessionManager2"				Type="Interface" />
        <Variable Name="IAudioSessionNotification"			Type="Interface" />
        <Variable Name="IAudioStreamVolume"				    Type="Interface" />
        <Variable Name="IAudioTreble"				        Type="Interface" />
        <Variable Name="IAudioVolumeDuckNotification"       Type="Interface" />
        <Variable Name="IAudioVolumeLevel"				    Type="Interface" />
        <Variable Name="IChannelAudioVolume"				Type="Interface" />
        <Variable Name="IConnector"				            Type="Interface" />
        <Variable Name="IControlChangeNotify"				Type="Interface" />
        <Variable Name="IControlInterface"				    Type="Interface" />
        <Variable Name="IDeviceSpecificProperty"			Type="Interface" />
        <Variable Name="IDeviceTopology"				    Type="Interface" />
        <Variable Name="IKsControl"				            Type="Interface" />
        <Variable Name="IKsFormatSupport"				    Type="Interface" />
        <Variable Name="IKsJackDescription"				    Type="Interface" />
        <Variable Name="IKsJackDescription2"				Type="Interface" />
        <Variable Name="IKsJackSinkInformation"				Type="Interface" />
        <Variable Name="IMMDevice"				            Type="Interface" />
        <Variable Name="IMMDeviceActivator"				    Type="Interface" />
        <Variable Name="IMMDeviceCollection"				Type="Interface" />
        <Variable Name="IMMDeviceEnumerator"				Type="Interface" />
        <Variable Name="IMMEndpoint"				        Type="Interface" />
        <Variable Name="IMMNotificationClient"				Type="Interface" />
        <Variable Name="IPart"				                Type="Interface" />
        <Variable Name="IPartsList"				            Type="Interface" />
        <Variable Name="IPerChannelDbLevel"				    Type="Interface" />
        <Variable Name="ISimpleAudioVolume"				    Type="Interface" />
        <Variable Name="ISubunit"				            Type="Interface" />
        
        <!-- Arrays -->
        <Variable Name="WCHAR [MAX_SINK_DESCRIPTION_NAME_LENGTH]"   Type="Array"    Base="WCHAR" Count="32" />
        <Variable Name="float [1]"                                  Type="Array"    Base="float" Count="1"/>
        <Variable Name="float []"                                   Type="Pointer"  Base="float" />

        <!-- [AUDCLNT_HRESULT] -->
        <Variable Name="[AUDCLNT_HRESULT]" Type="Alias" Base="HRESULT">
            <Display Name="HRESULT" />
            <Enum>
                <Set Name="AUDCLNT_E_NOT_INITIALIZED"                   Value="0x88890001" />
                <Set Name="AUDCLNT_E_ALREADY_INITIALIZED"               Value="0x88890002" />
                <Set Name="AUDCLNT_E_WRONG_ENDPOINT_TYPE"               Value="0x88890003" />
                <Set Name="AUDCLNT_E_DEVICE_INVALIDATED"                Value="0x88890004" />
                <Set Name="AUDCLNT_E_NOT_STOPPED"                       Value="0x88890005" />
                <Set Name="AUDCLNT_E_BUFFER_TOO_LARGE"                  Value="0x88890006" />
                <Set Name="AUDCLNT_E_OUT_OF_ORDER"                      Value="0x88890007" />
                <Set Name="AUDCLNT_E_UNSUPPORTED_FORMAT"                Value="0x88890008" />
                <Set Name="AUDCLNT_E_INVALID_SIZE"                      Value="0x88890009" />
                <Set Name="AUDCLNT_E_DEVICE_IN_USE"                     Value="0x8889000a" />
                <Set Name="AUDCLNT_E_BUFFER_OPERATION_PENDING"          Value="0x8889000b" />
                <Set Name="AUDCLNT_E_THREAD_NOT_REGISTERED"             Value="0x8889000c" />
                <Set Name="AUDCLNT_E_EXCLUSIVE_MODE_NOT_ALLOWED"        Value="0x8889000e" />
                <Set Name="AUDCLNT_E_ENDPOINT_CREATE_FAILED"            Value="0x8889000f" />
                <Set Name="AUDCLNT_E_SERVICE_NOT_RUNNING"               Value="0x88890010" />
                <Set Name="AUDCLNT_E_EVENTHANDLE_NOT_EXPECTED"          Value="0x88890011" />
                <Set Name="AUDCLNT_E_EXCLUSIVE_MODE_ONLY"               Value="0x88890012" />
                <Set Name="AUDCLNT_E_BUFDURATION_PERIOD_NOT_EQUAL"      Value="0x88890013" />
                <Set Name="AUDCLNT_E_EVENTHANDLE_NOT_SET"               Value="0x88890014" />
                <Set Name="AUDCLNT_E_INCORRECT_BUFFER_SIZE"             Value="0x88890015" />
                <Set Name="AUDCLNT_E_BUFFER_SIZE_ERROR"                 Value="0x88890016" />
                <Set Name="AUDCLNT_E_CPUUSAGE_EXCEEDED"                 Value="0x88890017" />
                <Set Name="AUDCLNT_E_BUFFER_ERROR"                      Value="0x88890018" />
                <Set Name="AUDCLNT_E_BUFFER_SIZE_NOT_ALIGNED"           Value="0x88890019" />
                <Set Name="AUDCLNT_E_INVALID_DEVICE_PERIOD"             Value="0x88890020" />
                <Set Name="AUDCLNT_S_BUFFER_EMPTY"                      Value="0x08890001" />
                <Set Name="AUDCLNT_S_THREAD_ALREADY_REGISTERED"         Value="0x08890002" />
                <Set Name="AUDCLNT_S_POSITION_STALLED"                  Value="0x08890003" />
            </Enum>
        </Variable>

        <!-- AUDCLNT_SHAREMODE -->
        <Variable Name="AUDCLNT_SHAREMODE" Type="Alias" Base="UINT">
            <Enum>
                <Set Name="AUDCLNT_SHAREMODE_SHARED"        Value="0" />
                <Set Name="AUDCLNT_SHAREMODE_EXCLUSIVE"     Value="1" />
            </Enum>
        </Variable>

        <!-- AudioSessionState -->
        <Variable Name="AudioSessionState" Type="Alias" Base="UINT">
            <Enum>
                <Set Name="AudioSessionStateInactive"       Value="0" />
                <Set Name="AudioSessionStateActive"         Value="1" />
                <Set Name="AudioSessionStateExpired"        Value="2" />
            </Enum>
        </Variable>
        <Variable Name="AudioSessionState*" Type="Pointer" Base="AudioSessionState" />

        <!-- AudioSessionDisconnectReason -->
        <Variable Name="AudioSessionDisconnectReason" Type="Alias" Base="UINT">
            <Enum>
                <Set Name="DisconnectReasonDeviceRemoval"           Value="0" />
                <Set Name="DisconnectReasonServerShutdown"          Value="1" />
                <Set Name="DisconnectReasonFormatChanged"           Value="2" />
                <Set Name="DisconnectReasonSessionLogoff"           Value="3" />
                <Set Name="DisconnectReasonSessionDisconnected"     Value="4" />
                <Set Name="DisconnectReasonExclusiveModeOverride"   Value="5" />
            </Enum>
        </Variable>

        <!-- ConnectorType -->
        <Variable Name="ConnectorType" Type="Alias" Base="UINT">
            <Enum>
                <Set Name="Unknown_Connector"       Value="0" />
                <Set Name="Physical_Internal"       Value="1" />
                <Set Name="Physical_External"       Value="2" />
                <Set Name="Software_IO"             Value="3" />
                <Set Name="Software_Fixed"          Value="4" />
                <Set Name="Network"                 Value="5" />
            </Enum>
        </Variable>
        <Variable Name="ConnectorType*" Type="Pointer" Base="ConnectorType" />

        <!-- DataFlow -->
        <Variable Name="DataFlow" Type="Alias" Base="UINT">
            <Enum>
                <Set Name="In"      Value="0" />
                <Set Name="Out"     Value="1" />
            </Enum>
        </Variable>
        <Variable Name="DataFlow*" Type="Pointer" Base="DataFlow" />

        <!-- EDataFlow -->
        <Variable Name="EDataFlow" Type="Alias" Base="UINT">
            <Enum>
                <Set Name="eRender"     Value="0" />
                <Set Name="eCapture"    Value="1" />
                <Set Name="eAll"        Value="2" />
            </Enum>
        </Variable>
        <Variable Name="EDataFlow*" Type="Pointer" Base="EDataFlow" />

        <!-- ERole -->
        <Variable Name="ERole" Type="Alias" Base="UINT">
            <Enum>
                <Set Name="eConsole"            Value="0" />
                <Set Name="eMultimedia"         Value="1" />
                <Set Name="eCommunications"     Value="2" />
            </Enum>
        </Variable>

        <!-- PartType -->
        <Variable Name="PartType" Type="Alias" Base="UINT">
            <Enum>
                <Set Name="Connector"   Value="0" />
                <Set Name="Subunit"     Value="1" />
            </Enum>
        </Variable>
        <Variable Name="PartType*" Type="Pointer" Base="PartType" />

        <!-- [KSIDENTIFIER_s] -->
        <Variable Name="[KSIDENTIFIER_s]" Type="Struct">
            <Display Name="struct" />
            <Field Type="GUID"      Name="Set" />
            <Field Type="ULONG"     Name="Id" />
            <Field Type="ULONG"     Name="Flags" />
        </Variable>

        <!-- KSIDENTIFIER -->
        <Variable Name="KSIDENTIFIER" Type="Union">
            <Field Type="[KSIDENTIFIER_s]"  Name="" />
            <Field Type="LONGLONG"          Name="Alignment" />
        </Variable>
        <Variable Name="KSPROPERTY"     Type="Alias"    Base="KSIDENTIFIER"/>
        <Variable Name="PKSPROPERTY"    Type="Pointer"  Base="KSPROPERTY"/>
        <Variable Name="KSMETHOD"       Type="Alias"    Base="KSIDENTIFIER"/>
        <Variable Name="PKSMETHOD"      Type="Pointer"  Base="KSMETHOD"/>
        <Variable Name="KSEVENT"        Type="Alias"    Base="KSIDENTIFIER"/>
        <Variable Name="PKSEVENT"       Type="Pointer"  Base="KSEVENT"/>

        <!-- KSDATAFORMAT -->
        <Variable Name="KSDATAFORMAT" Type="Struct">
            <Field Type="ULONG"     Name="FormatSize" />
            <Field Type="ULONG"     Name="Flags" />
            <Field Type="ULONG"     Name="SampleSize" />
            <Field Type="ULONG"     Name="Reserved" />
            <Field Type="GUID"      Name="MajorFormat" />
            <Field Type="GUID"      Name="SubFormat" />
            <Field Type="GUID"      Name="Specifier" />
        </Variable>
        <Variable Name="PKSDATAFORMAT"  Type="Pointer" Base="KSDATAFORMAT"/>
        <Variable Name="PKSDATAFORMAT*" Type="Pointer" Base="PKSDATAFORMAT"/>

        <!-- EPcxConnectionType -->
        <Variable Name="EPcxConnectionType" Type="Alias" Base="UINT">
            <Enum>
                <Set Name="eConnTypeUnknown"                Value="0" />
                <Set Name="eConnType3Point5mm"              Value="1" />
                <Set Name="eConnTypeQuarter"                Value="2" />
                <Set Name="eConnTypeAtapiInternal"          Value="3" />
                <Set Name="eConnTypeRCA"                    Value="4" />
                <Set Name="eConnTypeOptical"                Value="5" />
                <Set Name="eConnTypeOtherDigital"           Value="6" />
                <Set Name="eConnTypeOtherAnalog"            Value="7" />
                <Set Name="eConnTypeMultichannelAnalogDIN"  Value="8" />
                <Set Name="eConnTypeXlrProfessional"        Value="9" />
                <Set Name="eConnTypeRJ11Modem"              Value="10" />
                <Set Name="eConnTypeCombination"            Value="11" />
            </Enum>
        </Variable>

        <!-- EPcxGeoLocation -->
        <Variable Name="EPcxGeoLocation" Type="Alias" Base="UINT">
            <Enum>
                <Set Name="eGeoLocRear"                 Value="0x1" />
                <Set Name="eGeoLocFront"                Value="2" />
                <Set Name="eGeoLocLeft"                 Value="3" />
                <Set Name="eGeoLocRight"                Value="4" />
                <Set Name="eGeoLocTop"                  Value="5" />
                <Set Name="eGeoLocBottom"               Value="6" />
                <Set Name="eGeoLocRearPanel"            Value="7" />
                <Set Name="eGeoLocRiser"                Value="8" />
                <Set Name="eGeoLocInsideMobileLid"      Value="9" />
                <Set Name="eGeoLocDrivebay"             Value="10" />
                <Set Name="eGeoLocHDMI"                 Value="11" />
                <Set Name="eGeoLocOutsideMobileLid"     Value="12" />
                <Set Name="eGeoLocATAPI"                Value="13" />
                <Set Name="eGeoLocReserved5"            Value="14" />
                <Set Name="eGeoLocReserved6"            Value="15" />
            </Enum>
        </Variable>

        <!-- EPcxGenLocation -->
        <Variable Name="EPcxGenLocation" Type="Alias" Base="UINT">
            <Enum>
                <Set Name="eGenLocPrimaryBox"           Value="0" />
                <Set Name="eGenLocInternal"             Value="1" />
                <Set Name="eGenLocSeparate"             Value="2" />
                <Set Name="eGenLocOther"                Value="3" />
            </Enum>
        </Variable>

        <!-- EPxcPortConnection -->
        <Variable Name="EPxcPortConnection" Type="Alias" Base="UINT">
            <Enum>
                <Set Name="ePortConnJack"                   Value="0" />
                <Set Name="ePortConnIntegratedDevice"       Value="1" />
                <Set Name="ePortConnBothIntegratedAndJack"  Value="2" />
                <Set Name="ePortConnUnknown"                Value="3" />
            </Enum>
        </Variable>

        <!-- KSJACK_DESCRIPTION -->
        <Variable Name="KSJACK_DESCRIPTION" Type="Struct">
            <Field Type="[SPEAKER_POSITION]"    Name="ChannelMapping" />
            <Field Type="COLORREF"              Name="Color" />
            <Field Type="EPcxConnectionType"    Name="ConnectionType" />
            <Field Type="EPcxGeoLocation"       Name="GeoLocation" />
            <Field Type="EPcxGenLocation"       Name="GenLocation" />
            <Field Type="EPxcPortConnection"    Name="PortConnection" />
            <Field Type="BOOL"                  Name="IsConnected" />
        </Variable>
        <Variable Name="KSJACK_DESCRIPTION*" Type="Pointer" Base="KSJACK_DESCRIPTION"/>

        <!-- [JACKDESC2_FLAGS] -->
        <Variable Name="[JACKDESC2_FLAGS]" Type="Alias" Base="DWORD">
            <Display Name="DWORD" />
            <Flag>
                <Set Name="JACKDESC2_PRESENCE_DETECT_CAPABILITY"            Value="0x00000001" />
                <Set Name="JACKDESC2_DYNAMIC_FORMAT_CHANGE_CAPABILITY"      Value="0x00000002" />
            </Flag>
        </Variable>

        <!-- KSJACK_DESCRIPTION2 -->
        <Variable Name="KSJACK_DESCRIPTION2" Type="Struct">
            <Field Type="DWORD"             Name="DeviceStateInfo" />
            <Field Type="[JACKDESC2_FLAGS]" Name="JackCapabilities" />
        </Variable>
        <Variable Name="KSJACK_DESCRIPTION2*" Type="Pointer" Base="KSJACK_DESCRIPTION2"/>

        <!-- KSJACK_SINK_CONNECTIONTYPE -->
        <Variable Name="KSJACK_SINK_CONNECTIONTYPE" Type="Alias" Base="UINT">
            <Enum>
                <Set Name="KSJACK_SINK_CONNECTIONTYPE_HDMI"         Value="0" />
                <Set Name="KSJACK_SINK_CONNECTIONTYPE_DISPLAYPORT"  Value="1" />
            </Enum>
        </Variable>

        <!-- KSJACK_SINK_INFORMATION -->
        <Variable Name="KSJACK_SINK_INFORMATION" Type="Struct">
            <Field Type="KSJACK_SINK_CONNECTIONTYPE"    Name="ConnType" />
            <Field Type="WORD"                          Name="ManufacturerId" />
            <Field Type="WORD"                          Name="ProductId" />
            <Field Type="WORD"                          Name="AudioLatency" />
            <Field Type="BOOL"                          Name="HDCPCapable" />
            <Field Type="BOOL"                          Name="AICapable" />
            <Field Type="UCHAR"                         Name="SinkDescriptionLength" />
            <Field Type="WCHAR [MAX_SINK_DESCRIPTION_NAME_LENGTH]"  Name="SinkDescription" />
            <Field Type="LUID"                          Name="PortId" />
        </Variable>
        <Variable Name="KSJACK_SINK_INFORMATION*" Type="Pointer" Base="KSJACK_SINK_INFORMATION" />

        <!-- AUDIO_VOLUME_NOTIFICATION_DATA -->
        <Variable Name="AUDIO_VOLUME_NOTIFICATION_DATA" Type="Struct">
            <Field Type="GUID"      Name="guidEventContext" />
            <Field Type="BOOL"      Name="bMuted" />
            <Field Type="float"     Name="fMasterVolume" />
            <Field Type="UINT"      Name="nChannels" />
            <Field Type="float [1]" Name="afChannelVolumes" Count="nChannels" />
        </Variable>
        <Variable Name="PAUDIO_VOLUME_NOTIFICATION_DATA" Type="Pointer" Base="AUDIO_VOLUME_NOTIFICATION_DATA" />

    </Headers>
</ApiMonitor>