<!--
    API Monitor Definitions
    (c) 2011, Rohitab Batra <rohitab@rohitab.com>
    http://www.rohitab.com/apimonitor/
-->
<ApiMonitor>
    <Include Filename="Interfaces\IUnknown.xml" />
    <Include Filename="Interfaces\CoreAudio\coreaudio.h.xml" />
    <Interface Name="IAudioSessionEnumerator" Id="{E2F5BB11-0570-40CA-ACDD-3AA01277DEE8}" BaseInterface="IUnknown" OnlineHelp="MSDN" ErrorFunc="HRESULT" Category="Audio and Video/Core Audio/Windows Audio Session">
        <Api Name="GetCount">
            <Param Type="int*" Name="SessionCount" />
            <Return Type="[AUDCLNT_HRESULT]" />
        </Api>
        <Api Name="GetSession">
            <Param Type="int" Name="SessionCount" />
            <Param Type="IAudioSessionControl**" Name="Session" />
            <Return Type="[AUDCLNT_HRESULT]" />
        </Api>
    </Interface>
</ApiMonitor>
<!--
    API Monitor Definitions
    (c) 2011, Rohitab Batra <rohitab@rohitab.com>
    http://www.rohitab.com/apimonitor/
-->
<ApiMonitor>
    <Include Filename="Interfaces\IUnknown.xml" />
    <Include Filename="Interfaces\CoreAudio\coreaudio.h.xml" />
    <Interface Name="IAudioSessionEnumerator" Id="{E2F5BB11-0570-40CA-ACDD-3AA01277DEE8}" BaseInterface="IUnknown" OnlineHelp="MSDN" ErrorFunc="HRESULT" Category="Audio and Video/Core Audio/Windows Audio Session">
        <Api Name="GetCount">
            <Param Type="int*" Name="SessionCount" />
            <Return Type="[AUDCLNT_HRESULT]" />
        </Api>
        <Api Name="GetSession">
            <Param Type="int" Name="SessionCount" />
            <Param Type="IAudioSessionControl**" Name="Session" />
            <Return Type="[AUDCLNT_HRESULT]" />
        </Api>
    </Interface>
</ApiMonitor>
