<!--
    API Monitor Definitions
    (c) 2011, Rohitab Batra <rohitab@rohitab.com>
    http://www.rohitab.com/apimonitor/
-->
<ApiMonitor>
    <Include Filename="Interfaces\IUnknown.xml" />
    <Include Filename="Interfaces\CoreAudio\coreaudio.h.xml" />
    <Interface Name="IAudioSessionEvents" Id="{24918ACC-64B3-37C1-8CA9-74A66E9957A8}" BaseInterface="IUnknown" OnlineHelp="MSDN" ErrorFunc="HRESULT" Category="Audio and Video/Core Audio/Windows Audio Session">
        <Api Name="OnDisplayNameChanged">
            <Param Type="LPCWSTR" Name="NewDisplayName" />
            <Param Type="LPCGUID" Name="EventContext" />
            <Return Type="[AUDCLNT_HRESULT]" />
        </Api>
        <Api Name="OnIconPathChanged">
            <Param Type="LPCWSTR" Name="NewIconPath" />
            <Param Type="LPCGUID" Name="EventContext" />
            <Return Type="[AUDCLNT_HRESULT]" />
        </Api>
        <Api Name="OnSimpleVolumeChanged">
            <Param Type="float" Name="NewVolume" />
            <Param Type="BOOL" Name="NewMute" />
            <Param Type="LPCGUID" Name="EventContext" />
            <Return Type="[AUDCLNT_HRESULT]" />
        </Api>
        <Api Name="OnChannelVolumeChanged">
            <Param Type="DWORD" Name="ChannelCount" />
            <Param Type="float []" Name="NewChannelVolumeArray" Count="ChannelCount" />
            <Param Type="DWORD" Name="ChangedChannel" />
            <Param Type="LPCGUID" Name="EventContext" />
            <Return Type="[AUDCLNT_HRESULT]" />
        </Api>
        <Api Name="OnGroupingParamChanged">
            <Param Type="LPCGUID" Name="NewGroupingParam" />
            <Param Type="LPCGUID" Name="EventContext" />
            <Return Type="[AUDCLNT_HRESULT]" />
        </Api>
        <Api Name="OnStateChanged">
            <Param Type="AudioSessionState" Name="NewState" />
            <Return Type="[AUDCLNT_HRESULT]" />
        </Api>
        <Api Name="OnSessionDisconnected">
            <Param Type="AudioSessionDisconnectReason" Name="DisconnectReason" />
            <Return Type="[AUDCLNT_HRESULT]" />
        </Api>
    </Interface>
</ApiMonitor>
<!--
    API Monitor Definitions
    (c) 2011, Rohitab Batra <rohitab@rohitab.com>
    http://www.rohitab.com/apimonitor/
-->
<ApiMonitor>
    <Include Filename="Interfaces\IUnknown.xml" />
    <Include Filename="Interfaces\CoreAudio\coreaudio.h.xml" />
    <Interface Name="IAudioSessionEvents" Id="{24918ACC-64B3-37C1-8CA9-74A66E9957A8}" BaseInterface="IUnknown" OnlineHelp="MSDN" ErrorFunc="HRESULT" Category="Audio and Video/Core Audio/Windows Audio Session">
        <Api Name="OnDisplayNameChanged">
            <Param Type="LPCWSTR" Name="NewDisplayName" />
            <Param Type="LPCGUID" Name="EventContext" />
            <Return Type="[AUDCLNT_HRESULT]" />
        </Api>
        <Api Name="OnIconPathChanged">
            <Param Type="LPCWSTR" Name="NewIconPath" />
            <Param Type="LPCGUID" Name="EventContext" />
            <Return Type="[AUDCLNT_HRESULT]" />
        </Api>
        <Api Name="OnSimpleVolumeChanged">
            <Param Type="float" Name="NewVolume" />
            <Param Type="BOOL" Name="NewMute" />
            <Param Type="LPCGUID" Name="EventContext" />
            <Return Type="[AUDCLNT_HRESULT]" />
        </Api>
        <Api Name="OnChannelVolumeChanged">
            <Param Type="DWORD" Name="ChannelCount" />
            <Param Type="float" Name="NewChannelVolumeArray" />
            <Param Type="DWORD" Name="ChangedChannel" />
            <Param Type="LPCGUID" Name="EventContext" />
            <Return Type="[AUDCLNT_HRESULT]" />
        </Api>
        <Api Name="OnGroupingParamChanged">
            <Param Type="LPCGUID" Name="NewGroupingParam" />
            <Param Type="LPCGUID" Name="EventContext" />
            <Return Type="[AUDCLNT_HRESULT]" />
        </Api>
        <Api Name="OnStateChanged">
            <Param Type="AudioSessionState" Name="NewState" />
            <Return Type="[AUDCLNT_HRESULT]" />
        </Api>
        <Api Name="OnSessionDisconnected">
            <Param Type="AudioSessionDisconnectReason" Name="DisconnectReason" />
            <Return Type="[AUDCLNT_HRESULT]" />
        </Api>
    </Interface>
</ApiMonitor>
