<!--
    API Monitor Definitions
    (c) 2011, Rohitab Batra <rohitab@rohitab.com>
    http://www.rohitab.com/apimonitor/
-->
<ApiMonitor>
    <Include Filename="Interfaces\IUnknown.xml" />
    <Include Filename="Interfaces\CoreAudio\coreaudio.h.xml" />
    <Interface Name="IAudioSessionControl" Id="{F4B1A599-7266-4319-A8CA-E70ACB11E8CD}" BaseInterface="IUnknown" OnlineHelp="MSDN" ErrorFunc="HRESULT" Category="Audio and Video/Core Audio/Windows Audio Session">
        <Api Name="GetState">
            <Param Type="AudioSessionState*" Name="pRetVal" />
            <Return Type="[AUDCLNT_HRESULT]" />
        </Api>
        <Api Name="GetDisplayName">
            <Param Type="LPWSTR*" Name="pRetVal" />
            <Return Type="[AUDCLNT_HRESULT]" />
        </Api>
        <Api Name="SetDisplayName">
            <Param Type="LPCWSTR" Name="Value" />
            <Param Type="LPCGUID" Name="EventContext" />
            <Return Type="[AUDCLNT_HRESULT]" />
        </Api>
        <Api Name="GetIconPath">
            <Param Type="LPWSTR*" Name="pRetVal" />
            <Return Type="[AUDCLNT_HRESULT]" />
        </Api>
        <Api Name="SetIconPath">
            <Param Type="LPCWSTR" Name="Value" />
            <Param Type="LPCGUID" Name="EventContext" />
            <Return Type="[AUDCLNT_HRESULT]" />
        </Api>
        <Api Name="GetGroupingParam">
            <Param Type="GUID*" Name="pRetVal" />
            <Return Type="[AUDCLNT_HRESULT]" />
        </Api>
        <Api Name="SetGroupingParam">
            <Param Type="LPCGUID" Name="Override" />
            <Param Type="LPCGUID" Name="EventContext" />
            <Return Type="[AUDCLNT_HRESULT]" />
        </Api>
        <Api Name="RegisterAudioSessionNotification">
            <Param Type="IAudioSessionEvents*" Name="NewNotifications" />
            <Return Type="[AUDCLNT_HRESULT]" />
        </Api>
        <Api Name="UnregisterAudioSessionNotification">
            <Param Type="IAudioSessionEvents*" Name="NewNotifications" />
            <Return Type="[AUDCLNT_HRESULT]" />
        </Api>
    </Interface>
</ApiMonitor>
<!--
    API Monitor Definitions
    (c) 2011, Rohitab Batra <rohitab@rohitab.com>
    http://www.rohitab.com/apimonitor/
-->
<ApiMonitor>
    <Include Filename="Interfaces\IUnknown.xml" />
    <Include Filename="Interfaces\CoreAudio\coreaudio.h.xml" />
    <Interface Name="IAudioSessionControl" Id="{F4B1A599-7266-4319-A8CA-E70ACB11E8CD}" BaseInterface="IUnknown" OnlineHelp="MSDN" ErrorFunc="HRESULT" Category="Audio and Video/Core Audio/Windows Audio Session">
        <Api Name="GetState">
            <Param Type="AudioSessionState*" Name="pRetVal" />
            <Return Type="[AUDCLNT_HRESULT]" />
        </Api>
        <Api Name="GetDisplayName">
            <Param Type="LPWSTR*" Name="pRetVal" />
            <Return Type="[AUDCLNT_HRESULT]" />
        </Api>
        <Api Name="SetDisplayName">
            <Param Type="LPCWSTR" Name="Value" />
            <Param Type="LPCGUID" Name="EventContext" />
            <Return Type="[AUDCLNT_HRESULT]" />
        </Api>
        <Api Name="GetIconPath">
            <Param Type="LPWSTR*" Name="pRetVal" />
            <Return Type="[AUDCLNT_HRESULT]" />
        </Api>
        <Api Name="SetIconPath">
            <Param Type="LPCWSTR" Name="Value" />
            <Param Type="LPCGUID" Name="EventContext" />
            <Return Type="[AUDCLNT_HRESULT]" />
        </Api>
        <Api Name="GetGroupingParam">
            <Param Type="GUID*" Name="pRetVal" />
            <Return Type="[AUDCLNT_HRESULT]" />
        </Api>
        <Api Name="SetGroupingParam">
            <Param Type="LPCGUID" Name="Override" />
            <Param Type="LPCGUID" Name="EventContext" />
            <Return Type="[AUDCLNT_HRESULT]" />
        </Api>
        <Api Name="RegisterAudioSessionNotification">
            <Param Type="IAudioSessionEvents*" Name="NewNotifications" />
            <Return Type="[AUDCLNT_HRESULT]" />
        </Api>
        <Api Name="UnregisterAudioSessionNotification">
            <Param Type="IAudioSessionEvents*" Name="NewNotifications" />
            <Return Type="[AUDCLNT_HRESULT]" />
        </Api>
    </Interface>
</ApiMonitor>
