<!--
    API Monitor Definitions
    (c) 2011, Rohitab Batra <rohitab@rohitab.com>
    http://www.rohitab.com/apimonitor/
-->
<ApiMonitor>
    <Include Filename="Interfaces\CoreAudio\IAudioSessionManager.xml" />
    <Include Filename="Interfaces\CoreAudio\coreaudio.h.xml" />
    <Interface Name="IAudioSessionManager2" Id="{77AA99A0-1BD6-484F-8BC7-2C654C9A9B6F}" BaseInterface="IAudioSessionManager" OnlineHelp="MSDN" ErrorFunc="HRESULT" Category="Audio and Video/Core Audio/Windows Audio Session">
        <Api Name="GetSessionEnumerator">
            <Param Type="IAudioSessionEnumerator**" Name="SessionEnum" />
            <Return Type="[AUDCLNT_HRESULT]" />
        </Api>
        <Api Name="RegisterSessionNotification">
            <Param Type="IAudioSessionNotification*" Name="SessionNotification" />
            <Return Type="[AUDCLNT_HRESULT]" />
        </Api>
        <Api Name="UnregisterSessionNotification">
            <Param Type="IAudioSessionNotification*" Name="SessionNotification" />
            <Return Type="[AUDCLNT_HRESULT]" />
        </Api>
        <Api Name="RegisterDuckNotification">
            <Param Type="LPCWSTR" Name="sessionID" />
            <Param Type="IAudioVolumeDuckNotification*" Name="duckNotification" />
            <Return Type="[AUDCLNT_HRESULT]" />
        </Api>
        <Api Name="UnregisterDuckNotification">
            <Param Type="IAudioVolumeDuckNotification*" Name="duckNotification" />
            <Return Type="[AUDCLNT_HRESULT]" />
        </Api>
    </Interface>
</ApiMonitor>
<!--
    API Monitor Definitions
    (c) 2011, Rohitab Batra <rohitab@rohitab.com>
    http://www.rohitab.com/apimonitor/
-->
<ApiMonitor>
    <Include Filename="Interfaces\CoreAudio\IAudioSessionManager.xml" />
    <Include Filename="Interfaces\CoreAudio\coreaudio.h.xml" />
    <Interface Name="IAudioSessionManager2" Id="{77AA99A0-1BD6-484F-8BC7-2C654C9A9B6F}" BaseInterface="IAudioSessionManager" OnlineHelp="MSDN" ErrorFunc="HRESULT" Category="Audio and Video/Core Audio/Windows Audio Session">
        <Api Name="GetSessionEnumerator">
            <Param Type="IAudioSessionEnumerator**" Name="SessionEnum" />
            <Return Type="[AUDCLNT_HRESULT]" />
        </Api>
        <Api Name="RegisterSessionNotification">
            <Param Type="IAudioSessionNotification*" Name="SessionNotification" />
            <Return Type="[AUDCLNT_HRESULT]" />
        </Api>
        <Api Name="UnregisterSessionNotification">
            <Param Type="IAudioSessionNotification*" Name="SessionNotification" />
            <Return Type="[AUDCLNT_HRESULT]" />
        </Api>
        <Api Name="RegisterDuckNotification">
            <Param Type="LPCWSTR" Name="sessionID" />
            <Param Type="IAudioVolumeDuckNotification*" Name="duckNotification" />
            <Return Type="[AUDCLNT_HRESULT]" />
        </Api>
        <Api Name="UnregisterDuckNotification">
            <Param Type="IAudioVolumeDuckNotification*" Name="duckNotification" />
            <Return Type="[AUDCLNT_HRESULT]" />
        </Api>
    </Interface>
</ApiMonitor>
