<!--
    API Monitor Definitions
    (c) 2011, Rohitab Batra <rohitab@rohitab.com>
    http://www.rohitab.com/apimonitor/
-->
<ApiMonitor>
    <Include Filename="Interfaces\IUnknown.xml" />
    <Include Filename="Interfaces\CoreAudio\coreaudio.h.xml" />
    <Interface Name="IAudioSessionNotification" Id="{641DD20B-4D41-49CC-ABA3-174B9477BB08}" BaseInterface="IUnknown" OnlineHelp="MSDN" ErrorFunc="HRESULT" Category="Audio and Video/Core Audio/Windows Audio Session">
        <Api Name="OnSessionCreated">
            <Param Type="IAudioSessionControl*" Name="NewSession" />
            <Return Type="[AUDCLNT_HRESULT]" />
        </Api>
    </Interface>
</ApiMonitor>
<!--
    API Monitor Definitions
    (c) 2011, Rohitab Batra <rohitab@rohitab.com>
    http://www.rohitab.com/apimonitor/
-->
<ApiMonitor>
    <Include Filename="Interfaces\IUnknown.xml" />
    <Include Filename="Interfaces\CoreAudio\coreaudio.h.xml" />
    <Interface Name="IAudioSessionNotification" Id="{641DD20B-4D41-49CC-ABA3-174B9477BB08}" BaseInterface="IUnknown" OnlineHelp="MSDN" ErrorFunc="HRESULT" Category="Audio and Video/Core Audio/Windows Audio Session">
        <Api Name="OnSessionCreated">
            <Param Type="IAudioSessionControl*" Name="NewSession" />
            <Return Type="[AUDCLNT_HRESULT]" />
        </Api>
    </Interface>
</ApiMonitor>
