<!--
    API Monitor Definitions
    (c) 2011, Rohitab Batra <rohitab@rohitab.com>
    http://www.rohitab.com/apimonitor/
-->
<ApiMonitor>
    <Include Filename="Interfaces\CoreAudio\IAudioSessionControl.xml" />
    <Include Filename="Interfaces\CoreAudio\coreaudio.h.xml" />
    <Interface Name="IAudioSessionControl2" Id="{bfb7ff88-7239-4fc9-8fa2-07c950be9c6d}" BaseInterface="IAudioSessionControl" OnlineHelp="MSDN" ErrorFunc="HRESULT" Category="Audio and Video/Core Audio/Windows Audio Session">
        <Api Name="GetSessionIdentifier">
            <Param Type="LPWSTR*" Name="pRetVal" />
            <Return Type="[AUDCLNT_HRESULT]" />
        </Api>
        <Api Name="GetSessionInstanceIdentifier">
            <Param Type="LPWSTR*" Name="pRetVal" />
            <Return Type="[AUDCLNT_HRESULT]" />
        </Api>
        <Api Name="GetProcessId">
            <Param Type="DWORD*" Name="pRetVal" />
            <Return Type="[AUDCLNT_HRESULT]" />
        </Api>
        <Api Name="IsSystemSoundsSession">
            <Return Type="[AUDCLNT_HRESULT]" />
        </Api>
        <Api Name="SetDuckingPreference">
            <Param Type="BOOL" Name="optOut" />
            <Return Type="[AUDCLNT_HRESULT]" />
        </Api>
    </Interface>
</ApiMonitor>
<!--
    API Monitor Definitions
    (c) 2011, Rohitab Batra <rohitab@rohitab.com>
    http://www.rohitab.com/apimonitor/
-->
<ApiMonitor>
    <Include Filename="Interfaces\CoreAudio\IAudioSessionControl.xml" />
    <Include Filename="Interfaces\CoreAudio\coreaudio.h.xml" />
    <Interface Name="IAudioSessionControl2" Id="{bfb7ff88-7239-4fc9-8fa2-07c950be9c6d}" BaseInterface="IAudioSessionControl" OnlineHelp="MSDN" ErrorFunc="HRESULT" Category="Audio and Video/Core Audio/Windows Audio Session">
        <Api Name="GetSessionIdentifier">
            <Param Type="LPWSTR*" Name="pRetVal" />
            <Return Type="[AUDCLNT_HRESULT]" />
        </Api>
        <Api Name="GetSessionInstanceIdentifier">
            <Param Type="LPWSTR*" Name="pRetVal" />
            <Return Type="[AUDCLNT_HRESULT]" />
        </Api>
        <Api Name="GetProcessId">
            <Param Type="DWORD*" Name="pRetVal" />
            <Return Type="[AUDCLNT_HRESULT]" />
        </Api>
        <Api Name="IsSystemSoundsSession">
            <Return Type="[AUDCLNT_HRESULT]" />
        </Api>
        <Api Name="SetDuckingPreference">
            <Param Type="BOOL" Name="optOut" />
            <Return Type="[AUDCLNT_HRESULT]" />
        </Api>
    </Interface>
</ApiMonitor>
