<!--
    API Monitor Definitions
    (c) 2011, Rohitab Batra <rohitab@rohitab.com>
    http://www.rohitab.com/apimonitor/
-->
<ApiMonitor>
    <Include Filename="Interfaces\IUnknown.xml" />
    <Include Filename="Interfaces\CoreAudio\coreaudio.h.xml" />
    <Interface Name="IAudioSessionManager" Id="{BFA971F1-4D5E-40BB-935E-967039BFBEE4}" BaseInterface="IUnknown" OnlineHelp="MSDN" ErrorFunc="HRESULT" Category="Audio and Video/Core Audio/Windows Audio Session">
        <Api Name="GetAudioSessionControl">
            <Param Type="LPCGUID" Name="AudioSessionGuid" />
            <Param Type="DWORD" Name="StreamFlags" />
            <Param Type="IAudioSessionControl**" Name="SessionControl" />
            <Return Type="[AUDCLNT_HRESULT]" />
        </Api>
        <Api Name="GetSimpleAudioVolume">
            <Param Type="LPCGUID" Name="AudioSessionGuid" />
            <Param Type="DWORD" Name="StreamFlags" />
            <Param Type="ISimpleAudioVolume**" Name="AudioVolume" />
            <Return Type="[AUDCLNT_HRESULT]" />
        </Api>
    </Interface>
</ApiMonitor>
<!--
    API Monitor Definitions
    (c) 2011, Rohitab Batra <rohitab@rohitab.com>
    http://www.rohitab.com/apimonitor/
-->
<ApiMonitor>
    <Include Filename="Interfaces\IUnknown.xml" />
    <Include Filename="Interfaces\CoreAudio\coreaudio.h.xml" />
    <Interface Name="IAudioSessionManager" Id="{BFA971F1-4D5E-40BB-935E-967039BFBEE4}" BaseInterface="IUnknown" OnlineHelp="MSDN" ErrorFunc="HRESULT" Category="Audio and Video/Core Audio/Windows Audio Session">
        <Api Name="GetAudioSessionControl">
            <Param Type="LPCGUID" Name="AudioSessionGuid" />
            <Param Type="DWORD" Name="StreamFlags" />
            <Param Type="IAudioSessionControl**" Name="SessionControl" />
            <Return Type="[AUDCLNT_HRESULT]" />
        </Api>
        <Api Name="GetSimpleAudioVolume">
            <Param Type="LPCGUID" Name="AudioSessionGuid" />
            <Param Type="DWORD" Name="StreamFlags" />
            <Param Type="ISimpleAudioVolume**" Name="AudioVolume" />
            <Return Type="[AUDCLNT_HRESULT]" />
        </Api>
    </Interface>
</ApiMonitor>
