<!--
    API Monitor Definitions
    (c) 2011, Rohitab Batra <rohitab@rohitab.com>
    http://www.rohitab.com/apimonitor/
-->
<ApiMonitor>
    <Include Filename="Interfaces\IUnknown.xml" />
    <Include Filename="Interfaces\CoreAudio\coreaudio.h.xml" />
    <Interface Name="IAudioVolumeDuckNotification" Id="{C3B284D4-6D39-4359-B3CF-B56DDB3BB39C}" BaseInterface="IUnknown" OnlineHelp="MSDN" ErrorFunc="HRESULT" Category="Audio and Video/Core Audio/Windows Audio Session">
        <Api Name="OnVolumeDuckNotification">
            <Param Type="LPCWSTR" Name="sessionID" />
            <Param Type="UINT32" Name="countCommunicationSessions" />
            <Return Type="[AUDCLNT_HRESULT]" />
        </Api>
        <Api Name="OnVolumeUnduckNotification">
            <Param Type="LPCWSTR" Name="sessionID" />
            <Return Type="[AUDCLNT_HRESULT]" />
        </Api>
    </Interface>
</ApiMonitor>
<!--
    API Monitor Definitions
    (c) 2011, Rohitab Batra <rohitab@rohitab.com>
    http://www.rohitab.com/apimonitor/
-->
<ApiMonitor>
    <Include Filename="Interfaces\IUnknown.xml" />
    <Include Filename="Interfaces\CoreAudio\coreaudio.h.xml" />
    <Interface Name="IAudioVolumeDuckNotification" Id="{C3B284D4-6D39-4359-B3CF-B56DDB3BB39C}" BaseInterface="IUnknown" OnlineHelp="MSDN" ErrorFunc="HRESULT" Category="Audio and Video/Core Audio/Windows Audio Session">
        <Api Name="OnVolumeDuckNotification">
            <Param Type="LPCWSTR" Name="sessionID" />
            <Param Type="UINT32" Name="countCommunicationSessions" />
            <Return Type="[AUDCLNT_HRESULT]" />
        </Api>
        <Api Name="OnVolumeUnduckNotification">
            <Param Type="LPCWSTR" Name="sessionID" />
            <Return Type="[AUDCLNT_HRESULT]" />
        </Api>
    </Interface>
</ApiMonitor>
