<!--
    API Monitor Definitions
    (c) 2011, Rohitab Batra <rohitab@rohitab.com>
    http://www.rohitab.com/apimonitor/
-->
<ApiMonitor>
    <Include Filename="Headers\dinput.h.xml" />
    <Module Name="Dinput8.dll" CallingConvention="STDCALL" OnlineHelp="MSDN" ErrorFunc="HRESULT" Category="DirectX Graphics and Gaming/DirectX Input/DirectInput">
        
        <!-- API's -->
        <Api Name="DirectInput8Create" Ordinal="1">
            <Param Type="HINSTANCE" Name="hinst" />
            <Param Type="DWORD" Name="dwVersion" />
            <Param Type="REFIID" Name="riidltf" />
            <Param Type="LPVOID*" Name="ppvOut" InterfaceId="riidltf" />
            <Param Type="LPUNKNOWN" Name="punkOuter" />
            <Return Type="[DI_HRESULT]" />
        </Api>
        
    </Module>
</ApiMonitor>