<!--
    API Monitor Definitions
    (c) 2011, Rohitab Batra <rohitab@rohitab.com>
    http://www.rohitab.com/apimonitor/
-->
<ApiMonitor>
    <Include Filename="Interfaces\DirectInput\IDirectInputW.xml" />
    <Interface Name="IDirectInput2W" Id="{5944e663-aa8a-11cf-bfc7-444553540000}" BaseInterface="IDirectInputW" OnlineHelp="MSDN" ErrorFunc="HRESULT" Category="DirectX Graphics and Gaming/DirectX Input/DirectInput">
        <Api Name="FindDevice">
            <Param Type="REFGUID" Name="rguidClass" />
            <Param Type="LPCWSTR" Name="ptszName" />
            <Param Type="LPGUID" Name="pguidInstance" />
            <Return Type="[DI_HRESULT]" />
        </Api>
    </Interface>
</ApiMonitor>
