<!--
    API Monitor Definitions
    (c) 2011, Rohitab Batra <rohitab@rohitab.com>
    http://www.rohitab.com/apimonitor/
-->
<ApiMonitor>
    <Include Filename="Headers\dinput.h.xml" />
    <Include Filename="Interfaces\IUnknown.xml" />
    <Interface Name="IDirectInputEffect" Id="{e7e1f7c0-88d2-11d0-9ad0-00a0c9a06e35}" BaseInterface="IUnknown" OnlineHelp="MSDN" ErrorFunc="HRESULT" Category="DirectX Graphics and Gaming/DirectX Input/DirectInput">
        <Api Name="Initialize">
            <Param Type="HINSTANCE" Name="hinst" />
            <Param Type="DWORD" Name="dwVersion" />
            <Param Type="REFGUID" Name="rguid" />
            <Return Type="[DI_HRESULT]" />
        </Api>
        <Api Name="GetEffectGuid">
            <Param Type="LPGUID" Name="pguid" />
            <Return Type="[DI_HRESULT]" />
        </Api>
        <Api Name="GetParameters">
            <Param Type="LPDIEFFECT" Name="peff" />
            <Param Type="[DIEP_Flags]" Name="dwFlags" />
            <Return Type="[DI_HRESULT]" />
        </Api>
        <Api Name="SetParameters">
            <Param Type="LPCDIEFFECT" Name="peff" />
            <Param Type="[DIEP_Flags]" Name="dwFlags" />
            <Return Type="[DI_HRESULT]" />
        </Api>
        <Api Name="Start">
            <Param Type="DWORD" Name="dwIterations" />
            <Param Type="[DIES_Flags]" Name="dwFlags" />
            <Return Type="[DI_HRESULT]" />
        </Api>
        <Api Name="Stop">
            <Return Type="[DI_HRESULT]" />
        </Api>
        <Api Name="GetEffectStatus">
            <Param Type="[DIEGES_Flags*]" Name="pdwFlags" />
            <Return Type="[DI_HRESULT]" />
        </Api>
        <Api Name="Download">
            <Return Type="[DI_HRESULT]" />
        </Api>
        <Api Name="Unload">
            <Return Type="[DI_HRESULT]" />
        </Api>
        <Api Name="Escape">
            <Param Type="LPDIEFFESCAPE" Name="pesc" />
            <Return Type="[DI_HRESULT]" />
        </Api>
    </Interface>
</ApiMonitor>
