<!--
    API Monitor Definitions
    (c) 2011, Rohitab Batra <rohitab@rohitab.com>
    http://www.rohitab.com/apimonitor/
-->
<ApiMonitor>
    <Include Filename="Headers\dinput.h.xml" />
    <Include Filename="Interfaces\IUnknown.xml" />
    <Interface Name="IDirectInput8A" Id="{bf798030-483a-4da2-aa99-5d64ed369700}" BaseInterface="IUnknown" OnlineHelp="MSDN" ErrorFunc="HRESULT" Category="DirectX Graphics and Gaming/DirectX Input/DirectInput">
        <Api Name="CreateDevice">
            <Param Type="REFGUID" Name="rguid" />
            <Param Type="LPDIRECTINPUTDEVICE8A*" Name="lplpDirectInputDevice" />
            <Param Type="LPUNKNOWN" Name="pUnkOuter" />
            <Return Type="[DI_HRESULT]" />
        </Api>
        <Api Name="EnumDevices">
            <Param Type="[DI8DEV_FILTER]" Name="dwDevType" />
            <Param Type="LPDIENUMDEVICESCALLBACKA" Name="lpCallback" />
            <Param Type="LPVOID" Name="pvRef" />
            <Param Type="[DIEDFL_Flags]" Name="dwFlags" />
            <Return Type="[DI_HRESULT]" />
        </Api>
        <Api Name="GetDeviceStatus">
            <Param Type="REFGUID" Name="rguidInstance" />
            <Return Type="[DI_HRESULT]" />
        </Api>
        <Api Name="RunControlPanel">
            <Param Type="HWND" Name="hwndOwner" />
            <Param Type="DWORD" Name="dwFlags" />
            <Return Type="[DI_HRESULT]" />
        </Api>
        <Api Name="Initialize">
            <Param Type="HINSTANCE" Name="hinst" />
            <Param Type="DWORD" Name="dwVersion" />
            <Return Type="[DI_HRESULT]" />
        </Api>
        <Api Name="FindDevice">
            <Param Type="REFGUID" Name="rguidClass" />
            <Param Type="LPCSTR" Name="ptszName" />
            <Param Type="LPGUID" Name="pguidInstance" />
            <Return Type="[DI_HRESULT]" />
        </Api>
        <Api Name="EnumDevicesBySemantics">
            <Param Type="LPCSTR" Name="ptszUserName" />
            <Param Type="LPDIACTIONFORMATA" Name="lpdiActionFormat" />
            <Param Type="LPDIENUMDEVICESBYSEMANTICSCBA" Name="lpCallback" />
            <Param Type="LPVOID" Name="pvRef" />
            <Param Type="[DIEDBSFL_Flags]" Name="dwFlags" />
            <Return Type="[DI_HRESULT]" />
        </Api>
        <Api Name="ConfigureDevices">
            <Param Type="LPDICONFIGUREDEVICESCALLBACK" Name="lpdiCallback" />
            <Param Type="LPDICONFIGUREDEVICESPARAMSA" Name="lpdiCDParams" />
            <Param Type="[DICD_Enum]" Name="dwFlags" />
            <Param Type="LPVOID" Name="pvRefData" />
            <Return Type="[DI_HRESULT]" />
        </Api>
    </Interface>
</ApiMonitor>
