<!--
    API Monitor Definitions
    (c) 2011, Rohitab Batra <rohitab@rohitab.com>
    http://www.rohitab.com/apimonitor/
-->
<ApiMonitor>
    <Include Filename="Interfaces\DirectInput\IDirectInput2A.xml" />
    <Interface Name="IDirectInput7A" Id="{9a4cb684-236d-11d3-8e9d-00c04f6844ae}" BaseInterface="IDirectInput2A" OnlineHelp="MSDN" ErrorFunc="HRESULT" Category="DirectX Graphics and Gaming/DirectX Input/DirectInput">
        <Api Name="CreateDeviceEx">
            <Param Type="REFGUID" Name="rguid" />
            <Param Type="REFIID" Name="riid" />
            <Param Type="LPVOID*" Name="ppvObject" InterfaceId="riid" />
            <Param Type="LPUNKNOWN" Name="pUnkOuter" />
            <Return Type="[DI_HRESULT]" />
        </Api>
    </Interface>
</ApiMonitor>
