<!--
    API Monitor Definitions
    (c) 2011, Rohitab Batra <rohitab@rohitab.com>
    http://www.rohitab.com/apimonitor/
-->
<ApiMonitor>
    <Include Filename="Interfaces\DirectInput\IDirectInputDevice2A.xml" />
    <Interface Name="IDirectInputDevice7A" Id="{57d7c6bc-2356-11d3-8e9d-00c04f6844ae}" BaseInterface="IDirectInputDevice2A" OnlineHelp="MSDN" ErrorFunc="HRESULT" Category="DirectX Graphics and Gaming/DirectX Input/DirectInput">
        <Api Name="EnumEffectsInFile">
            <Param Type="LPCSTR" Name="lpszFileName" />
            <Param Type="LPDIENUMEFFECTSINFILECALLBACK" Name="pec" />
            <Param Type="LPVOID" Name="pvRef" />
            <Param Type="[DIFEF_Flags]" Name="dwFlags" />
            <Return Type="[DI_HRESULT]" />
        </Api>
        <Api Name="WriteEffectToFile">
            <Param Type="LPCSTR" Name="lpszFileName" />
            <Param Type="DWORD" Name="dwEntries" />
            <Param Type="LPDIFILEEFFECT" Name="rgDiFileEft" Count="dwEntries" />
            <Param Type="[DIFEF_Flags]" Name="dwFlags" />
            <Return Type="[DI_HRESULT]" />
        </Api>
    </Interface>
</ApiMonitor>
