<!--
    API Monitor Definitions
    (c) 2011, Rohitab Batra <rohitab@rohitab.com>
    http://www.rohitab.com/apimonitor/
-->
<ApiMonitor>
    <Include Filename="Headers\dinput.h.xml" />
    <Include Filename="Interfaces\IUnknown.xml" />
    <Interface Name="IDirectInputDeviceA" Id="{5944e680-c92e-11cf-bfc7-444553540000}" BaseInterface="IUnknown" OnlineHelp="MSDN" ErrorFunc="HRESULT" Category="DirectX Graphics and Gaming/DirectX Input/DirectInput">
        <Api Name="GetCapabilities">
            <Param Type="LPDIDEVCAPS" Name="lpDIDevCaps" />
            <Return Type="[DI_HRESULT]" />
        </Api>
        <Api Name="EnumObjects">
            <Param Type="LPDIENUMDEVICEOBJECTSCALLBACKA" Name="lpCallback" />
            <Param Type="LPVOID" Name="pvRef" />
            <Param Type="[DIDFT_Flags]" Name="dwFlags" />
            <Return Type="[DI_HRESULT]" />
        </Api>
        <Api Name="GetProperty">
            <Param Type="[DIPROP]" Name="rguidProp" />
            <Param Type="LPDIPROPHEADER" Name="pdiph" />
            <Return Type="[DI_HRESULT]" />
        </Api>
        <Api Name="SetProperty">
            <Param Type="[DIPROP]" Name="rguidProp" />
            <Param Type="LPCDIPROPHEADER" Name="pdiph" />
            <Return Type="[DI_HRESULT]" />
        </Api>
        <Api Name="Acquire">
            <Return Type="[DI_HRESULT]" />
        </Api>
        <Api Name="Unacquire">
            <Return Type="[DI_HRESULT]" />
        </Api>
        <Api Name="GetDeviceState">
            <Param Type="DWORD" Name="cbData" />
            <Param Type="LPVOID" Name="lpvData" PostLength="cbData" />
            <Return Type="[DI_HRESULT]" />
        </Api>
        <Api Name="GetDeviceData">
            <Param Type="DWORD" Name="cbObjectData" />
            <Param Type="LPDIDEVICEOBJECTDATA" Name="rgdod" PostCount="pdwInOut" />
            <Param Type="LPDWORD" Name="pdwInOut" />
            <Param Type="[DIGDD_Flags]" Name="dwFlags" />
            <Return Type="[DI_HRESULT]" />
        </Api>
        <Api Name="SetDataFormat">
            <Param Type="LPCDIDATAFORMAT" Name="lpdf" />
            <Return Type="[DI_HRESULT]" />
        </Api>
        <Api Name="SetEventNotification">
            <Param Type="HANDLE" Name="hEvent" />
            <Return Type="[DI_HRESULT]" />
        </Api>
        <Api Name="SetCooperativeLevel">
            <Param Type="HWND" Name="hwnd" />
            <Param Type="[DISCL_Flags]" Name="dwFlags" />
            <Return Type="[DI_HRESULT]" />
        </Api>
        <Api Name="GetObjectInfo">
            <Param Type="LPDIDEVICEOBJECTINSTANCEA" Name="pdidoi" />
            <Param Type="DWORD" Name="dwObj" />
            <Param Type="[DIPH_Enum]" Name="dwHow" />
            <Return Type="[DI_HRESULT]" />
        </Api>
        <Api Name="GetDeviceInfo">
            <Param Type="LPDIDEVICEINSTANCEA" Name="pdidi" OutputOnly="True" />
            <Return Type="[DI_HRESULT]" />
        </Api>
        <Api Name="RunControlPanel">
            <Param Type="HWND" Name="hwndOwner" />
            <Param Type="DWORD" Name="dwFlags" />
            <Return Type="[DI_HRESULT]" />
        </Api>
        <Api Name="Initialize">
            <Param Type="HINSTANCE" Name="hinst" />
            <Param Type="DWORD" Name="dwVersion" />
            <Param Type="REFGUID" Name="rguid" />
            <Return Type="[DI_HRESULT]" />
        </Api>
    </Interface>
</ApiMonitor>
