<!--
    API Monitor Definitions
    (c) 2011, Rohitab Batra <rohitab@rohitab.com>
    http://www.rohitab.com/apimonitor/
-->
<ApiMonitor>
    <Include Filename="Headers\dinput.h.xml" />
    <Include Filename="Interfaces\IUnknown.xml" />
    <Interface Name="IDirectInputA" Id="{89521360-aa8a-11cf-bfc7-444553540000}" BaseInterface="IUnknown" OnlineHelp="MSDN" ErrorFunc="HRESULT" Category="DirectX Graphics and Gaming/DirectX Input/DirectInput">
        <Api Name="CreateDevice">
            <Param Type="REFGUID" Name="rguid" />
            <Param Type="LPDIRECTINPUTDEVICEA*" Name="lplpDirectInputDevice" />
            <Param Type="LPUNKNOWN" Name="pUnkOuter" />
            <Return Type="[DI_HRESULT]" />
        </Api>
        <Api Name="EnumDevices">
            <Param Type="[DI8DEV_FILTER]" Name="dwDevType" />
            <Param Type="LPDIENUMDEVICESCALLBACKA" Name="lpCallback" />
            <Param Type="LPVOID" Name="pvRef" />
            <Param Type="[DIEDFL_Flags]" Name="dwFlags" />
            <Return Type="[DI_HRESULT]" />
        </Api>
        <Api Name="GetDeviceStatus">
            <Param Type="REFGUID" Name="rguidInstance" />
            <Return Type="[DI_HRESULT]" />
        </Api>
        <Api Name="RunControlPanel">
            <Param Type="HWND" Name="hwndOwner" />
            <Param Type="DWORD" Name="dwFlags" />
            <Return Type="[DI_HRESULT]" />
        </Api>
        <Api Name="Initialize">
            <Param Type="HINSTANCE" Name="hinst" />
            <Param Type="DWORD" Name="dwVersion" />
            <Return Type="[DI_HRESULT]" />
        </Api>
    </Interface>
</ApiMonitor>
