<!--
    API Monitor Definitions
    (c) 2011, Rohitab Batra <rohitab@rohitab.com>
    http://www.rohitab.com/apimonitor/
-->
<ApiMonitor>
    <Include Filename="Headers\dinput.h.xml" />
    <Include Filename="Interfaces\IUnknown.xml" />
    <Interface Name="IDirectInputDevice8W" Id="{54d41081-dc15-4833-a41b-748f73a38179}" BaseInterface="IUnknown" OnlineHelp="MSDN" ErrorFunc="HRESULT" Category="DirectX Graphics and Gaming/DirectX Input/DirectInput">
        <Api Name="GetCapabilities">
            <Param Type="LPDIDEVCAPS" Name="lpDIDevCaps" />
            <Return Type="[DI_HRESULT]" />
        </Api>
        <Api Name="EnumObjects">
            <Param Type="LPDIENUMDEVICEOBJECTSCALLBACKW" Name="lpCallback" />
            <Param Type="LPVOID" Name="pvRef" />
            <Param Type="[DIDFT_Flags]" Name="dwFlags" />
            <Return Type="[DI_HRESULT]" />
        </Api>
        <Api Name="GetProperty">
            <Param Type="[DIPROP]" Name="rguidProp" />
            <Param Type="LPDIPROPHEADER" Name="pdiph" />
            <Return Type="[DI_HRESULT]" />
        </Api>
        <Api Name="SetProperty">
            <Param Type="[DIPROP]" Name="rguidProp" />
            <Param Type="LPCDIPROPHEADER" Name="pdiph" />
            <Return Type="[DI_HRESULT]" />
        </Api>
        <Api Name="Acquire">
            <Return Type="[DI_HRESULT]" />
        </Api>
        <Api Name="Unacquire">
            <Return Type="[DI_HRESULT]" />
        </Api>
        <Api Name="GetDeviceState">
            <Param Type="DWORD" Name="cbData" />
            <Param Type="LPVOID" Name="lpvData" PostLength="cbData" />
            <Return Type="[DI_HRESULT]" />
        </Api>
        <Api Name="GetDeviceData">
            <Param Type="DWORD" Name="cbObjectData" />
            <Param Type="LPDIDEVICEOBJECTDATA" Name="rgdod" PostCount="pdwInOut" />
            <Param Type="LPDWORD" Name="pdwInOut" />
            <Param Type="[DIGDD_Flags]" Name="dwFlags" />
            <Return Type="[DI_HRESULT]" />
        </Api>
        <Api Name="SetDataFormat">
            <Param Type="LPCDIDATAFORMAT" Name="lpdf" />
            <Return Type="[DI_HRESULT]" />
        </Api>
        <Api Name="SetEventNotification">
            <Param Type="HANDLE" Name="hEvent" />
            <Return Type="[DI_HRESULT]" />
        </Api>
        <Api Name="SetCooperativeLevel">
            <Param Type="HWND" Name="hwnd" />
            <Param Type="[DISCL_Flags]" Name="dwFlags" />
            <Return Type="[DI_HRESULT]" />
        </Api>
        <Api Name="GetObjectInfo">
            <Param Type="LPDIDEVICEOBJECTINSTANCEW" Name="pdidoi" />
            <Param Type="DWORD" Name="dwObj" />
            <Param Type="[DIPH_Enum]" Name="dwHow" />
            <Return Type="[DI_HRESULT]" />
        </Api>
        <Api Name="GetDeviceInfo">
            <Param Type="LPDIDEVICEINSTANCEW" Name="pdidi" OutputOnly="True" />
            <Return Type="[DI_HRESULT]" />
        </Api>
        <Api Name="RunControlPanel">
            <Param Type="HWND" Name="hwndOwner" />
            <Param Type="DWORD" Name="dwFlags" />
            <Return Type="[DI_HRESULT]" />
        </Api>
        <Api Name="Initialize">
            <Param Type="HINSTANCE" Name="hinst" />
            <Param Type="DWORD" Name="dwVersion" />
            <Param Type="REFGUID" Name="rguid" />
            <Return Type="[DI_HRESULT]" />
        </Api>
        <Api Name="CreateEffect">
            <Param Type="REFGUID" Name="rguid" />
            <Param Type="LPCDIEFFECT" Name="lpeff" />
            <Param Type="LPDIRECTINPUTEFFECT*" Name="ppdeff" />
            <Param Type="LPUNKNOWN" Name="punkOuter" />
            <Return Type="[DI_HRESULT]" />
        </Api>
        <Api Name="EnumEffects">
            <Param Type="LPDIENUMEFFECTSCALLBACKW" Name="lpCallback" />
            <Param Type="LPVOID" Name="pvRef" />
            <Param Type="[DIEFT_Flags]" Name="dwEffType" />
            <Return Type="[DI_HRESULT]" />
        </Api>
        <Api Name="GetEffectInfo">
            <Param Type="LPDIEFFECTINFOW" Name="pdei" />
            <Param Type="REFGUID" Name="rguid" />
            <Return Type="[DI_HRESULT]" />
        </Api>
        <Api Name="GetForceFeedbackState">
            <Param Type="[DIGFFS_Flags*]" Name="pdwOut" />
            <Return Type="[DI_HRESULT]" />
        </Api>
        <Api Name="SendForceFeedbackCommand">
            <Param Type="[DISFFC_Flags]" Name="dwFlags" />
            <Return Type="[DI_HRESULT]" />
        </Api>
        <Api Name="EnumCreatedEffectObjects">
            <Param Type="LPDIENUMCREATEDEFFECTOBJECTSCALLBACK" Name="lpCallback" />
            <Param Type="LPVOID" Name="pvRef" />
            <Param Type="DWORD" Name="fl" />
            <Return Type="[DI_HRESULT]" />
        </Api>
        <Api Name="Escape">
            <Param Type="LPDIEFFESCAPE" Name="pesc" />
            <Return Type="[DI_HRESULT]" />
        </Api>
        <Api Name="Poll">
            <Return Type="[DI_HRESULT]" />
        </Api>
        <Api Name="SendDeviceData">
            <Param Type="DWORD" Name="cbObjectData" />
            <Param Type="LPCDIDEVICEOBJECTDATA" Name="rgdod" Count="pdwInOut" />
            <Param Type="LPDWORD" Name="pdwInOut" />
            <Param Type="DWORD" Name="fl" />
            <Return Type="[DI_HRESULT]" />
        </Api>
        <Api Name="EnumEffectsInFile">
            <Param Type="LPCWSTR" Name="lpszFileName" />
            <Param Type="LPDIENUMEFFECTSINFILECALLBACK" Name="pec" />
            <Param Type="LPVOID" Name="pvRef" />
            <Param Type="[DIFEF_Flags]" Name="dwFlags" />
            <Return Type="[DI_HRESULT]" />
        </Api>
        <Api Name="WriteEffectToFile">
            <Param Type="LPCWSTR" Name="lpszFileName" />
            <Param Type="DWORD" Name="dwEntries" />
            <Param Type="LPDIFILEEFFECT" Name="rgDiFileEft" Count="dwEntries" />
            <Param Type="[DIFEF_Flags]" Name="dwFlags" />
            <Return Type="[DI_HRESULT]" />
        </Api>
        <Api Name="BuildActionMap">
            <Param Type="LPDIACTIONFORMATW" Name="lpdiaf" />
            <Param Type="LPCWSTR" Name="lpszUserName" />
            <Param Type="[DIDBAM_Flags]" Name="dwFlags" />
            <Return Type="[DI_HRESULT]" />
        </Api>
        <Api Name="SetActionMap">
            <Param Type="LPDIACTIONFORMATW" Name="lpdiActionFormat" />
            <Param Type="LPCWSTR" Name="lptszUserName" />
            <Param Type="[DIDSAM_Flags]" Name="dwFlags" />
            <Return Type="[DI_HRESULT]" />
        </Api>
        <Api Name="GetImageInfo">
            <Param Type="LPDIDEVICEIMAGEINFOHEADERW" Name="lpdiDevImageInfoHeader" />
            <Return Type="[DI_HRESULT]" />
        </Api>
    </Interface>
</ApiMonitor>
