<!--
    API Monitor Definitions
    (c) 2011, Rohitab Batra <rohitab@rohitab.com>
    http://www.rohitab.com/apimonitor/
-->
<ApiMonitor>
    <Include Filename="Interfaces\DirectInput\IDirectInputDeviceW.xml" />
    <Interface Name="IDirectInputDevice2W" Id="{5944e683-c92e-11cf-bfc7-444553540000}" BaseInterface="IDirectInputDeviceW" OnlineHelp="MSDN" ErrorFunc="HRESULT" Category="DirectX Graphics and Gaming/DirectX Input/DirectInput">
        <Api Name="CreateEffect">
            <Param Type="REFGUID" Name="rguid" />
            <Param Type="LPCDIEFFECT" Name="lpeff" />
            <Param Type="LPDIRECTINPUTEFFECT*" Name="ppdeff" />
            <Param Type="LPUNKNOWN" Name="punkOuter" />
            <Return Type="[DI_HRESULT]" />
        </Api>
        <Api Name="EnumEffects">
            <Param Type="LPDIENUMEFFECTSCALLBACKW" Name="lpCallback" />
            <Param Type="LPVOID" Name="pvRef" />
            <Param Type="[DIEFT_Flags]" Name="dwEffType" />
            <Return Type="[DI_HRESULT]" />
        </Api>
        <Api Name="GetEffectInfo">
            <Param Type="LPDIEFFECTINFOW" Name="pdei" />
            <Param Type="REFGUID" Name="rguid" />
            <Return Type="[DI_HRESULT]" />
        </Api>
        <Api Name="GetForceFeedbackState">
            <Param Type="[DIGFFS_Flags*]" Name="pdwOut" />
            <Return Type="[DI_HRESULT]" />
        </Api>
        <Api Name="SendForceFeedbackCommand">
            <Param Type="[DISFFC_Flags]" Name="dwFlags" />
            <Return Type="[DI_HRESULT]" />
        </Api>
        <Api Name="EnumCreatedEffectObjects">
            <Param Type="LPDIENUMCREATEDEFFECTOBJECTSCALLBACK" Name="lpCallback" />
            <Param Type="LPVOID" Name="pvRef" />
            <Param Type="DWORD" Name="fl" />
            <Return Type="[DI_HRESULT]" />
        </Api>
        <Api Name="Escape">
            <Param Type="LPDIEFFESCAPE" Name="pesc" />
            <Return Type="[DI_HRESULT]" />
        </Api>
        <Api Name="Poll">
            <Return Type="[DI_HRESULT]" />
        </Api>
        <Api Name="SendDeviceData">
            <Param Type="DWORD" Name="cbObjectData" />
            <Param Type="LPCDIDEVICEOBJECTDATA" Name="rgdod" Count="pdwInOut" />
            <Param Type="LPDWORD" Name="pdwInOut" />
            <Param Type="DWORD" Name="fl" />
            <Return Type="[DI_HRESULT]" />
        </Api>
    </Interface>
</ApiMonitor>
