<!--
    API Monitor Definitions
    (c) 2010-2011, Rohitab Batra <rohitab@rohitab.com>
    http://www.rohitab.com/apimonitor/
-->
<ApiMonitor>
    <Include Filename="Headers\windows.h.xml" />
    <Headers>

        <!-- Variables -->
        <Variable Name="HBLUETOOTH_RADIO_FIND"                      Type="Alias"    Base="HANDLE" />
        <Variable Name="HBLUETOOTH_DEVICE_FIND"                     Type="Alias"    Base="HANDLE" />
        <Variable Name="HBLUETOOTH_AUTHENTICATION_REGISTRATION"     Type="Alias"    Base="HANDLE" />
        <Variable Name="HBLUETOOTH_AUTHENTICATION_REGISTRATION*"    Type="Pointer"  Base="HBLUETOOTH_AUTHENTICATION_REGISTRATION" />
        <Variable Name="HBLUETOOTH_CONTAINER_ELEMENT"               Type="Alias"    Base="HANDLE" />
        <Variable Name="HBLUETOOTH_CONTAINER_ELEMENT*"              Type="Pointer"  Base="HBLUETOOTH_CONTAINER_ELEMENT" />
        <Variable Name="PFN_AUTHENTICATION_CALLBACK"                Type="Alias"    Base="LPVOID" />
        <Variable Name="PFN_BLUETOOTH_ENUM_ATTRIBUTES_CALLBACK"     Type="Alias"    Base="LPVOID" />
        <Variable Name="PFN_DEVICE_CALLBACK"                        Type="Alias"    Base="LPVOID" />
        <Variable Name="PFN_AUTHENTICATION_CALLBACK_EX"             Type="Alias"    Base="LPVOID" />

        <!-- Arrays -->
        <Variable Name="WCHAR [BLUETOOTH_MAX_NAME_SIZE]"            Type="Array"    Base="WCHAR" Count="248" />
        <Variable Name="WCHAR [BLUETOOTH_MAX_SERVICE_NAME_SIZE]"    Type="Array"    Base="WCHAR" Count="256" />
        <Variable Name="WCHAR [BLUETOOTH_DEVICE_NAME_SIZE]"         Type="Array"    Base="WCHAR" Count="256" />
        <Variable Name="UCHAR [BTH_MAX_PIN_SIZE]"                   Type="Array"    Base="UCHAR" Count="16" />

        <!-- BTH_ADDR -->
        <Variable Name="BTH_ADDR" Type="Alias" Base="ULONGLONG">
            <Enum>
                <Set Name="BLUETOOTH_NULL_ADDRESS" Value="0" />
            </Enum>
        </Variable>

        <!-- BLUETOOTH_ADDRESS -->
        <!-- NOTE: This is a union that contains a rgBytes field, but we're not interested in it -->
        <Variable Name="BLUETOOTH_ADDRESS" Type="Struct">
            <Field Type="BTH_ADDR"  Name="ullLong" />
        </Variable>
        <Variable Name="BLUETOOTH_ADDRESS*" Type="Pointer" Base="BLUETOOTH_ADDRESS" />

        <!-- [BTH_MFG] -->
        <Variable Name="[BTH_MFG]" Type="Alias" Base="USHORT">
            <Display Name="USHORT" />
            <Enum>
                <Set Name="BTH_MFG_ERICSSON"                    Value="0" />
                <Set Name="BTH_MFG_NOKIA"                       Value="1" />
                <Set Name="BTH_MFG_INTEL"                       Value="2" />
                <Set Name="BTH_MFG_IBM"                         Value="3" />
                <Set Name="BTH_MFG_TOSHIBA"                     Value="4" />
                <Set Name="BTH_MFG_3COM"                        Value="5" />
                <Set Name="BTH_MFG_MICROSOFT"                   Value="6" />
                <Set Name="BTH_MFG_LUCENT"                      Value="7" />
                <Set Name="BTH_MFG_MOTOROLA"                    Value="8" />
                <Set Name="BTH_MFG_INFINEON"                    Value="9" />
                <Set Name="BTH_MFG_CSR"                         Value="10" />
                <Set Name="BTH_MFG_SILICONWAVE"                 Value="11" />
                <Set Name="BTH_MFG_DIGIANSWER"                  Value="12" />
                <Set Name="BTH_MFG_TI"                          Value="13" />
                <Set Name="BTH_MFG_PARTHUS"                     Value="14" />
                <Set Name="BTH_MFG_BROADCOM"                    Value="15" />
                <Set Name="BTH_MFG_MITEL"                       Value="16" />
                <Set Name="BTH_MFG_WIDCOMM"                     Value="17" />
                <Set Name="BTH_MFG_ZEEVO"                       Value="18" />
                <Set Name="BTH_MFG_ATMEL"                       Value="19" />
                <Set Name="BTH_MFG_MITSIBUSHI"                  Value="20" />
                <Set Name="BTH_MFG_RTX_TELECOM"                 Value="21" />
                <Set Name="BTH_MFG_KC_TECHNOLOGY"               Value="22" />
                <Set Name="BTH_MFG_NEWLOGIC"                    Value="23" />
                <Set Name="BTH_MFG_TRANSILICA"                  Value="24" />
                <Set Name="BTH_MFG_ROHDE_SCHWARZ"               Value="25" />
                <Set Name="BTH_MFG_TTPCOM"                      Value="26" />
                <Set Name="BTH_MFG_SIGNIA"                      Value="27" />
                <Set Name="BTH_MFG_CONEXANT"                    Value="28" />
                <Set Name="BTH_MFG_QUALCOMM"                    Value="29" />
                <Set Name="BTH_MFG_INVENTEL"                    Value="30" />
                <Set Name="BTH_MFG_AVM_BERLIN"                  Value="31" />
                <Set Name="BTH_MFG_BANDSPEED"                   Value="32" />
                <Set Name="BTH_MFG_MANSELLA"                    Value="33" />
                <Set Name="BTH_MFG_NEC"                         Value="34" />
                <Set Name="BTH_MFG_WAVEPLUS_TECHNOLOGY_CO"      Value="35" />
                <Set Name="BTH_MFG_ALCATEL"                     Value="36" />
                <Set Name="BTH_MFG_PHILIPS_SEMICONDUCTOR"       Value="37" />
                <Set Name="BTH_MFG_C_TECHNOLOGIES"              Value="38" />
                <Set Name="BTH_MFG_OPEN_INTERFACE"              Value="39" />
                <Set Name="BTH_MFG_RF_MICRO_DEVICES"            Value="40" />
                <Set Name="BTH_MFG_HITACHI"                     Value="41" />
                <Set Name="BTH_MFG_SYMBOL_TECHNOLOGIES"         Value="42" />
                <Set Name="BTH_MFG_TENOVIS"                     Value="43" />
                <Set Name="BTH_MFG_MACRONIX_INTERNATIONAL"      Value="44" />
                <Set Name="BTH_MFG_INTERNAL_USE"                Value="65535" />
            </Enum>
        </Variable>

        <!-- BLUETOOTH_RADIO_INFO -->
        <Variable Name="BLUETOOTH_RADIO_INFO" Type="Struct">
            <Field Type="DWORD"                             Name="dwSize" />
            <Field Type="BLUETOOTH_ADDRESS"                 Name="address" />
            <Field Type="WCHAR [BLUETOOTH_MAX_NAME_SIZE]"   Name="szName" />
            <Field Type="ULONG"                             Name="ulClassofDevice" />
            <Field Type="USHORT"                            Name="lmpSubversion" />
            <Field Type="[BTH_MFG]"                         Name="manufacturer" />
        </Variable>
        <Variable Name="PBLUETOOTH_RADIO_INFO" Type="Pointer" Base="BLUETOOTH_RADIO_INFO" />

        <!-- BLUETOOTH_DEVICE_INFO -->
        <Variable Name="BLUETOOTH_DEVICE_INFO" Type="Struct">
            <Field Type="DWORD"                             Name="dwSize" />
            <Field Type="BLUETOOTH_ADDRESS"                 Name="Address" />
            <Field Type="ULONG"                             Name="ulClassofDevice" />
            <Field Type="BOOL"                              Name="fConnected" />
            <Field Type="BOOL"                              Name="fRemembered" />
            <Field Type="BOOL"                              Name="fAuthenticated" />
            <Field Type="SYSTEMTIME"                        Name="stLastSeen" />
            <Field Type="SYSTEMTIME"                        Name="stLastUsed" />
            <Field Type="WCHAR [BLUETOOTH_MAX_NAME_SIZE]"   Name="szName" />
        </Variable>
        <Variable Name="BLUETOOTH_DEVICE_INFO*"         Type="Pointer" Base="BLUETOOTH_DEVICE_INFO" />
        <Variable Name="PBLUETOOTH_DEVICE_INFO"         Type="Pointer" Base="BLUETOOTH_DEVICE_INFO" />
        <Variable Name="const BLUETOOTH_DEVICE_INFO*"   Type="Pointer" Base="BLUETOOTH_DEVICE_INFO" />

        <!-- BLUETOOTH_LOCAL_SERVICE_INFO -->
        <Variable Name="BLUETOOTH_LOCAL_SERVICE_INFO" Type="Struct">
            <Field Type="BOOL"                                      Name="Enabled" />
            <Field Type="BLUETOOTH_ADDRESS"                         Name="btAddr" />
            <Field Type="WCHAR [BLUETOOTH_MAX_SERVICE_NAME_SIZE]"   Name="szName" />
            <Field Type="WCHAR [BLUETOOTH_DEVICE_NAME_SIZE]"        Name="szDeviceString" />
        </Variable>
        <Variable Name="const BLUETOOTH_LOCAL_SERVICE_INFO*" Type="Pointer" Base="BLUETOOTH_LOCAL_SERVICE_INFO" />

        <!-- BLUETOOTH_PIN_INFO -->
        <Variable Name="BLUETOOTH_PIN_INFO" Type="Struct">
            <Field Type="UCHAR [BTH_MAX_PIN_SIZE]"  Name="pin" Count="pinLength" />
            <Field Type="UCHAR"                     Name="pinLength" />
        </Variable>

        <!-- BLUETOOTH_OOB_DATA_INFO -->
        <Variable Name="BLUETOOTH_OOB_DATA_INFO" Type="Struct">
            <Field Type="UCHAR [16]"    Name="C" />
            <Field Type="UCHAR [16]"    Name="R" />
        </Variable>
        <Variable Name="PBLUETOOTH_OOB_DATA_INFO" Type="Pointer" Base="BLUETOOTH_OOB_DATA_INFO" />

        <!-- BLUETOOTH_NUMERIC_COMPARISON_INFO -->
        <Variable Name="BLUETOOTH_NUMERIC_COMPARISON_INFO" Type="Struct">
            <Field Type="ULONG" Name="NumericValue" />
        </Variable>

        <!-- BLUETOOTH_PASSKEY_INFO -->
        <Variable Name="BLUETOOTH_PASSKEY_INFO" Type="Struct">
            <Field Type="ULONG" Name="passkey" />
        </Variable>

        <!-- [BLUETOOTH_AUTHENTICATE_RESPONSE_u] -->
        <Variable Name="[BLUETOOTH_AUTHENTICATE_RESPONSE_u]" Type="Union">
            <Display Name="union" />
            <Field Type="BLUETOOTH_PIN_INFO"                    Name="pinInfo" />
            <Field Type="BLUETOOTH_OOB_DATA_INFO"               Name="oobInfo" />
            <Field Type="BLUETOOTH_NUMERIC_COMPARISON_INFO"     Name="numericCompInfo" />
            <Field Type="BLUETOOTH_PASSKEY_INFO"                Name="passkeyInfo" />
        </Variable>

        <!-- BLUETOOTH_AUTHENTICATION_METHOD -->
        <Variable Name="BLUETOOTH_AUTHENTICATION_METHOD" Type="Alias" Base="UINT">
            <Enum>
                <Set Name="BLUETOOTH_AUTHENTICATION_METHOD_LEGACY"                  Value="1" />
                <Set Name="BLUETOOTH_AUTHENTICATION_METHOD_OOB"                     Value="2" />
                <Set Name="BLUETOOTH_AUTHENTICATION_METHOD_NUMERIC_COMPARISON"      Value="3" />
                <Set Name="BLUETOOTH_AUTHENTICATION_METHOD_PASSKEY_NOTIFICATION"    Value="4" />
                <Set Name="BLUETOOTH_AUTHENTICATION_METHOD_PASSKEY"                 Value="5" />
            </Enum>
        </Variable>

        <!-- BLUETOOTH_AUTHENTICATE_RESPONSE -->
        <Variable Name="BLUETOOTH_AUTHENTICATE_RESPONSE" Type="Struct">
            <Field Type="BLUETOOTH_ADDRESS"                     Name="bthAddressRemote" />
            <Field Type="BLUETOOTH_AUTHENTICATION_METHOD"       Name="authMethod" />
            <Field Type="[BLUETOOTH_AUTHENTICATE_RESPONSE_u]"   Name="" />
            <Field Type="UCHAR"                                 Name="negativeResponse" />
        </Variable>
        <Variable Name="PBLUETOOTH_AUTHENTICATE_RESPONSE" Type="Pointer" Base="BLUETOOTH_AUTHENTICATE_RESPONSE" />

        <!-- SDP_STRING_TYPE_DATA -->
        <Variable Name="SDP_STRING_TYPE_DATA" Type="Struct">
            <Field Type="USHORT" 	Name="encoding" />
            <Field Type="USHORT" 	Name="mibeNum" />
            <Field Type="USHORT" 	Name="attributeId" />
        </Variable>
        <Variable Name="PSDP_STRING_TYPE_DATA" Type="Pointer" Base="SDP_STRING_TYPE_DATA" />

        <!-- BLUETOOTH_FIND_RADIO_PARAMS -->
        <Variable Name="BLUETOOTH_FIND_RADIO_PARAMS" Type="Struct">
            <Field Type="DWORD" Name="dwSize" />
        </Variable>
        <Variable Name="BLUETOOTH_FIND_RADIO_PARAMS*" Type="Pointer" Base="BLUETOOTH_FIND_RADIO_PARAMS" />

        <!-- BLUETOOTH_DEVICE_SEARCH_PARAMS -->
        <Variable Name="BLUETOOTH_DEVICE_SEARCH_PARAMS" Type="Struct">
            <Field Type="DWORD"   	Name="dwSize" />
            <Field Type="BOOL"    	Name="fReturnAuthenticated" />
            <Field Type="BOOL"    	Name="fReturnRemembered" />
            <Field Type="BOOL"    	Name="fReturnUnknown" />
            <Field Type="BOOL"    	Name="fReturnConnected" />
            <Field Type="BOOL"    	Name="fIssueInquiry" />
            <Field Type="UCHAR"   	Name="cTimeoutMultiplier" />
            <Field Type="HANDLE"  	Name="hRadio" />
        </Variable>
        <Variable Name="BLUETOOTH_DEVICE_SEARCH_PARAMS*" Type="Pointer" Base="BLUETOOTH_DEVICE_SEARCH_PARAMS" />

        <!-- BLUETOOTH_COD_PAIRS -->
        <Variable Name="BLUETOOTH_COD_PAIRS" Type="Struct">
            <Field Type="ULONG"   	Name="ulCODMask" />
            <Field Type="LPCWSTR" 	Name="pcszDescription" />
        </Variable>
        <Variable Name="BLUETOOTH_COD_PAIRS*" Type="Pointer" Base="BLUETOOTH_COD_PAIRS" />

        <!-- BLUETOOTH_SELECT_DEVICE_PARAMS -->
        <Variable Name="BLUETOOTH_SELECT_DEVICE_PARAMS" Type="Struct">
            <Field Type="DWORD"   	                Name="dwSize" />
            <Field Type="ULONG"   	                Name="cNumOfClasses" />
            <Field Type="BLUETOOTH_COD_PAIRS*"  	Name="prgClassOfDevices" />
            <Field Type="LPWSTR"  	                Name="pszInfo" />
            <Field Type="HWND"    	                Name="hwndParent" />
            <Field Type="BOOL"    	                Name="fForceAuthentication" />
            <Field Type="BOOL"    	                Name="fShowAuthenticated" />
            <Field Type="BOOL"    	                Name="fShowRemembered" />
            <Field Type="BOOL"    	                Name="fShowUnknown" />
            <Field Type="BOOL"    	                Name="fAddNewDeviceWizard" />
            <Field Type="BOOL"    	                Name="fSkipServicesPage" />
            <Field Type="PFN_DEVICE_CALLBACK" 	    Name="pfnDeviceCallback" />
            <Field Type="LPVOID"  	                Name="pvParam" />
            <Field Type="DWORD"   	                Name="cNumDevices" />
            <Field Type="PBLUETOOTH_DEVICE_INFO"  	Name="pDevices" />
        </Variable>
        <Variable Name="BLUETOOTH_SELECT_DEVICE_PARAMS*" Type="Pointer" Base="BLUETOOTH_SELECT_DEVICE_PARAMS" />

        <!-- BLUETOOTH_AUTHENTICATION_REQUIREMENTS -->
        <Variable Name="BLUETOOTH_AUTHENTICATION_REQUIREMENTS" Type="Alias" Base="UINT">
            <Enum>
                <Set Name="MITMProtectionNotRequired"               Value="0x00" />
                <Set Name="MITMProtectionRequired"                  Value="0x01" />
                <Set Name="MITMProtectionNotRequiredBonding"        Value="0x02" />
                <Set Name="MITMProtectionRequiredBonding"           Value="0x03" />
                <Set Name="MITMProtectionNotRequiredGeneralBonding" Value="0x04" />
                <Set Name="MITMProtectionRequiredGeneralBonding"    Value="0x05" />
                <Set Name="MITMProtectionNotDefined"                Value="0xff" />
            </Enum>
        </Variable>

        <!-- SDP_TYPE -->
        <Variable Name="SDP_TYPE" Type="Alias" Base="UINT">
            <Enum>
                <Set Name="SDP_TYPE_NIL"            Value="0x00" />
                <Set Name="SDP_TYPE_UINT"           Value="0x01" />
                <Set Name="SDP_TYPE_INT"            Value="0x02" />
                <Set Name="SDP_TYPE_UUID"           Value="0x03" />
                <Set Name="SDP_TYPE_STRING"         Value="0x04" />
                <Set Name="SDP_TYPE_BOOLEAN"        Value="0x05" />
                <Set Name="SDP_TYPE_SEQUENCE"       Value="0x06" />
                <Set Name="SDP_TYPE_ALTERNATIVE"    Value="0x07" />
                <Set Name="SDP_TYPE_URL"            Value="0x08" />
                <Set Name="SDP_TYPE_CONTAINER"      Value="0x20" />
            </Enum>
        </Variable>

        <!-- SDP_SPECIFICTYPE -->
        <Variable Name="SDP_SPECIFICTYPE" Type="Alias" Base="UINT">
            <Enum>
                <Set Name="SDP_ST_NONE"         Value="0x0000" />
                <Set Name="SDP_ST_UINT8"        Value="0x0010" />
                <Set Name="SDP_ST_UINT16"       Value="0x0110" />
                <Set Name="SDP_ST_UINT32"       Value="0x0210" />
                <Set Name="SDP_ST_UINT64"       Value="0x0310" />
                <Set Name="SDP_ST_UINT128"      Value="0x0410" />
                <Set Name="SDP_ST_INT8"         Value="0x0020" />
                <Set Name="SDP_ST_INT16"        Value="0x0120" />
                <Set Name="SDP_ST_INT32"        Value="0x0220" />
                <Set Name="SDP_ST_INT64"        Value="0x0320" />
                <Set Name="SDP_ST_INT128"       Value="0x0420" />
                <Set Name="SDP_ST_UUID16"       Value="0x0130" />
                <Set Name="SDP_ST_UUID32"       Value="0x0220" />
                <Set Name="SDP_ST_UUID128"      Value="0x0430" />
            </Enum>
        </Variable>

        <!-- [SDP_ELEMENT_DATA_u_s1] -->
        <Variable Name="[SDP_ELEMENT_DATA_u_s1]" Type="Struct">
            <Display Name="struct" />
            <Field Type="LPBYTE"    Name="value" Length="length" />
            <Field Type="ULONG"     Name="length" />
        </Variable>

        <!-- [SDP_ELEMENT_DATA_u_s2] -->
        <Variable Name="[SDP_ELEMENT_DATA_u_s2]" Type="Struct">
            <Display Name="struct" />
            <Field Type="LPBYTE"    Name="value" Length="length" />
            <Field Type="ULONG"     Name="length" />
        </Variable>

        <!-- [SDP_ELEMENT_DATA_u_s3] -->
        <Variable Name="[SDP_ELEMENT_DATA_u_s3]" Type="Struct">
            <Display Name="struct" />
            <Field Type="LPBYTE"    Name="value" Length="length" />
            <Field Type="ULONG"     Name="length" />
        </Variable>

        <!-- [SDP_ELEMENT_DATA_u_s4] -->
        <Variable Name="[SDP_ELEMENT_DATA_u_s4]" Type="Struct">
            <Display Name="struct" />
            <Field Type="LPBYTE"    Name="value" Length="length" />
            <Field Type="ULONG"     Name="length" />
        </Variable>

        <!-- SDP_LARGE_INTEGER_16 -->
        <Variable Name="SDP_LARGE_INTEGER_16" Type="Struct">
            <Field Type="ULONGLONG"     Name="LowPart" />
            <Field Type="LONGLONG"      Name="HighPart" />
        </Variable>

        <!-- SDP_ULARGE_INTEGER_16 -->
        <Variable Name="SDP_ULARGE_INTEGER_16" Type="Struct">
            <Field Type="ULONGLONG"     Name="LowPart" />
            <Field Type="ULONGLONG"     Name="HighPart" />
        </Variable>

        <!-- [SDP_ELEMENT_DATA_u] -->
        <Variable Name="[SDP_ELEMENT_DATA_u]" Type="Union">
            <Display Name="union" />
            <Field Type="SDP_LARGE_INTEGER_16"      Name="int128" />
            <Field Type="LONGLONG"                  Name="int64" />
            <Field Type="LONG"                      Name="int32" />
            <Field Type="SHORT"                     Name="int16" />
            <Field Type="CHAR"                      Name="int8" />
            <Field Type="SDP_ULARGE_INTEGER_16"     Name="uint128" />
            <Field Type="ULONGLONG"                 Name="uint64" />
            <Field Type="ULONG"                     Name="uint32" />
            <Field Type="USHORT"                    Name="uint16" />
            <Field Type="UCHAR"                     Name="uint8" />
            <Field Type="UCHAR"                     Name="booleanVal" />
            <Field Type="GUID"                      Name="uuid128" />
            <Field Type="ULONG"                     Name="uuid32" />
            <Field Type="USHORT"                    Name="uuid16" />
            <Field Type="[SDP_ELEMENT_DATA_u_s1]"   Name="string" />
            <Field Type="[SDP_ELEMENT_DATA_u_s2]"   Name="url" />
            <Field Type="[SDP_ELEMENT_DATA_u_s3]"   Name="sequence" />
            <Field Type="[SDP_ELEMENT_DATA_u_s4]"   Name="alternative" />
        </Variable>

        <!-- SDP_ELEMENT_DATA -->
        <Variable Name="SDP_ELEMENT_DATA" Type="Struct">
            <Field Type="SDP_TYPE"              Name="type" />
            <Field Type="SDP_SPECIFICTYPE"      Name="specificType" />
            <Field Type="[SDP_ELEMENT_DATA_u]"  Name="data" />
        </Variable>
        <Variable Name="PSDP_ELEMENT_DATA" Type="Pointer" Base="SDP_ELEMENT_DATA" />

    </Headers>
</ApiMonitor>