<!--
    API Monitor Definitions
    (c) 2010-2012, Rohitab Batra <rohitab@rohitab.com>
    http://www.rohitab.com/apimonitor/
-->
<ApiMonitor>
    
    <HelpUrl Name="Google"              Url="http://www.google.com/search?q={$QUERY}" />
    <HelpUrl Name="MSDN"                Url="http://www.google.com/search?hl=en&amp;btnI&amp;q=site%3Amsdn.microsoft.com+{$QUERY}" />

    <HelpUrl Name="UnDoc'd-kernel32"    Url="http://undoc.airesoft.co.uk/kernel32.dll/{$QUERY}.php"     Display="UnDoc'd" />
    <HelpUrl Name="UnDoc'd-ntdll"       Url="http://undoc.airesoft.co.uk/ntdll.dll/{$QUERY}.php"        Display="UnDoc'd" />
    <HelpUrl Name="UnDoc'd-shell32"     Url="http://undoc.airesoft.co.uk/shell32.dll/{$QUERY}.php"      Display="UnDoc'd" />
    <HelpUrl Name="UnDoc'd-shlwapi"     Url="http://undoc.airesoft.co.uk/shlwapi.dll/{$QUERY}.php"      Display="UnDoc'd" />
    <HelpUrl Name="UnDoc'd-user32"      Url="http://undoc.airesoft.co.uk/user32.dll/{$QUERY}.php"       Display="UnDoc'd" />

    <Headers>

        <!-- UINT_PTR and INT_PTR (32-bit) -->
        <Condition Architecture="32">
            <Variable Name="INT_PTR"    Type="Integer"  Size="4" />
            <Variable Name="UINT_PTR"   Type="Integer"  Size="4" Unsigned="True" />
        </Condition>

        <!-- UINT_PTR and INT_PTR (64-bit) -->
        <Condition Architecture="64">
            <Variable Name="INT_PTR"    Type="Integer"  Size="8" />
            <Variable Name="UINT_PTR"   Type="Integer"  Size="8" Unsigned="True" />
        </Condition>

        <!-- HMODULE -->
        <Variable Name="HMODULE"                Type="ModuleHandle" />
        <Variable Name="HMODULE*"               Type="Pointer"  Base="HMODULE" />

        <!-- void -->
        <Variable Name="void"                   Type="Void" />
        <Variable Name="VOID"                   Type="Alias"    Base="void" />

        <!-- void* -->
        <Variable Name="LPVOID"                 Type="Pointer"  Base="VOID" />
        <Variable Name="LPCVOID"                Type="Alias"    Base="LPVOID" />
        <Variable Name="PVOID"                  Type="Alias"    Base="LPVOID" />
        <Variable Name="PVOID*"                 Type="Pointer"  Base="PVOID" />
        <Variable Name="VOID*"                  Type="Alias"    Base="LPVOID" />
        <Variable Name="VOID**"                 Type="Pointer"  Base="VOID*" />
        <Variable Name="PCVOID"                 Type="Alias"    Base="LPVOID" />
        <Variable Name="LPVOID*"                Type="Pointer"  Base="LPVOID"/>
        <Variable Name="const VOID*"            Type="Alias"    Base="VOID*" />
        <Variable Name="const PVOID"            Type="Alias"    Base="PVOID" />
        <Variable Name="CONST VOID*"            Type="Alias"    Base="VOID*" />
        <Variable Name="void*"                  Type="Pointer"  Base="void"/>
        <Variable Name="const void*"            Type="Alias"    Base="void*" />
        <Variable Name="const void**"           Type="Pointer"  Base="void*" />
        <Variable Name="void**"                 Type="Pointer"  Base="void*" />
        <Variable Name="CONST void*"            Type="Alias"    Base="void*" />

        <Variable Name="[LPVOID_char*]"         Type="Alias"    Base="LPVOID">
            <Display Name="char*" />
        </Variable>

        <!-- PVOID64 -->
        <Variable Name="PVOID64"                Type="Integer"  Size="8" Unsigned="True" DisplayHex="True" />

        <!-- byte -->
        <Variable Name="BYTE"                   Type="Integer"  Size="1" Unsigned="True" />
        <Variable Name="CONST BYTE"             Type="Alias"    Base="BYTE" />
        <Variable Name="CONST BYTE*"            Type="Pointer"  Base="CONST BYTE" />
        <Variable Name="LPBYTE"                 Type="Pointer"  Base="BYTE" />
        <Variable Name="LPBYTE*"                Type="Pointer"  Base="LPBYTE" />
        <Variable Name="BYTE*"                  Type="Alias"    Base="LPBYTE" />
        <Variable Name="BYTE**"                 Type="Pointer"  Base="BYTE*" />
        <Variable Name="PBYTE"                  Type="Alias"    Base="LPBYTE" />
        <Variable Name="const PBYTE"            Type="Alias"    Base="PBYTE" />
        <Variable Name="CONST PBYTE"            Type="Alias"    Base="PBYTE" />
        <Variable Name="PBYTE*"                 Type="Pointer"  Base="PBYTE" />
        <Variable Name="const BYTE*"            Type="Alias"    Base="BYTE*" />
        <Variable Name="const BYTE**"           Type="Pointer"  Base="BYTE*" />
        <Variable Name="LPCBYTE"                Type="Alias"    Base="LPBYTE" />
        <Variable Name="const LPBYTE"           Type="Alias"    Base="LPBYTE" />
        <Variable Name="byte"                   Type="Alias"    Base="BYTE" />
        <Variable Name="byte*"                  Type="Pointer"  Base="byte" />
        <Variable Name="const byte*"            Type="Pointer"  Base="byte" />
        <Variable Name="byte**"                 Type="Pointer"  Base="byte*" />

        <!-- 8-bit unsigned integer -->
        <Variable Name="UCHAR"                  Type="Integer"  Size="1" Unsigned="True" />
        <Variable Name="UCHAR*"                 Type="Pointer"  Base="UCHAR" />
        <Variable Name="UCHAR**"                Type="Pointer"  Base="UCHAR*" />
        <Variable Name="PUCHAR"                 Type="Pointer"  Base="UCHAR" />
        <Variable Name="PUCHAR*"                Type="Pointer"  Base="PUCHAR" />
        <Variable Name="unsigned char"          Type="Alias"    Base="UCHAR" />
        <Variable Name="unsigned char*"         Type="Pointer"  Base="unsigned char" />
        <Variable Name="unsigned char**"        Type="Pointer"  Base="unsigned char*" />
        <Variable Name="UINT8"                  Type="Integer"  Size="1" Unsigned="True" />
        <Variable Name="PUINT8"                 Type="Pointer"  Base="UINT8" />

        <!-- 8-bit signed integer -->
        <Variable Name="INT8"                   Type="Integer"  Size="1"/>
        <Variable Name="INT16"                  Type="Integer"  Size="2"/>

        <!-- 16-bit unsigned integer -->
        <Variable Name="UINT16"                 Type="Integer"  Size="2" Unsigned="True" />
        <Variable Name="UINT16*"                Type="Pointer"  Base="UINT16" />
        <Variable Name="WORD"                   Type="Alias"    Base="UINT16" />
        <Variable Name="WORD*"                  Type="Pointer"  Base="WORD"/>
        <Variable Name="PWORD"                  Type="Pointer"  Base="WORD"/>
        <Variable Name="const WORD*"            Type="Alias"    Base="WORD*" />
        <Variable Name="LPWORD"                 Type="Alias"    Base="WORD*"/>
        <Variable Name="USHORT"                 Type="Alias"    Base="UINT16" />
        <Variable Name="PUSHORT"                Type="Pointer"  Base="USHORT" />
        <Variable Name="USHORT*"                Type="Alias"    Base="PUSHORT" />
        <Variable Name="const USHORT*"          Type="Alias"    Base="PUSHORT" />
        <Variable Name="unsigned short"         Type="Alias"    Base="USHORT" />
        <Variable Name="u_short"                Type="Alias"    Base="USHORT" />
        <Variable Name="u_short*"               Type="Alias"    Base="PUSHORT" />

        <!-- 16-bit signed integer -->
        <Variable Name="SHORT"                  Type="Integer"  Size="2" />
        <Variable Name="short"                  Type="Alias"    Base="SHORT" />
        <Variable Name="short*"                 Type="Pointer"  Base="short" />

        <!-- 32/64 bit unsigned integer -->
        <Variable Name="PUINT_PTR"              Type="Pointer"  Base="UINT_PTR" />
        <Variable Name="ULONG_PTR"              Type="Alias"    Base="UINT_PTR"/>
        <Variable Name="ULONG_PTR*"             Type="Pointer"  Base="ULONG_PTR"/>
        <Variable Name="PULONG_PTR"             Type="Alias"    Base="ULONG_PTR*"/>
        <Variable Name="const ULONG_PTR*"       Type="Alias"    Base="ULONG_PTR*"/>
        <Variable Name="DWORD_PTR"              Type="Alias"    Base="ULONG_PTR" />
        <Variable Name="DWORD_PTR*"             Type="Pointer"  Base="DWORD_PTR" />
        <Variable Name="PDWORD_PTR"             Type="Alias"    Base="DWORD_PTR*" />

        <!-- 32/64 bit signed integer -->
        <Variable Name="LONG_PTR"               Type="Alias"    Base="INT_PTR" />
        <Variable Name="LONG_PTR*"              Type="Pointer"  Base="LONG_PTR" />

        <!-- BOOL -->
        <Variable Name="BOOL" Type="Integer" Size="4">
            <Enum DefaultName="TRUE">
                <Set Name="TRUE"    Value="1" />
                <Set Name="FALSE"   Value="0" />
            </Enum>
        </Variable>
        <Variable Name="PBOOL"                  Type="Pointer"  Base="BOOL" />
        <Variable Name="LPBOOL"                 Type="Alias"    Base="PBOOL" />
        <Variable Name="bool"                   Type="Alias"    Base="BOOL" />
        <Variable Name="bool*"                  Type="Pointer"  Base="bool" />
        <Variable Name="Bool"                   Type="Alias"    Base="BOOL" />
        <Variable Name="BOOL*"                  Type="Pointer"  Base="BOOL"/>
        <Variable Name="const BOOL"             Type="Alias"    Base="BOOL"/>
        <Variable Name="CONST BOOL*"            Type="Alias"    Base="BOOL*"/>
        <Variable Name="BOOLAPI"                Type="Alias"    Base="BOOL" />
        
        <!-- BOOLEAN -->
        <Variable Name="BOOLEAN" Type="Integer" Size="1">
            <Enum DefaultName="TRUE">
                <Set Name="TRUE"    Value="1" />
                <Set Name="FALSE"   Value="0" />
            </Enum>
        </Variable>
        <Variable Name="BOOLEAN*"               Type="Pointer"  Base="BOOLEAN" />
        <Variable Name="PBOOLEAN"               Type="Pointer"  Base="BOOLEAN" />

        <!-- 32-bit unsigned integer -->
        <Variable Name="UINT32"                 Type="Integer"  Size="4" Unsigned="True" />
        <Variable Name="UINT32*"                Type="Pointer"  Base="UINT32" />
        <Variable Name="PUINT32"                Type="Pointer"  Base="UINT32" />
        <Variable Name="unsigned long"          Type="Alias"    Base="UINT32" />
        <Variable Name="unsigned long*"         Type="Pointer"  Base="unsigned long" />
        <Variable Name="const unsigned long"    Type="Alias"    Base="unsigned long" />
        <Variable Name="u_long"                 Type="Alias"    Base="UINT32" />
        <Variable Name="u_long*"                Type="Pointer"  Base="u_long" />
        <Variable Name="ULONG"                  Type="Alias"    Base="UINT32" />
        <Variable Name="ULONG*"                 Type="Pointer"  Base="ULONG" />
        <Variable Name="PULONG"                 Type="Pointer"  Base="ULONG" />
        <Variable Name="PULONG*"                Type="Pointer"  Base="PULONG" />
        <Variable Name="Ulong"                  Type="Alias"    Base="UINT32" />
        <Variable Name="UINT"                   Type="Alias"    Base="UINT32" />
        <Variable Name="PUINT"                  Type="Pointer"  Base="UINT" />
        <Variable Name="UINT*"                  Type="Alias"    Base="PUINT" />
        <Variable Name="const UINT*"            Type="Alias"    Base="UINT*" />
        <Variable Name="unsigned int"           Type="Alias"    Base="UINT" />
        <Variable Name="unsigned int*"          Type="Alias"    Base="PUINT" />
        <Variable Name="LPUINT"                 Type="Alias"    Base="PUINT" />
        <Variable Name="ULONG32"                Type="Alias"    Base="ULONG" />

        <!-- 32-bit signed integer -->
        <Variable Name="INT32"                  Type="Integer"  Size="4" />
        <Variable Name="long"                   Type="Alias"    Base="INT32" />
        <Variable Name="long*"                  Type="Pointer"  Base="long" />
        <Variable Name="LONG"                   Type="Alias"    Base="long" />
        <Variable Name="LONG*"                  Type="Pointer"  Base="LONG" />
        <Variable Name="PLONG"                  Type="Alias"    Base="LONG*" />
        <Variable Name="LPLONG"                 Type="Alias"    Base="LONG*" />
        <Variable Name="LONG volatile*"         Type="Alias"    Base="LONG*" />
        <Variable Name="int"                    Type="Alias"    Base="INT32" />
        <Variable Name="INT"                    Type="Alias"    Base="int" />
        <Variable Name="int*"                   Type="Pointer"  Base="int"/>
        <Variable Name="CONST int*"             Type="Alias"    Base="int*"/>
        <Variable Name="const int*"             Type="Alias"    Base="int*"/>
        <Variable Name="INT*"                   Type="Pointer"  Base="INT"/>
        <Variable Name="const INT*"             Type="Alias"    Base="INT*"/>
        <Variable Name="PINT"                   Type="Pointer"  Base="INT"/>
        <Variable Name="LPINT"                  Type="Alias"    Base="PINT"/>
        <Variable Name="const LPINT"            Type="Alias"    Base="LPINT" />
        <Variable Name="signed int"             Type="Alias"    Base="int"/>
        <Variable Name="__int32"                Type="Alias"    Base="INT32" />

        <!-- 64-bit integers -->
        <Variable Name="INT64"                  Type="Integer"  Size="8" />
        <Variable Name="LONGLONG"               Type="Alias"    Base="INT64" />
        <Variable Name="LONGLONG*"              Type="Pointer"  Base="LONGLONG" />
        <Variable Name="LONGLONG**"             Type="Pointer"  Base="LONGLONG*" />
        <Variable Name="LONGLONG volatile*"     Type="Alias"    Base="LONGLONG*" />
        <Variable Name="PLONGLONG"              Type="Pointer"  Base="LONGLONG" />
        <Variable Name="LONG64"                 Type="Alias"    Base="INT64" />
        <Variable Name="LONG64*"                Type="Pointer"  Base="LONG64" />
        <Variable Name="PLONG64"                Type="Pointer"  Base="LONG64" />
        <Variable Name="__int64"                Type="Alias"    Base="INT64" />

        <!-- 64-bit unsigned integers -->
        <Variable Name="UINT64"                 Type="Integer"  Size="8" Unsigned="True" />
        <Variable Name="UINT64*"                Type="Pointer"  Base="UINT64" />
        <Variable Name="PUINT64"                Type="Pointer"  Base="UINT64" />
        <Variable Name="ULONGLONG"              Type="Alias"    Base="UINT64" />
        <Variable Name="ULONGLONG*"             Type="Pointer"  Base="ULONGLONG" />
        <Variable Name="PULONGLONG"             Type="Pointer"  Base="ULONGLONG" />
        <Variable Name="ULONG64"                Type="Alias"    Base="UINT64" />
        <Variable Name="ULONG64*"               Type="Pointer"  Base="ULONG64" />
        <Variable Name="PULONG64"               Type="Pointer"  Base="ULONG64" />
        <Variable Name="DWORD64"                Type="Alias"    Base="UINT64" />
        <Variable Name="PDWORD64"               Type="Pointer"  Base="DWORD64" />
        <Variable Name="DWORDLONG"              Type="Alias"    Base="ULONGLONG" />
        <Variable Name="DWORDLONG*"             Type="Pointer"  Base="DWORDLONG" />
        <Variable Name="unsigned __int64"       Type="Alias"    Base="UINT64" />
        <Variable Name="unsigned __int64*"      Type="Pointer"  Base="unsigned __int64" />

        <!-- DWORD -->
        <Variable Name="DWORD"                  Type="Integer"  Size="4" Unsigned="True" />
        <Variable Name="PDWORD"                 Type="Pointer"  Base="DWORD" />
        <Variable Name="DWORD*"                 Type="Alias"    Base="PDWORD" />
        <Variable Name="LPDWORD"                Type="Alias"    Base="PDWORD" />
        <Variable Name="const DWORD*"           Type="Alias"    Base="PDWORD" />
        <Variable Name="LPDWORD*"               Type="Pointer"  Base="LPDWORD" />
        <Variable Name="CONST DWORD*"           Type="Alias"    Base="DWORD*" />
        <Variable Name="DWORD const*"           Type="Alias"    Base="DWORD*" />

        <!-- LPSTR -->
        <Variable Name="CHAR"                   Type="Character" />
        <Variable Name="LPSTR"                  Type="Pointer"  Base="CHAR" />
        <Variable Name="LPSTR*"                 Type="Pointer"  Base="LPSTR" />
        <Variable Name="LPCSTR"                 Type="Alias"    Base="LPSTR" />
        <Variable Name="LPCSTR*"                Type="Pointer"  Base="LPCSTR" />
        <Variable Name="PCSTR"                  Type="Alias"    Base="LPSTR" />
        <Variable Name="PSTR"                   Type="Alias"    Base="LPSTR" />
        <Variable Name="PCHAR"                  Type="Alias"    Base="LPSTR" />
        <Variable Name="PCHAR*"                 Type="Pointer"  Base="PCHAR" />
        <Variable Name="PCHAR**"                Type="Pointer"  Base="PCHAR*" />
        <Variable Name="CHAR*"                  Type="Pointer"  Base="CHAR" />
        <Variable Name="char"                   Type="Alias"    Base="CHAR"/>
        <Variable Name="char*"                  Type="Pointer"  Base="char"/>
        <Variable Name="char**"                 Type="Pointer"  Base="char*" />
        <Variable Name="CHAR**"                 Type="Pointer"  Base="CHAR*" />
        <Variable Name="const char*"            Type="Alias"    Base="char*" />
        <Variable Name="const char**"           Type="Pointer"  Base="const char*" />
        <Variable Name="const PCHAR"            Type="Alias"    Base="PCHAR" />

        <!-- LPWSTR -->
        <Variable Name="WCHAR"                  Type="UnicodeCharacter" />
        <Variable Name="LPWSTR"                 Type="Pointer"  Base="WCHAR" />
        <Variable Name="PWSTR"                  Type="Alias"    Base="LPWSTR" />
        <Variable Name="PCWSTR"                 Type="Alias"    Base="PWSTR" />
        <Variable Name="LPCWSTR"                Type="Alias"    Base="PWSTR" />
        <Variable Name="LPCWSTR*"               Type="Pointer"  Base="LPCWSTR" />
        <Variable Name="const LPCWSTR*"         Type="Pointer"  Base="LPCWSTR" />
        <Variable Name="const WCHAR*"           Type="Alias"    Base="PWSTR" />
        <Variable Name="CONST WCHAR*"           Type="Alias"    Base="PWSTR" />
        <Variable Name="WCHAR*"                 Type="Alias"    Base="PWSTR" />
        <Variable Name="const PWSTR"            Type="Alias"    Base="PWSTR" />
        <Variable Name="PWCHAR"                 Type="Alias"    Base="PWSTR" />
        <Variable Name="PWCHAR*"                Type="Pointer"  Base="PWCHAR" />
        <Variable Name="WCHAR**"                Type="Pointer"  Base="WCHAR*" />
        <Variable Name="PWCHAR**"               Type="Pointer"  Base="PWCHAR*" />
        <Variable Name="LPWSTR*"                Type="Pointer"  Base="LPWSTR" />
        <Variable Name="LPWSTR**"               Type="Pointer"  Base="LPWSTR*" />
        <Variable Name="PWSTR*"                 Type="Pointer"  Base="PWSTR" />
        <Variable Name="PWSTR**"                Type="Pointer"  Base="PWSTR*" />
        <Variable Name="PCWSTR*"                Type="Alias"    Base="PWSTR*" />
        <Variable Name="WCHAR const*"           Type="Alias"    Base="WCHAR*" />
        <Variable Name="wchar_t"                Type="Alias"    Base="WCHAR" />
        <Variable Name="wchar_t*"               Type="Pointer"  Base="wchar_t" />
        <Variable Name="wchar_t**"              Type="Pointer"  Base="wchar_t*" />
        <Variable Name="const wchar_t*"         Type="Pointer"  Base="wchar_t" />
        <Variable Name="const wchar_t**"        Type="Pointer"  Base="const wchar_t*" />

        <!-- LPTSTR -->
        <Variable Name="TCHAR"                  Type="TCharacter" />
        <Variable Name="LPTSTR"                 Type="Pointer"  Base="TCHAR" />
        <Variable Name="LPCTSTR"                Type="Alias"    Base="LPTSTR" />
        <Variable Name="PTSTR"                  Type="Alias"    Base="LPTSTR"/>
        <Variable Name="const PCTSTR"           Type="Alias"    Base="LPTSTR"/>
        <Variable Name="tchar*"                 Type="Alias"    Base="LPTSTR"/>
        <Variable Name="PCTSTR"                 Type="Alias"    Base="LPTSTR"/>
        <Variable Name="TCHAR*"                 Type="Alias"    Base="LPTSTR"/>
        <Variable Name="PTCHAR"                 Type="Alias"    Base="LPTSTR"/>
        <Variable Name="LPTSTR*"                Type="Pointer"  Base="LPTSTR"/>
        <Variable Name="LPCTSTR*"               Type="Pointer"  Base="LPCTSTR" />
        <Variable Name="PTSTR*"                 Type="Pointer"  Base="PTSTR" />
        <Variable Name="TCHAR**"                Type="Pointer"  Base="TCHAR*" />
        <Variable Name="PTSTR**"                Type="Pointer"  Base="PTSTR*" />
        <Variable Name="LPTSTR**"               Type="Pointer"  Base="LPTSTR*" />
        <Variable Name="PCTSTR*"                Type="Pointer"  Base="PCTSTR" />
        <Variable Name="PCTSTR**"               Type="Pointer"  Base="PCTSTR*" />
        <Variable Name="LPTCH"                  Type="Alias"    Base="LPTSTR" />
        <Variable Name="LPCTCH"                 Type="Alias"    Base="LPTSTR" />

        <!-- size_t -->
        <Variable Name="size_t"                 Type="Alias"    Base="INT_PTR" />
        <Variable Name="size_t*"                Type="Pointer"  Base="size_t" />
        <Variable Name="SIZE_T"                 Type="Alias"    Base="size_t" />
        <Variable Name="SIZE_T*"                Type="Pointer"  Base="SIZE_T" />
        <Variable Name="PSIZE_T"                Type="Alias"    Base="SIZE_T*" />

        <!-- time_t -->
        <Variable Name="time_t"                 Type="Alias"    Base="INT64" />
        <Variable Name="time_t*"                Type="Pointer"  Base="time_t" />
        <Variable Name="const time_t*"          Type="Pointer"  Base="time_t" />

        <!-- float -->
        <Variable Name="float"                  Type="Floating" Size="4" />
        <Variable Name="float*"                 Type="Pointer"  Base="float" />
        <Variable Name="FLOAT"                  Type="Alias"    Base="float" />
        <Variable Name="FLOAT*"                 Type="Pointer"  Base="FLOAT" />
        <Variable Name="PFLOAT"                 Type="Pointer"  Base="FLOAT" />
        <Variable Name="CONST float*"           Type="Alias"    Base="float*" />
        <Variable Name="CONST FLOAT*"           Type="Pointer"  Base="FLOAT" />
        <Variable Name="const float"            Type="Alias"    Base="float"/>
        <Variable Name="const float*"           Type="Pointer"  Base="const float"/>

        <!-- double -->
        <Variable Name="double"                 Type="Floating" Size="8" />
        <Variable Name="double*"                Type="Pointer"  Base="double" />
        <Variable Name="DOUBLE"                 Type="Alias"    Base="double" />
        <Variable Name="DOUBLE*"                Type="Pointer"  Base="DOUBLE" />

        <!-- va_list -->
        <Variable Name="va_list"                Type="Alias"    Base="LPVOID" />
        <Variable Name="va_list*"               Type="Pointer"  Base="va_list" />

        <!-- Arrays -->
        <Variable Name="CHAR [14]"              Type="Array"    Base="CHAR"     Count="14" />
        <Variable Name="CHAR [MAX_PATH]"        Type="Array"    Base="CHAR"     Count="260" />
        <Variable Name="WCHAR [1]"              Type="Array"    Base="WCHAR"    Count="1" />
        <Variable Name="WCHAR [14]"             Type="Array"    Base="WCHAR"    Count="14" />
        <Variable Name="WCHAR [128]"            Type="Array"    Base="WCHAR"    Count="128" />
        <Variable Name="WCHAR [256]"            Type="Array"    Base="WCHAR"    Count="256" />
        <Variable Name="WCHAR [MAX_PATH]"       Type="Array"    Base="WCHAR"    Count="260" />
        <Variable Name="TCHAR [ANYSIZE_ARRAY]"  Type="Array"    Base="TCHAR"    Count="1" />
        <Variable Name="TCHAR [14]"             Type="Array"    Base="TCHAR"    Count="14" />
        <Variable Name="TCHAR [32]"             Type="Array"    Base="TCHAR"    Count="32" />
        <Variable Name="TCHAR [64]"             Type="Array"    Base="TCHAR"    Count="64" />
        <Variable Name="TCHAR [128]"            Type="Array"    Base="TCHAR"    Count="128" />
        <Variable Name="TCHAR [256]"            Type="Array"    Base="TCHAR"    Count="256" />
        <Variable Name="TCHAR [MAX_PATH]"       Type="Array"    Base="TCHAR"    Count="260" />
        <Variable Name="TCHAR [MAX_PATH + 1]"   Type="Array"    Base="TCHAR"    Count="261" />
        <Variable Name="UCHAR [1]"              Type="Array"    Base="UCHAR"    Count="1" />
        <Variable Name="UCHAR [2]"              Type="Array"    Base="UCHAR"    Count="2" />
        <Variable Name="UCHAR [16]"             Type="Array"    Base="UCHAR"    Count="16" />
        <Variable Name="UCHAR [24]"             Type="Array"    Base="UCHAR"    Count="24" />
        <Variable Name="DWORD [1]"              Type="Array"    Base="DWORD"    Count="1" />
        <Variable Name="DWORD [2]"              Type="Array"    Base="DWORD"    Count="2" />
        <Variable Name="DWORD [3]"              Type="Array"    Base="DWORD"    Count="3" />
        <Variable Name="DWORD [4]"              Type="Array"    Base="DWORD"    Count="4" />
        <Variable Name="BYTE [1]"               Type="Array"    Base="BYTE"     Count="1" />
        <Variable Name="BYTE [ANYSIZE_ARRAY]"   Type="Array"    Base="BYTE"     Count="1" />
        <Variable Name="BYTE [2]"               Type="Array"    Base="BYTE"     Count="2" />
        <Variable Name="BYTE [6]"               Type="Array"    Base="BYTE"     Count="6" />
        <Variable Name="BYTE [8]"               Type="Array"    Base="BYTE"     Count="8" />
        <Variable Name="BYTE [16]"              Type="Array"    Base="BYTE"     Count="16" />
        <Variable Name="ULONG [2]"              Type="Array"    Base="ULONG"    Count="2" />
        <Variable Name="ULONG [4]"              Type="Array"    Base="ULONG"    Count="4" />
        <Variable Name="float [4]"              Type="Array"    Base="float"    Count="4"/>
        <Variable Name="ULONG64 [2]"            Type="Array"    Base="ULONG64"  Count="2" />
        <Variable Name="ULONG64 [4]"            Type="Array"    Base="ULONG64"  Count="4" />
        <Variable Name="USHORT [8]"             Type="Array"    Base="USHORT"   Count="8" />
        <Variable Name="WORD [256]"             Type="Array"    Base="WORD"     Count="256"/>
        <Variable Name="char [260]"             Type="Array"    Base="char"  Count="260" />
        
        <!-- Stack Variable
        Used for API's from External DLL's and for API's with unknown parameters. DO NOT REMOVE.
        If this is not available, support for External DLL's will be disabled.
        -->
        <!--
        <Variable Name="Stack" Type="Union">
            <Field Type="UINT32"    Name="ui32Value" />
            <Field Type="UINT64" 	Name="ui64Value" />
            <Field Type="INT32" 	Name="i32Value" />
            <Field Type="INT64" 	Name="i64Value" />
            <Field Type="BOOL" 	    Name="bValue" />
            <Field Type="LPSTR" 	Name="lpszValue" />
            <Field Type="LPWSTR" 	Name="lpwszValue" />
            <Field Type="FLOAT" 	Name="flValue" />
            <Field Type="DOUBLE"    Name="dblValue" />
            
            <Field Type="LPSTR*" 	Name="ppszValue" />
            <Field Type="LPWSTR*"   Name="ppwszValue" />
            <Field Type="PUINT32"   Name="pui32Value" />
            <Field Type="PUINT64" 	Name="pui64Value" />
            <Field Type="PBOOL" 	Name="pbValue" />
            <Field Type="FLOAT*" 	Name="pflValue" />
            <Field Type="DOUBLE*"   Name="pdblValue" />
        </Variable>
        -->
        <Variable Name="Stack" Type="Union">
            <Field Type="UINT_PTR"  Name="uintp" />
            <Field Type="INT_PTR"   Name="intp" />
            <Field Type="LPSTR" 	Name="psz" />
            <Field Type="LPWSTR" 	Name="pwsz" />
            <Field Type="LPVOID*" 	Name="ppv" />
        </Variable>

    </Headers>
</ApiMonitor>