<!--
    API Monitor Definitions
    (c) 2011-2012, Rohitab Batra <rohitab@rohitab.com>
    http://www.rohitab.com/apimonitor/
-->
<ApiMonitor>
    <Include Filename="Headers\windows.h.xml" />
    <Headers>
        <!-- Interfaces -->
        <Variable Name="IDirectDraw"                                Type="Interface" />
        <Variable Name="IDirectDraw2"                               Type="Interface" />
        <Variable Name="IDirectDraw4"                               Type="Interface" />
        <Variable Name="IDirectDraw7"                               Type="Interface" />
        <Variable Name="IDirectDrawClipper"                         Type="Interface" />
        <Variable Name="IDirectDrawColorControl"                    Type="Interface" />
        <Variable Name="IDirectDrawGammaControl"                    Type="Interface" />
        <Variable Name="IDirectDrawPalette"                         Type="Interface" />
        <Variable Name="IDirectDrawSurface"                         Type="Interface" />
        <Variable Name="IDirectDrawSurface2"                        Type="Interface" />
        <Variable Name="IDirectDrawSurface3"                        Type="Interface" />
        <Variable Name="IDirectDrawSurface4"                        Type="Interface" />
        <Variable Name="IDirectDrawSurface7"                        Type="Interface" />

        <!-- Interface Aliases -->
        <Variable Name="LPDIRECTDRAW"                               Type="Alias"    Base="IDirectDraw*" />
        <Variable Name="LPDIRECTDRAW*"                              Type="Pointer"  Base="LPDIRECTDRAW" />
        <Variable Name="LPDIRECTDRAW7"                              Type="Alias"    Base="IDirectDraw7*" />
        <Variable Name="LPDIRECTDRAW7*"                             Type="Pointer"  Base="LPDIRECTDRAW7" />
        <Variable Name="LPDIRECTDRAWSURFACE"                        Type="Alias"    Base="IDirectDrawSurface*" />
        <Variable Name="LPDIRECTDRAWSURFACE*"                       Type="Pointer"  Base="LPDIRECTDRAWSURFACE" />
        <Variable Name="LPDIRECTDRAWSURFACE4"                       Type="Alias"    Base="IDirectDrawSurface4*" />
        <Variable Name="LPDIRECTDRAWSURFACE4*"                      Type="Pointer"  Base="LPDIRECTDRAWSURFACE4" />
        <Variable Name="LPDIRECTDRAWSURFACE7"                       Type="Alias"    Base="IDirectDrawSurface7*" />
        <Variable Name="LPDIRECTDRAWSURFACE7*"                      Type="Pointer"  Base="LPDIRECTDRAWSURFACE7" />
        <Variable Name="LPDIRECTDRAWPALETTE"                        Type="Alias"    Base="IDirectDrawPalette*" />
        <Variable Name="LPDIRECTDRAWPALETTE*"                       Type="Pointer"  Base="LPDIRECTDRAWPALETTE" />
        <Variable Name="LPDIRECTDRAWCLIPPER"                        Type="Alias"    Base="IDirectDrawClipper*" />
        <Variable Name="LPDIRECTDRAWCLIPPER*"                       Type="Pointer"  Base="LPDIRECTDRAWCLIPPER" />
        
        <!-- Variables -->
        <Variable Name="LPDDENUMCALLBACK"                           Type="Alias"    Base="LPVOID" />
        <Variable Name="LPDDENUMCALLBACKEX"                         Type="Alias"    Base="LPVOID" />
        <Variable Name="LPDDENUMSURFACESCALLBACK"                   Type="Alias"    Base="LPVOID" />
        <Variable Name="LPDDENUMMODESCALLBACK"                      Type="Alias"    Base="LPVOID" />
        
        <!-- Arrays -->
        <Variable Name="DWORD [DD_ROP_SPACE]"                       Type="Array"    Base="DWORD"    Count="8" />
        <Variable Name="char [MAX_DDDEVICEID_STRING]"               Type="Array"    Base="char"     Count="512" />

        <!-- [DD_HRESULT] -->
        <Variable Name="[DD_HRESULT]" Type="Alias" Base="HRESULT">
            <Display Name="HRESULT" />
            <Enum Reset="True">
                <Set Name="DD_OK"                                       Value="0x00000000" />
                <Set Name="DD_FALSE"                                    Value="0x00000001" />
                <Set Name="DDENUMRET_CANCEL"                            Value="0x00000000" />
                <Set Name="DDENUMRET_OK"                                Value="0x00000001" />
                <Set Name="DDERR_ALREADYINITIALIZED"                    Value="0x88760005" />
                <Set Name="DDERR_CANNOTATTACHSURFACE"                   Value="0x8876000a" />
                <Set Name="DDERR_CANNOTDETACHSURFACE"                   Value="0x88760014" />
                <Set Name="DDERR_CURRENTLYNOTAVAIL"                     Value="0x88760028" />
                <Set Name="DDERR_EXCEPTION"                             Value="0x88760037" />
                <Set Name="DDERR_GENERIC"                               Value="0x80004005" />
                <Set Name="DDERR_HEIGHTALIGN"                           Value="0x8876005a" />
                <Set Name="DDERR_INCOMPATIBLEPRIMARY"                   Value="0x8876005f" />
                <Set Name="DDERR_INVALIDCAPS"                           Value="0x88760064" />
                <Set Name="DDERR_INVALIDCLIPLIST"                       Value="0x8876006e" />
                <Set Name="DDERR_INVALIDMODE"                           Value="0x88760078" />
                <Set Name="DDERR_INVALIDOBJECT"                         Value="0x88760082" />
                <Set Name="DDERR_INVALIDPARAMS"                         Value="0x80070057" />
                <Set Name="DDERR_INVALIDPIXELFORMAT"                    Value="0x88760091" />
                <Set Name="DDERR_INVALIDRECT"                           Value="0x88760096" />
                <Set Name="DDERR_LOCKEDSURFACES"                        Value="0x887600a0" />
                <Set Name="DDERR_NO3D"                                  Value="0x887600aa" />
                <Set Name="DDERR_NOALPHAHW"                             Value="0x887600b4" />
                <Set Name="DDERR_NOSTEREOHARDWARE"                      Value="0x887600b5" />
                <Set Name="DDERR_NOSURFACELEFT"                         Value="0x887600b6" />
                <Set Name="DDERR_NOCLIPLIST"                            Value="0x887600cd" />
                <Set Name="DDERR_NOCOLORCONVHW"                         Value="0x887600d2" />
                <Set Name="DDERR_NOCOOPERATIVELEVELSET"                 Value="0x887600d4" />
                <Set Name="DDERR_NOCOLORKEY"                            Value="0x887600d7" />
                <Set Name="DDERR_NOCOLORKEYHW"                          Value="0x887600dc" />
                <Set Name="DDERR_NODIRECTDRAWSUPPORT"                   Value="0x887600de" />
                <Set Name="DDERR_NOEXCLUSIVEMODE"                       Value="0x887600e1" />
                <Set Name="DDERR_NOFLIPHW"                              Value="0x887600e6" />
                <Set Name="DDERR_NOGDI"                                 Value="0x887600f0" />
                <Set Name="DDERR_NOMIRRORHW"                            Value="0x887600fa" />
                <Set Name="DDERR_NOTFOUND"                              Value="0x887600ff" />
                <Set Name="DDERR_NOOVERLAYHW"                           Value="0x88760104" />
                <Set Name="DDERR_OVERLAPPINGRECTS"                      Value="0x8876010e" />
                <Set Name="DDERR_NORASTEROPHW"                          Value="0x88760118" />
                <Set Name="DDERR_NOROTATIONHW"                          Value="0x88760122" />
                <Set Name="DDERR_NOSTRETCHHW"                           Value="0x88760136" />
                <Set Name="DDERR_NOT4BITCOLOR"                          Value="0x8876013c" />
                <Set Name="DDERR_NOT4BITCOLORINDEX"                     Value="0x8876013d" />
                <Set Name="DDERR_NOT8BITCOLOR"                          Value="0x88760140" />
                <Set Name="DDERR_NOTEXTUREHW"                           Value="0x8876014a" />
                <Set Name="DDERR_NOVSYNCHW"                             Value="0x8876014f" />
                <Set Name="DDERR_NOZBUFFERHW"                           Value="0x88760154" />
                <Set Name="DDERR_NOZOVERLAYHW"                          Value="0x8876015e" />
                <Set Name="DDERR_OUTOFCAPS"                             Value="0x88760168" />
                <Set Name="DDERR_OUTOFMEMORY"                           Value="0x8007000e" />
                <Set Name="DDERR_OUTOFVIDEOMEMORY"                      Value="0x8876017c" />
                <Set Name="DDERR_OVERLAYCANTCLIP"                       Value="0x8876017e" />
                <Set Name="DDERR_OVERLAYCOLORKEYONLYONEACTIVE"          Value="0x88760180" />
                <Set Name="DDERR_PALETTEBUSY"                           Value="0x88760183" />
                <Set Name="DDERR_COLORKEYNOTSET"                        Value="0x88760190" />
                <Set Name="DDERR_SURFACEALREADYATTACHED"                Value="0x8876019a" />
                <Set Name="DDERR_SURFACEALREADYDEPENDENT"               Value="0x887601a4" />
                <Set Name="DDERR_SURFACEBUSY"                           Value="0x887601ae" />
                <Set Name="DDERR_CANTLOCKSURFACE"                       Value="0x887601b3" />
                <Set Name="DDERR_SURFACEISOBSCURED"                     Value="0x887601b8" />
                <Set Name="DDERR_SURFACELOST"                           Value="0x887601c2" />
                <Set Name="DDERR_SURFACENOTATTACHED"                    Value="0x887601cc" />
                <Set Name="DDERR_TOOBIGHEIGHT"                          Value="0x887601d6" />
                <Set Name="DDERR_TOOBIGSIZE"                            Value="0x887601e0" />
                <Set Name="DDERR_TOOBIGWIDTH"                           Value="0x887601ea" />
                <Set Name="DDERR_UNSUPPORTED"                           Value="0x80004001" />
                <Set Name="DDERR_UNSUPPORTEDFORMAT"                     Value="0x887601fe" />
                <Set Name="DDERR_UNSUPPORTEDMASK"                       Value="0x88760208" />
                <Set Name="DDERR_INVALIDSTREAM"                         Value="0x88760209" />
                <Set Name="DDERR_VERTICALBLANKINPROGRESS"               Value="0x88760219" />
                <Set Name="DDERR_WASSTILLDRAWING"                       Value="0x8876021c" />
                <Set Name="DDERR_DDSCAPSCOMPLEXREQUIRED"                Value="0x8876021e" />
                <Set Name="DDERR_XALIGN"                                Value="0x88760230" />
                <Set Name="DDERR_INVALIDDIRECTDRAWGUID"                 Value="0x88760231" />
                <Set Name="DDERR_DIRECTDRAWALREADYCREATED"              Value="0x88760232" />
                <Set Name="DDERR_NODIRECTDRAWHW"                        Value="0x88760233" />
                <Set Name="DDERR_PRIMARYSURFACEALREADYEXISTS"           Value="0x88760234" />
                <Set Name="DDERR_NOEMULATION"                           Value="0x88760235" />
                <Set Name="DDERR_REGIONTOOSMALL"                        Value="0x88760236" />
                <Set Name="DDERR_CLIPPERISUSINGHWND"                    Value="0x88760237" />
                <Set Name="DDERR_NOCLIPPERATTACHED"                     Value="0x88760238" />
                <Set Name="DDERR_NOHWND"                                Value="0x88760239" />
                <Set Name="DDERR_HWNDSUBCLASSED"                        Value="0x8876023a" />
                <Set Name="DDERR_HWNDALREADYSET"                        Value="0x8876023b" />
                <Set Name="DDERR_NOPALETTEATTACHED"                     Value="0x8876023c" />
                <Set Name="DDERR_NOPALETTEHW"                           Value="0x8876023d" />
                <Set Name="DDERR_BLTFASTCANTCLIP"                       Value="0x8876023e" />
                <Set Name="DDERR_NOBLTHW"                               Value="0x8876023f" />
                <Set Name="DDERR_NODDROPSHW"                            Value="0x88760240" />
                <Set Name="DDERR_OVERLAYNOTVISIBLE"                     Value="0x88760241" />
                <Set Name="DDERR_NOOVERLAYDEST"                         Value="0x88760242" />
                <Set Name="DDERR_INVALIDPOSITION"                       Value="0x88760243" />
                <Set Name="DDERR_NOTAOVERLAYSURFACE"                    Value="0x88760244" />
                <Set Name="DDERR_EXCLUSIVEMODEALREADYSET"               Value="0x88760245" />
                <Set Name="DDERR_NOTFLIPPABLE"                          Value="0x88760246" />
                <Set Name="DDERR_CANTDUPLICATE"                         Value="0x88760247" />
                <Set Name="DDERR_NOTLOCKED"                             Value="0x88760248" />
                <Set Name="DDERR_CANTCREATEDC"                          Value="0x88760249" />
                <Set Name="DDERR_NODC"                                  Value="0x8876024a" />
                <Set Name="DDERR_WRONGMODE"                             Value="0x8876024b" />
                <Set Name="DDERR_IMPLICITLYCREATED"                     Value="0x8876024c" />
                <Set Name="DDERR_NOTPALETTIZED"                         Value="0x8876024d" />
                <Set Name="DDERR_UNSUPPORTEDMODE"                       Value="0x8876024e" />
                <Set Name="DDERR_NOMIPMAPHW"                            Value="0x8876024f" />
                <Set Name="DDERR_INVALIDSURFACETYPE"                    Value="0x88760250" />
                <Set Name="DDERR_NOOPTIMIZEHW"                          Value="0x88760258" />
                <Set Name="DDERR_NOTLOADED"                             Value="0x88760259" />
                <Set Name="DDERR_NOFOCUSWINDOW"                         Value="0x8876025a" />
                <Set Name="DDERR_NOTONMIPMAPSUBLEVEL"                   Value="0x8876025b" />
                <Set Name="DDERR_DCALREADYCREATED"                      Value="0x8876026c" />
                <Set Name="DDERR_NONONLOCALVIDMEM"                      Value="0x88760276" />
                <Set Name="DDERR_CANTPAGELOCK"                          Value="0x88760280" />
                <Set Name="DDERR_CANTPAGEUNLOCK"                        Value="0x88760294" />
                <Set Name="DDERR_NOTPAGELOCKED"                         Value="0x887602a8" />
                <Set Name="DDERR_MOREDATA"                              Value="0x887602b2" />
                <Set Name="DDERR_EXPIRED"                               Value="0x887602b3" />
                <Set Name="DDERR_TESTFINISHED"                          Value="0x887602b4" />
                <Set Name="DDERR_NEWMODE"                               Value="0x887602b5" />
                <Set Name="DDERR_D3DNOTINITIALIZED"                     Value="0x887602b6" />
                <Set Name="DDERR_VIDEONOTACTIVE"                        Value="0x887602b7" />
                <Set Name="DDERR_NOMONITORINFORMATION"                  Value="0x887602b8" />
                <Set Name="DDERR_NODRIVERSUPPORT"                       Value="0x887602b9" />
                <Set Name="DDERR_DEVICEDOESNTOWNSURFACE"                Value="0x887602bb" />
                <Set Name="DDERR_NOTINITIALIZED"                        Value="0x800401f0" />
            </Enum>
        </Variable>

        <!-- [DDSD_FLAGS] -->
        <Variable Name="[DDSD_FLAGS]" Type="Alias" Base="DWORD">
            <Display Name="DWORD" />
            <Flag>
                <Set Name="DDSD_CAPS"               Value="0x00000001" />
                <Set Name="DDSD_HEIGHT"             Value="0x00000002" />
                <Set Name="DDSD_WIDTH"              Value="0x00000004" />
                <Set Name="DDSD_PITCH"              Value="0x00000008" />
                <Set Name="DDSD_BACKBUFFERCOUNT"    Value="0x00000020" />
                <Set Name="DDSD_ZBUFFERBITDEPTH"    Value="0x00000040" />
                <Set Name="DDSD_ALPHABITDEPTH"      Value="0x00000080" />
                <Set Name="DDSD_LPSURFACE"          Value="0x00000800" />
                <Set Name="DDSD_PIXELFORMAT"        Value="0x00001000" />
                <Set Name="DDSD_CKDESTOVERLAY"      Value="0x00002000" />
                <Set Name="DDSD_CKDESTBLT"          Value="0x00004000" />
                <Set Name="DDSD_CKSRCOVERLAY"       Value="0x00008000" />
                <Set Name="DDSD_CKSRCBLT"           Value="0x00010000" />
                <Set Name="DDSD_MIPMAPCOUNT"        Value="0x00020000" />
                <Set Name="DDSD_REFRESHRATE"        Value="0x00040000" />
                <Set Name="DDSD_LINEARSIZE"         Value="0x00080000" />
                <Set Name="DDSD_TEXTURESTAGE"       Value="0x00100000" />
                <Set Name="DDSD_FVF"                Value="0x00200000" />
                <Set Name="DDSD_SRCVBHANDLE"        Value="0x00400000" />
                <Set Name="DDSD_DEPTH"              Value="0x00800000" />
                <Set Name="DDSD_ALL"                Value="0x00fff9ee" />
            </Flag>
        </Variable>

        <!-- DDCOLORKEY -->
        <Variable Name="DDCOLORKEY" Type="Struct">
            <Field Type="DWORD"     Name="dwColorSpaceLowValue" />
            <Field Type="DWORD"     Name="dwColorSpaceHighValue" />
        </Variable>
        <Variable Name="LPDDCOLORKEY" Type="Pointer" Base="DDCOLORKEY" />

        <!-- [DDPIXELFORMAT_u1] -->
        <Variable Name="[DDPIXELFORMAT_u1]" Type="Union">
            <Display Name="union" />
            <Field Type="DWORD"     Name="dwRGBBitCount" />
            <Field Type="DWORD"     Name="dwYUVBitCount" />
            <Field Type="DWORD"     Name="dwZBufferBitDepth" />
            <Field Type="DWORD"     Name="dwAlphaBitDepth" />
            <Field Type="DWORD"     Name="dwLuminanceBitCount" />
            <Field Type="DWORD"     Name="dwBumpBitCount" />
            <Field Type="DWORD"     Name="dwPrivateFormatBitCount" />
        </Variable>

        <!-- [DDPIXELFORMAT_u2] -->
        <Variable Name="[DDPIXELFORMAT_u2]" Type="Union">
            <Display Name="union" />
            <Field Type="DWORD"     Name="dwRBitMask" />
            <Field Type="DWORD"     Name="dwYBitMask" />
            <Field Type="DWORD"     Name="dwStencilBitDepth" />
            <Field Type="DWORD"     Name="dwLuminanceBitMask" />
            <Field Type="DWORD"     Name="dwBumpDuBitMask" />
            <Field Type="DWORD"     Name="dwOperations" />
        </Variable>

        <!-- [DDPIXELFORMAT_u3_s] -->
        <Variable Name="[DDPIXELFORMAT_u3_s]" Type="Struct">
            <Display Name="struct" />
            <Field Type="WORD"      Name="wFlipMSTypes" />
            <Field Type="WORD"      Name="wBltMSTypes" />
        </Variable>

        <!-- [DDPIXELFORMAT_u3] -->
        <Variable Name="[DDPIXELFORMAT_u3]" Type="Union">
            <Display Name="union" />
            <Field Type="DWORD"                 Name="dwGBitMask" />
            <Field Type="DWORD"                 Name="dwUBitMask" />
            <Field Type="DWORD"                 Name="dwZBitMask" />
            <Field Type="DWORD"                 Name="dwBumpDvBitMask" />
            <Field Type="[DDPIXELFORMAT_u3_s]"  Name="MultiSampleCaps" />
        </Variable>

        <!-- [DDPIXELFORMAT_u4] -->
        <Variable Name="[DDPIXELFORMAT_u4]" Type="Union">
            <Display Name="union" />
            <Field Type="DWORD"     Name="dwBBitMask" />
            <Field Type="DWORD"     Name="dwVBitMask" />
            <Field Type="DWORD"     Name="dwStencilBitMask" />
            <Field Type="DWORD"     Name="dwBumpLuminanceBitMask" />
        </Variable>

        <!-- [DDPIXELFORMAT_u5] -->
        <Variable Name="[DDPIXELFORMAT_u5]" Type="Union">
            <Display Name="union" />
            <Field Type="DWORD"     Name="dwRGBAlphaBitMask" />
            <Field Type="DWORD"     Name="dwYUVAlphaBitMask" />
            <Field Type="DWORD"     Name="dwLuminanceAlphaBitMask" />
            <Field Type="DWORD"     Name="dwRGBZBitMask" />
            <Field Type="DWORD"     Name="dwYUVZBitMask" />
        </Variable>

        <!-- [DDPIXELFORMAT_FLAGS] -->
        <Variable Name="[DDPIXELFORMAT_FLAGS]" Type="Alias" Base="DWORD">
            <Display Name="DWORD" />
            <Flag>
                <Set Name="DDPF_ALPHAPIXELS"            Value="0x00000001" />
                <Set Name="DDPF_ALPHA"                  Value="0x00000002" />
                <Set Name="DDPF_FOURCC"                 Value="0x00000004" />
                <Set Name="DDPF_PALETTEINDEXED4"        Value="0x00000008" />
                <Set Name="DDPF_PALETTEINDEXEDTO8"      Value="0x00000010" />
                <Set Name="DDPF_PALETTEINDEXED8"        Value="0x00000020" />
                <Set Name="DDPF_RGB"                    Value="0x00000040" />
                <Set Name="DDPF_COMPRESSED"             Value="0x00000080" />
                <Set Name="DDPF_RGBTOYUV"               Value="0x00000100" />
                <Set Name="DDPF_YUV"                    Value="0x00000200" />
                <Set Name="DDPF_ZBUFFER"                Value="0x00000400" />
                <Set Name="DDPF_PALETTEINDEXED1"        Value="0x00000800" />
                <Set Name="DDPF_PALETTEINDEXED2"        Value="0x00001000" />
                <Set Name="DDPF_ZPIXELS"                Value="0x00002000" />
                <Set Name="DDPF_STENCILBUFFER"          Value="0x00004000" />
                <Set Name="DDPF_ALPHAPREMULT"           Value="0x00008000" />
                <Set Name="DDPF_LUMINANCE"              Value="0x00020000" />
                <Set Name="DDPF_BUMPLUMINANCE"          Value="0x00040000" />
                <Set Name="DDPF_BUMPDUDV"               Value="0x00080000" />
            </Flag>
        </Variable>

        <!-- DDPIXELFORMAT -->
        <Variable Name="DDPIXELFORMAT" Type="Struct">
            <Field Type="DWORD"                     Name="dwSize" />
            <Field Type="[DDPIXELFORMAT_FLAGS]"     Name="dwFlags" />
            <Field Type="DWORD"                     Name="dwFourCC" />
            <Field Type="[DDPIXELFORMAT_u1]"        Name="" />
            <Field Type="[DDPIXELFORMAT_u2]"        Name="" />
            <Field Type="[DDPIXELFORMAT_u3]"        Name="" />
            <Field Type="[DDPIXELFORMAT_u4]"        Name="" />
            <Field Type="[DDPIXELFORMAT_u5]"        Name="" />
        </Variable>
        <Variable Name="LPDDPIXELFORMAT" Type="Pointer" Base="DDPIXELFORMAT" />

        <!-- [DDSCAPS_FLAGS] -->
        <Variable Name="[DDSCAPS_FLAGS]" Type="Alias" Base="DWORD">
            <Display Name="DWORD" />
            <Flag>
                <Set Name="DDSCAPS_RESERVED1"               Value="0x00000001" />
                <Set Name="DDSCAPS_ALPHA"                   Value="0x00000002" />
                <Set Name="DDSCAPS_BACKBUFFER"              Value="0x00000004" />
                <Set Name="DDSCAPS_COMPLEX"                 Value="0x00000008" />
                <Set Name="DDSCAPS_FLIP"                    Value="0x00000010" />
                <Set Name="DDSCAPS_FRONTBUFFER"             Value="0x00000020" />
                <Set Name="DDSCAPS_OFFSCREENPLAIN"          Value="0x00000040" />
                <Set Name="DDSCAPS_OVERLAY"                 Value="0x00000080" />
                <Set Name="DDSCAPS_PALETTE"                 Value="0x00000100" />
                <Set Name="DDSCAPS_PRIMARYSURFACE"          Value="0x00000200" />
                <Set Name="DDSCAPS_RESERVED3"               Value="0x00000400" />
                <Set Name="DDSCAPS_PRIMARYSURFACELEFT"      Value="0x00000000" />
                <Set Name="DDSCAPS_SYSTEMMEMORY"            Value="0x00000800" />
                <Set Name="DDSCAPS_TEXTURE"                 Value="0x00001000" />
                <Set Name="DDSCAPS_3DDEVICE"                Value="0x00002000" />
                <Set Name="DDSCAPS_VIDEOMEMORY"             Value="0x00004000" />
                <Set Name="DDSCAPS_VISIBLE"                 Value="0x00008000" />
                <Set Name="DDSCAPS_WRITEONLY"               Value="0x00010000" />
                <Set Name="DDSCAPS_ZBUFFER"                 Value="0x00020000" />
                <Set Name="DDSCAPS_OWNDC"                   Value="0x00040000" />
                <Set Name="DDSCAPS_LIVEVIDEO"               Value="0x00080000" />
                <Set Name="DDSCAPS_HWCODEC"                 Value="0x00100000" />
                <Set Name="DDSCAPS_MODEX"                   Value="0x00200000" />
                <Set Name="DDSCAPS_MIPMAP"                  Value="0x00400000" />
                <Set Name="DDSCAPS_RESERVED2"               Value="0x00800000" />
                <Set Name="DDSCAPS_ALLOCONLOAD"             Value="0x04000000" />
                <Set Name="DDSCAPS_VIDEOPORT"               Value="0x08000000" />
                <Set Name="DDSCAPS_LOCALVIDMEM"             Value="0x10000000" />
                <Set Name="DDSCAPS_NONLOCALVIDMEM"          Value="0x20000000" />
                <Set Name="DDSCAPS_STANDARDVGAMODE"         Value="0x40000000" />
                <Set Name="DDSCAPS_OPTIMIZED"               Value="0x80000000" />
            </Flag>
        </Variable>

        <!-- DDSCAPS -->
        <Variable Name="DDSCAPS" Type="Struct">
            <Field Type="[DDSCAPS_FLAGS]" Name="dwCaps" />
        </Variable>
        <Variable Name="LPDDSCAPS" Type="Pointer" Base="DDSCAPS" />

        <!-- [DDSURFACEDESC_u1] -->
        <Variable Name="[DDSURFACEDESC_u1]" Type="Union">
            <Display Name="union" />
            <Field Type="LONG"      Name="lPitch" />
            <Field Type="DWORD"     Name="dwLinearSize" />
        </Variable>

        <!-- [DDSURFACEDESC_u2] -->
        <Variable Name="[DDSURFACEDESC_u2]" Type="Union">
            <Display Name="union" />
            <Field Type="DWORD"     Name="dwMipMapCount" />
            <Field Type="DWORD"     Name="dwZBufferBitDepth" />
            <Field Type="DWORD"     Name="dwRefreshRate" />
        </Variable>

        <!-- DDSURFACEDESC -->
        <Variable Name="DDSURFACEDESC" Type="Struct">
            <Field Type="DWORD"                 Name="dwSize" />
            <Field Type="[DDSD_FLAGS]"          Name="dwFlags" />
            <Field Type="DWORD"                 Name="dwHeight" />
            <Field Type="DWORD"                 Name="dwWidth" />
            <Field Type="[DDSURFACEDESC_u1]"    Name="" />
            <Field Type="DWORD"                 Name="dwBackBufferCount" />
            <Field Type="[DDSURFACEDESC_u2]"    Name="" />
            <Field Type="DWORD"                 Name="dwAlphaBitDepth" />
            <Field Type="DWORD"                 Name="dwReserved" />
            <Field Type="LPVOID"                Name="lpSurface" />
            <Field Type="DDCOLORKEY"            Name="ddckCKDestOverlay" />
            <Field Type="DDCOLORKEY"            Name="ddckCKDestBlt" />
            <Field Type="DDCOLORKEY"            Name="ddckCKSrcOverlay" />
            <Field Type="DDCOLORKEY"            Name="ddckCKSrcBlt" />
            <Field Type="DDPIXELFORMAT"         Name="ddpfPixelFormat" />
            <Field Type="DDSCAPS"               Name="ddsCaps" />
        </Variable>
        <Variable Name="LPDDSURFACEDESC" Type="Pointer" Base="DDSURFACEDESC" />

        <!-- [DDCAPS_FLAGS] -->
        <Variable Name="[DDCAPS_FLAGS]" Type="Alias" Base="DWORD">
            <Display Name="DWORD" />
            <Flag>
                <Set Name="DDCAPS_3D"                   Value="0x00000001" />
                <Set Name="DDCAPS_ALIGNBOUNDARYDEST"    Value="0x00000002" />
                <Set Name="DDCAPS_ALIGNSIZEDEST"        Value="0x00000004" />
                <Set Name="DDCAPS_ALIGNBOUNDARYSRC"     Value="0x00000008" />
                <Set Name="DDCAPS_ALIGNSIZESRC"         Value="0x00000010" />
                <Set Name="DDCAPS_ALIGNSTRIDE"          Value="0x00000020" />
                <Set Name="DDCAPS_BLT"                  Value="0x00000040" />
                <Set Name="DDCAPS_BLTQUEUE"             Value="0x00000080" />
                <Set Name="DDCAPS_BLTFOURCC"            Value="0x00000100" />
                <Set Name="DDCAPS_BLTSTRETCH"           Value="0x00000200" />
                <Set Name="DDCAPS_GDI"                  Value="0x00000400" />
                <Set Name="DDCAPS_OVERLAY"              Value="0x00000800" />
                <Set Name="DDCAPS_OVERLAYCANTCLIP"      Value="0x00001000" />
                <Set Name="DDCAPS_OVERLAYFOURCC"        Value="0x00002000" />
                <Set Name="DDCAPS_OVERLAYSTRETCH"       Value="0x00004000" />
                <Set Name="DDCAPS_PALETTE"              Value="0x00008000" />
                <Set Name="DDCAPS_PALETTEVSYNC"         Value="0x00010000" />
                <Set Name="DDCAPS_READSCANLINE"         Value="0x00020000" />
                <Set Name="DDCAPS_RESERVED1"            Value="0x00040000" />
                <Set Name="DDCAPS_VBI"                  Value="0x00080000" />
                <Set Name="DDCAPS_ZBLTS"                Value="0x00100000" />
                <Set Name="DDCAPS_ZOVERLAYS"            Value="0x00200000" />
                <Set Name="DDCAPS_COLORKEY"             Value="0x00400000" />
                <Set Name="DDCAPS_ALPHA"                Value="0x00800000" />
                <Set Name="DDCAPS_COLORKEYHWASSIST"     Value="0x01000000" />
                <Set Name="DDCAPS_NOHARDWARE"           Value="0x02000000" />
                <Set Name="DDCAPS_BLTCOLORFILL"         Value="0x04000000" />
                <Set Name="DDCAPS_BANKSWITCHED"         Value="0x08000000" />
                <Set Name="DDCAPS_BLTDEPTHFILL"         Value="0x10000000" />
                <Set Name="DDCAPS_CANCLIP"              Value="0x20000000" />
                <Set Name="DDCAPS_CANCLIPSTRETCHED"     Value="0x40000000" />
                <Set Name="DDCAPS_CANBLTSYSMEM"         Value="0x80000000" />
            </Flag>
        </Variable>

        <!-- [DDCAPS2_FLAGS] -->
        <Variable Name="[DDCAPS2_FLAGS]" Type="Alias" Base="DWORD">
            <Display Name="DWORD" />
            <Flag>
                <Set Name="DDCAPS2_CERTIFIED"                       Value="0x00000001" />
                <Set Name="DDCAPS2_NO2DDURING3DSCENE"               Value="0x00000002" />
                <Set Name="DDCAPS2_VIDEOPORT"                       Value="0x00000004" />
                <Set Name="DDCAPS2_AUTOFLIPOVERLAY"                 Value="0x00000008" />
                <Set Name="DDCAPS2_CANBOBINTERLEAVED"               Value="0x00000010" />
                <Set Name="DDCAPS2_CANBOBNONINTERLEAVED"            Value="0x00000020" />
                <Set Name="DDCAPS2_COLORCONTROLOVERLAY"             Value="0x00000040" />
                <Set Name="DDCAPS2_COLORCONTROLPRIMARY"             Value="0x00000080" />
                <Set Name="DDCAPS2_CANDROPZ16BIT"                   Value="0x00000100" />
                <Set Name="DDCAPS2_NONLOCALVIDMEM"                  Value="0x00000200" />
                <Set Name="DDCAPS2_NONLOCALVIDMEMCAPS"              Value="0x00000400" />
                <Set Name="DDCAPS2_NOPAGELOCKREQUIRED"              Value="0x00000800" />
                <Set Name="DDCAPS2_WIDESURFACES"                    Value="0x00001000" />
                <Set Name="DDCAPS2_CANFLIPODDEVEN"                  Value="0x00002000" />
                <Set Name="DDCAPS2_CANBOBHARDWARE"                  Value="0x00004000" />
                <Set Name="DDCAPS2_COPYFOURCC"                      Value="0x00008000" />
                <Set Name="DDCAPS2_PRIMARYGAMMA"                    Value="0x00020000" />
                <Set Name="DDCAPS2_CANRENDERWINDOWED"               Value="0x00080000" />
                <Set Name="DDCAPS2_CANCALIBRATEGAMMA"               Value="0x00100000" />
                <Set Name="DDCAPS2_FLIPINTERVAL"                    Value="0x00200000" />
                <Set Name="DDCAPS2_FLIPNOVSYNC"                     Value="0x00400000" />
                <Set Name="DDCAPS2_CANMANAGETEXTURE"                Value="0x00800000" />
                <Set Name="DDCAPS2_TEXMANINNONLOCALVIDMEM"          Value="0x01000000" />
                <Set Name="DDCAPS2_STEREO"                          Value="0x02000000" />
                <Set Name="DDCAPS2_SYSTONONLOCAL_AS_SYSTOLOCAL"     Value="0x04000000" />
                <Set Name="DDCAPS2_RESERVED1"                       Value="0x08000000" />
                <Set Name="DDCAPS2_CANMANAGERESOURCE"               Value="0x10000000" />
                <Set Name="DDCAPS2_DYNAMICTEXTURES"                 Value="0x20000000" />
                <Set Name="DDCAPS2_CANAUTOGENMIPMAP"                Value="0x40000000" />
                <Set Name="DDCAPS2_CANSHARERESOURCE"                Value="0x80000000" />
            </Flag>
        </Variable>

        <!-- [DDCKEYCAPS_FLAGS] -->
        <Variable Name="[DDCKEYCAPS_FLAGS]" Type="Alias" Base="DWORD">
            <Display Name="DWORD" />
            <Flag>
                <Set Name="DDCKEYCAPS_DESTBLT"                      Value="0x00000001" />
                <Set Name="DDCKEYCAPS_DESTBLTCLRSPACE"              Value="0x00000002" />
                <Set Name="DDCKEYCAPS_DESTBLTCLRSPACEYUV"           Value="0x00000004" />
                <Set Name="DDCKEYCAPS_DESTBLTYUV"                   Value="0x00000008" />
                <Set Name="DDCKEYCAPS_DESTOVERLAY"                  Value="0x00000010" />
                <Set Name="DDCKEYCAPS_DESTOVERLAYCLRSPACE"          Value="0x00000020" />
                <Set Name="DDCKEYCAPS_DESTOVERLAYCLRSPACEYUV"       Value="0x00000040" />
                <Set Name="DDCKEYCAPS_DESTOVERLAYONEACTIVE"         Value="0x00000080" />
                <Set Name="DDCKEYCAPS_DESTOVERLAYYUV"               Value="0x00000100" />
                <Set Name="DDCKEYCAPS_SRCBLT"                       Value="0x00000200" />
                <Set Name="DDCKEYCAPS_SRCBLTCLRSPACE"               Value="0x00000400" />
                <Set Name="DDCKEYCAPS_SRCBLTCLRSPACEYUV"            Value="0x00000800" />
                <Set Name="DDCKEYCAPS_SRCBLTYUV"                    Value="0x00001000" />
                <Set Name="DDCKEYCAPS_SRCOVERLAY"                   Value="0x00002000" />
                <Set Name="DDCKEYCAPS_SRCOVERLAYCLRSPACE"           Value="0x00004000" />
                <Set Name="DDCKEYCAPS_SRCOVERLAYCLRSPACEYUV"        Value="0x00008000" />
                <Set Name="DDCKEYCAPS_SRCOVERLAYONEACTIVE"          Value="0x00010000" />
                <Set Name="DDCKEYCAPS_SRCOVERLAYYUV"                Value="0x00020000" />
                <Set Name="DDCKEYCAPS_NOCOSTOVERLAY"                Value="0x00040000" />
            </Flag>
        </Variable>

        <!-- [DDFXCAPS_FLAGS] -->
        <Variable Name="[DDFXCAPS_FLAGS]" Type="Alias" Base="DWORD">
            <Display Name="DWORD" />
            <Flag>
                <Set Name="DDFXCAPS_BLTARITHSTRETCHY"               Value="0x00000020" />
                <Set Name="DDFXCAPS_BLTARITHSTRETCHYN"              Value="0x00000010" />
                <Set Name="DDFXCAPS_BLTMIRRORLEFTRIGHT"             Value="0x00000040" />
                <Set Name="DDFXCAPS_BLTMIRRORUPDOWN"                Value="0x00000080" />
                <Set Name="DDFXCAPS_BLTROTATION"                    Value="0x00000100" />
                <Set Name="DDFXCAPS_BLTROTATION90"                  Value="0x00000200" />
                <Set Name="DDFXCAPS_BLTSHRINKX"                     Value="0x00000400" />
                <Set Name="DDFXCAPS_BLTSHRINKXN"                    Value="0x00000800" />
                <Set Name="DDFXCAPS_BLTSHRINKY"                     Value="0x00001000" />
                <Set Name="DDFXCAPS_BLTSHRINKYN"                    Value="0x00002000" />
                <Set Name="DDFXCAPS_BLTSTRETCHX"                    Value="0x00004000" />
                <Set Name="DDFXCAPS_BLTSTRETCHXN"                   Value="0x00008000" />
                <Set Name="DDFXCAPS_BLTSTRETCHY"                    Value="0x00010000" />
                <Set Name="DDFXCAPS_BLTSTRETCHYN"                   Value="0x00020000" />
                <Set Name="DDFXCAPS_OVERLAYARITHSTRETCHY"           Value="0x00040000" />
                <Set Name="DDFXCAPS_OVERLAYARITHSTRETCHYN"          Value="0x00000008" />
                <Set Name="DDFXCAPS_OVERLAYSHRINKX"                 Value="0x00080000" />
                <Set Name="DDFXCAPS_OVERLAYSHRINKXN"                Value="0x00100000" />
                <Set Name="DDFXCAPS_OVERLAYSHRINKY"                 Value="0x00200000" />
                <Set Name="DDFXCAPS_OVERLAYSHRINKYN"                Value="0x00400000" />
                <Set Name="DDFXCAPS_OVERLAYSTRETCHX"                Value="0x00800000" />
                <Set Name="DDFXCAPS_OVERLAYSTRETCHXN"               Value="0x01000000" />
                <Set Name="DDFXCAPS_OVERLAYSTRETCHY"                Value="0x02000000" />
                <Set Name="DDFXCAPS_OVERLAYSTRETCHYN"               Value="0x04000000" />
                <Set Name="DDFXCAPS_OVERLAYMIRRORLEFTRIGHT"         Value="0x08000000" />
                <Set Name="DDFXCAPS_OVERLAYMIRRORUPDOWN"            Value="0x10000000" />
                <Set Name="DDFXCAPS_OVERLAYDEINTERLACE"             Value="0x20000000" />
                <Set Name="DDFXCAPS_BLTALPHA"                       Value="0x00000001" />
                <Set Name="DDFXCAPS_OVERLAYALPHA"                   Value="0x00000004" />
            </Flag>
        </Variable>

        <!-- [DDFXALPHACAPS_FLAGS] -->
        <Variable Name="[DDFXALPHACAPS_FLAGS]" Type="Alias" Base="DWORD">
            <Display Name="DWORD" />
            <Flag>
                <Set Name="DDFXALPHACAPS_BLTALPHAEDGEBLEND"         Value="0x00000001" />
                <Set Name="DDFXALPHACAPS_BLTALPHAPIXELS"            Value="0x00000002" />
                <Set Name="DDFXALPHACAPS_BLTALPHAPIXELSNEG"         Value="0x00000004" />
                <Set Name="DDFXALPHACAPS_BLTALPHASURFACES"          Value="0x00000008" />
                <Set Name="DDFXALPHACAPS_BLTALPHASURFACESNEG"       Value="0x00000010" />
                <Set Name="DDFXALPHACAPS_OVERLAYALPHAEDGEBLEND"     Value="0x00000020" />
                <Set Name="DDFXALPHACAPS_OVERLAYALPHAPIXELS"        Value="0x00000040" />
                <Set Name="DDFXALPHACAPS_OVERLAYALPHAPIXELSNEG"     Value="0x00000080" />
                <Set Name="DDFXALPHACAPS_OVERLAYALPHASURFACES"      Value="0x00000100" />
                <Set Name="DDFXALPHACAPS_OVERLAYALPHASURFACESNEG"   Value="0x00000200" />
            </Flag>
        </Variable>

        <!-- [DDPCAPS_FLAGS] -->
        <Variable Name="[DDPCAPS_FLAGS]" Type="Alias" Base="DWORD">
            <Display Name="DWORD" />
            <Flag>
                <Set Name="DDPCAPS_4BIT"                    Value="0x00000001" />
                <Set Name="DDPCAPS_8BITENTRIES"             Value="0x00000002" />
                <Set Name="DDPCAPS_8BIT"                    Value="0x00000004" />
                <Set Name="DDPCAPS_INITIALIZE"              Value="0x00000000" />
                <Set Name="DDPCAPS_PRIMARYSURFACE"          Value="0x00000010" />
                <Set Name="DDPCAPS_PRIMARYSURFACELEFT"      Value="0x00000020" />
                <Set Name="DDPCAPS_ALLOW256"                Value="0x00000040" />
                <Set Name="DDPCAPS_VSYNC"                   Value="0x00000080" />
                <Set Name="DDPCAPS_1BIT"                    Value="0x00000100" />
                <Set Name="DDPCAPS_2BIT"                    Value="0x00000200" />
                <Set Name="DDPCAPS_ALPHA"                   Value="0x00000400" />
            </Flag>
        </Variable>
        <!-- [DDPCAPS_FLAGS*] -->
        <Variable Name="[DDPCAPS_FLAGS*]" Type="Pointer" Base="[DDPCAPS_FLAGS]">
            <Display Name="LPDWORD" />
        </Variable>

        <!-- [DDSVCAPS_FLAGS] -->
        <Variable Name="[DDSVCAPS_FLAGS]" Type="Alias" Base="DWORD">
            <Display Name="DWORD" />
            <Flag>
                <Set Name="DDSVCAPS_RESERVED1"              Value="0x00000001" />
                <Set Name="DDSVCAPS_RESERVED2"              Value="0x00000002" />
                <Set Name="DDSVCAPS_RESERVED3"              Value="0x00000004" />
                <Set Name="DDSVCAPS_RESERVED4"              Value="0x00000008" />
                <Set Name="DDSVCAPS_STEREOSEQUENTIAL"       Value="0x00000010" />
            </Flag>
        </Variable>

        <!-- [DDBD_FLAGS] -->
        <Variable Name="[DDBD_FLAGS]" Type="Alias" Base="DWORD">
            <Display Name="DWORD" />
            <Flag>
                <Set Name="DDBD_1"      Value="0x00004000" />
                <Set Name="DDBD_2"      Value="0x00002000" />
                <Set Name="DDBD_4"      Value="0x00001000" />
                <Set Name="DDBD_8"      Value="0x00000800" />
                <Set Name="DDBD_16"     Value="0x00000400" />
                <Set Name="DDBD_24"     Value="0X00000200" />
                <Set Name="DDBD_32"     Value="0x00000100" />
            </Flag>
        </Variable>

        <!-- [DDSCAPS2_FLAGS] -->
        <Variable Name="[DDSCAPS2_FLAGS]" Type="Alias" Base="DWORD">
            <Display Name="DWORD" />
            <Flag>
                <Set Name="DDSCAPS2_RESERVED4"                  Value="0x00000002" />
                <Set Name="DDSCAPS2_HARDWAREDEINTERLACE"        Value="0x00000000" />
                <Set Name="DDSCAPS2_HINTDYNAMIC"                Value="0x00000004" />
                <Set Name="DDSCAPS2_HINTSTATIC"                 Value="0x00000008" />
                <Set Name="DDSCAPS2_TEXTUREMANAGE"              Value="0x00000010" />
                <Set Name="DDSCAPS2_RESERVED1"                  Value="0x00000020" />
                <Set Name="DDSCAPS2_RESERVED2"                  Value="0x00000040" />
                <Set Name="DDSCAPS2_OPAQUE"                     Value="0x00000080" />
                <Set Name="DDSCAPS2_HINTANTIALIASING"           Value="0x00000100" />
                <Set Name="DDSCAPS2_CUBEMAP"                    Value="0x00000200" />
                <Set Name="DDSCAPS2_CUBEMAP_POSITIVEX"          Value="0x00000400" />
                <Set Name="DDSCAPS2_CUBEMAP_NEGATIVEX"          Value="0x00000800" />
                <Set Name="DDSCAPS2_CUBEMAP_POSITIVEY"          Value="0x00001000" />
                <Set Name="DDSCAPS2_CUBEMAP_NEGATIVEY"          Value="0x00002000" />
                <Set Name="DDSCAPS2_CUBEMAP_POSITIVEZ"          Value="0x00004000" />
                <Set Name="DDSCAPS2_CUBEMAP_NEGATIVEZ"          Value="0x00008000" />
                <Set Name="DDSCAPS2_CUBEMAP_ALLFACES"           Value="0x0000FC00" />
                <Set Name="DDSCAPS2_MIPMAPSUBLEVEL"             Value="0x00010000" />
                <Set Name="DDSCAPS2_D3DTEXTUREMANAGE"           Value="0x00020000" />
                <Set Name="DDSCAPS2_DONOTPERSIST"               Value="0x00040000" />
                <Set Name="DDSCAPS2_STEREOSURFACELEFT"          Value="0x00080000" />
                <Set Name="DDSCAPS2_VOLUME"                     Value="0x00200000" />
                <Set Name="DDSCAPS2_NOTUSERLOCKABLE"            Value="0x00400000" />
                <Set Name="DDSCAPS2_POINTS"                     Value="0x00800000" />
                <Set Name="DDSCAPS2_RTPATCHES"                  Value="0x01000000" />
                <Set Name="DDSCAPS2_NPATCHES"                   Value="0x02000000" />
                <Set Name="DDSCAPS2_RESERVED3"                  Value="0x04000000" />
                <Set Name="DDSCAPS2_DISCARDBACKBUFFER"          Value="0x10000000" />
                <Set Name="DDSCAPS2_ENABLEALPHACHANNEL"         Value="0x20000000" />
                <Set Name="DDSCAPS2_EXTENDEDFORMATPRIMARY"      Value="0x40000000" />
                <Set Name="DDSCAPS2_ADDITIONALPRIMARY"          Value="0x80000000" />
            </Flag>
        </Variable>

        <!-- [DDSCAPS3_FLAGS] -->
        <Variable Name="[DDSCAPS3_FLAGS]" Type="Alias" Base="DWORD">
            <Display Name="DWORD" />
            <Flag>
                <Set Name="DDSCAPS3_RESERVED1"                  Value="0x00000100" />
                <Set Name="DDSCAPS3_RESERVED2"                  Value="0x00000200" />
                <Set Name="DDSCAPS3_LIGHTWEIGHTMIPMAP"          Value="0x00000400" />
                <Set Name="DDSCAPS3_AUTOGENMIPMAP"              Value="0x00000800" />
                <Set Name="DDSCAPS3_DMAP"                       Value="0x00001000" />
                <Set Name="DDSCAPS3_CREATESHAREDRESOURCE"       Value="0x00002000" />
                <Set Name="DDSCAPS3_READONLYRESOURCE"           Value="0x00004000" />
                <Set Name="DDSCAPS3_OPENSHAREDRESOURCE"         Value="0x00008000" />
            </Flag>
        </Variable>

        <!-- [DDSCAPS2_u] -->
        <Variable Name="[DDSCAPS2_u]" Type="Union">
            <Display Name="union" />
            <Field Type="DWORD"     Name="dwCaps4" />
            <Field Type="DWORD"     Name="dwVolumeDepth" />
        </Variable>

        <!-- DDSCAPS2 -->
        <Variable Name="DDSCAPS2" Type="Struct">
            <Field Type="[DDSCAPS_FLAGS]"       Name="dwCaps" />
            <Field Type="[DDSCAPS2_FLAGS]"      Name="dwCaps2" />
            <Field Type="[DDSCAPS3_FLAGS]"      Name="dwCaps3" />
            <Field Type="[DDSCAPS2_u]"          Name="" />
        </Variable>

        <!-- DDCAPS -->
        <Variable Name="DDCAPS" Type="Struct">
            <Field Type="DWORD"                     Name="dwSize" />
            <Field Type="[DDCAPS_FLAGS]"            Name="dwCaps" />
            <Field Type="[DDCAPS2_FLAGS]"           Name="dwCaps2" />
            <Field Type="[DDCKEYCAPS_FLAGS]"        Name="dwCKeyCaps" />
            <Field Type="[DDFXCAPS_FLAGS]"          Name="dwFXCaps" />
            <Field Type="[DDFXALPHACAPS_FLAGS]"     Name="dwFXAlphaCaps" />
            <Field Type="[DDPCAPS_FLAGS]"           Name="dwPalCaps" />
            <Field Type="[DDSVCAPS_FLAGS]"          Name="dwSVCaps" />
            <Field Type="[DDBD_FLAGS]"              Name="dwAlphaBltConstBitDepths" />
            <Field Type="[DDBD_FLAGS]"              Name="dwAlphaBltPixelBitDepths" />
            <Field Type="[DDBD_FLAGS]"              Name="dwAlphaBltSurfaceBitDepths" />
            <Field Type="[DDBD_FLAGS]"              Name="dwAlphaOverlayConstBitDepths" />
            <Field Type="[DDBD_FLAGS]"              Name="dwAlphaOverlayPixelBitDepths" />
            <Field Type="[DDBD_FLAGS]"              Name="dwAlphaOverlaySurfaceBitDepths" />
            <Field Type="[DDBD_FLAGS]"              Name="dwZBufferBitDepths" />
            <Field Type="DWORD"                     Name="dwVidMemTotal" />
            <Field Type="DWORD"                     Name="dwVidMemFree" />
            <Field Type="DWORD"                     Name="dwMaxVisibleOverlays" />
            <Field Type="DWORD"                     Name="dwCurrVisibleOverlays" />
            <Field Type="DWORD"                     Name="dwNumFourCCCodes" />
            <Field Type="DWORD"                     Name="dwAlignBoundarySrc" />
            <Field Type="DWORD"                     Name="dwAlignSizeSrc" />
            <Field Type="DWORD"                     Name="dwAlignBoundaryDest" />
            <Field Type="DWORD"                     Name="dwAlignSizeDest" />
            <Field Type="DWORD"                     Name="dwAlignStrideAlign" />
            <Field Type="DWORD [DD_ROP_SPACE]"      Name="dwRops" />
            <Field Type="DDSCAPS"                   Name="ddsOldCaps" />
            <Field Type="DWORD"                     Name="dwMinOverlayStretch" />
            <Field Type="DWORD"                     Name="dwMaxOverlayStretch" />
            <Field Type="DWORD"                     Name="dwMinLiveVideoStretch" />
            <Field Type="DWORD"                     Name="dwMaxLiveVideoStretch" />
            <Field Type="DWORD"                     Name="dwMinHwCodecStretch" />
            <Field Type="DWORD"                     Name="dwMaxHwCodecStretch" />
            <Field Type="DWORD"                     Name="dwReserved1" />
            <Field Type="DWORD"                     Name="dwReserved2" />
            <Field Type="DWORD"                     Name="dwReserved3" />
            <Field Type="[DDCAPS_FLAGS]"            Name="dwSVBCaps" />
            <Field Type="[DDCKEYCAPS_FLAGS]"        Name="dwSVBCKeyCaps" />
            <Field Type="[DDFXCAPS_FLAGS]"          Name="dwSVBFXCaps" />
            <Field Type="DWORD [DD_ROP_SPACE]"      Name="dwSVBRops" />
            <Field Type="[DDCAPS_FLAGS]"            Name="dwVSBCaps" />
            <Field Type="[DDCKEYCAPS_FLAGS]"        Name="dwVSBCKeyCaps" />
            <Field Type="[DDFXCAPS_FLAGS]"          Name="dwVSBFXCaps" />
            <Field Type="DWORD [DD_ROP_SPACE]"      Name="dwVSBRops" />
            <Field Type="[DDCAPS_FLAGS]"            Name="dwSSBCaps" />
            <Field Type="[DDCKEYCAPS_FLAGS]"        Name="dwSSBCKeyCaps" />
            <Field Type="[DDFXCAPS_FLAGS]"          Name="dwSSBFXCaps" />
            <Field Type="DWORD [DD_ROP_SPACE]"      Name="dwSSBRops" />
            <Field Type="DWORD"                     Name="dwMaxVideoPorts" />
            <Field Type="DWORD"                     Name="dwCurrVideoPorts" />
            <Field Type="[DDCAPS2_FLAGS]"           Name="dwSVBCaps2" />
            <Field Type="[DDCAPS_FLAGS]"            Name="dwNLVBCaps" />
            <Field Type="[DDCAPS2_FLAGS]"           Name="dwNLVBCaps2" />
            <Field Type="[DDCKEYCAPS_FLAGS]"        Name="dwNLVBCKeyCaps" />
            <Field Type="[DDFXCAPS_FLAGS]"          Name="dwNLVBFXCaps" />
            <Field Type="DWORD [DD_ROP_SPACE]"      Name="dwNLVBRops" />
            <Field Type="DDSCAPS2"                  Name="ddsCaps" />
        </Variable>
        <Variable Name="LPDDCAPS" Type="Pointer" Base="DDCAPS" />

        <!-- DDDEVICEIDENTIFIER -->
        <Variable Name="DDDEVICEIDENTIFIER" Type="Struct">
            <Field Type="char [MAX_DDDEVICEID_STRING]"      Name="szDriver" />
            <Field Type="char [MAX_DDDEVICEID_STRING]"      Name="szDescription" />
            <Field Type="LARGE_INTEGER"                     Name="liDriverVersion" />
            <Field Type="DWORD"                             Name="dwVendorId" />
            <Field Type="DWORD"                             Name="dwDeviceId" />
            <Field Type="DWORD"                             Name="dwSubSysId" />
            <Field Type="DWORD"                             Name="dwRevision" />
            <Field Type="GUID"                              Name="guidDeviceIdentifier" />
        </Variable>
        <Variable Name="LPDDDEVICEIDENTIFIER" Type="Pointer" Base="DDDEVICEIDENTIFIER" />

        <!-- [DDCOLOR_FLAGS] -->
        <Variable Name="[DDCOLOR_FLAGS]" Type="Alias" Base="DWORD">
            <Display Name="DWORD" />
            <Flag>
                <Set Name="DDCOLOR_BRIGHTNESS"      Value="0x00000001" />
                <Set Name="DDCOLOR_CONTRAST"        Value="0x00000002" />
                <Set Name="DDCOLOR_HUE"             Value="0x00000004" />
                <Set Name="DDCOLOR_SATURATION"      Value="0x00000008" />
                <Set Name="DDCOLOR_SHARPNESS"       Value="0x00000010" />
                <Set Name="DDCOLOR_GAMMA"           Value="0x00000020" />
                <Set Name="DDCOLOR_COLORENABLE"     Value="0x00000040" />
            </Flag>
        </Variable>

        <!-- DDCOLORCONTROL -->
        <Variable Name="DDCOLORCONTROL" Type="Struct">
            <Field Type="DWORD"                 Name="dwSize" />
            <Field Type="[DDCOLOR_FLAGS]"       Name="dwFlags" />
            <Field Type="LONG"                  Name="lBrightness" />
            <Field Type="LONG"                  Name="lContrast" />
            <Field Type="LONG"                  Name="lHue" />
            <Field Type="LONG"                  Name="lSaturation" />
            <Field Type="LONG"                  Name="lSharpness" />
            <Field Type="LONG"                  Name="lGamma" />
            <Field Type="LONG"                  Name="lColorEnable" />
            <Field Type="DWORD"                 Name="dwReserved1" />
        </Variable>
        <Variable Name="LPDDCOLORCONTROL" Type="Pointer" Base="DDCOLORCONTROL" />

        <!-- DDGAMMARAMP -->
        <Variable Name="DDGAMMARAMP" Type="Struct">
            <Field Type="WORD [256]"    Name="red" />
            <Field Type="WORD [256]"    Name="green" />
            <Field Type="WORD [256]"    Name="blue" />
        </Variable>
        <Variable Name="LPDDGAMMARAMP" Type="Pointer" Base="DDGAMMARAMP" />

        <!-- [DDBLTFX_FLAGS] -->
        <Variable Name="[DDBLTFX_FLAGS]" Type="Alias" Base="DWORD">
            <Display Name="DWORD" />
            <Flag>
                <Set Name="DDBLTFX_ARITHSTRETCHY"       Value="0x00000001" />
                <Set Name="DDBLTFX_MIRRORLEFTRIGHT"     Value="0x00000002" />
                <Set Name="DDBLTFX_MIRRORUPDOWN"        Value="0x00000004" />
                <Set Name="DDBLTFX_NOTEARING"           Value="0x00000008" />
                <Set Name="DDBLTFX_ROTATE180"           Value="0x00000010" />
                <Set Name="DDBLTFX_ROTATE270"           Value="0x00000020" />
                <Set Name="DDBLTFX_ROTATE90"            Value="0x00000040" />
                <Set Name="DDBLTFX_ZBUFFERRANGE"        Value="0x00000080" />
                <Set Name="DDBLTFX_ZBUFFERBASEDEST"     Value="0x00000100" />
            </Flag>
        </Variable>

        <!-- [DDBLTFX_u1] -->
        <Variable Name="[DDBLTFX_u1]" Type="Union">
            <Display Name="union" />
            <Field Type="DWORD"                 Name="dwZDestConst" />
            <Field Type="LPDIRECTDRAWSURFACE"   Name="lpDDSZBufferDest" />
        </Variable>

        <!-- [DDBLTFX_u2] -->
        <Variable Name="[DDBLTFX_u2]" Type="Union">
            <Display Name="union" />
            <Field Type="DWORD"                 Name="dwZSrcConst" />
            <Field Type="LPDIRECTDRAWSURFACE"   Name="lpDDSZBufferSrc" />
        </Variable>

        <!-- [DDBLTFX_u3] -->
        <Variable Name="[DDBLTFX_u3]" Type="Union">
            <Display Name="union" />
            <Field Type="DWORD"                 Name="dwAlphaDestConst" />
            <Field Type="LPDIRECTDRAWSURFACE"   Name="lpDDSAlphaDest" />
        </Variable>

        <!-- [DDBLTFX_u4] -->
        <Variable Name="[DDBLTFX_u4]" Type="Union">
            <Display Name="union" />
            <Field Type="DWORD"                 Name="dwAlphaSrcConst" />
            <Field Type="LPDIRECTDRAWSURFACE"   Name="lpDDSAlphaSrc" />
        </Variable>

        <!-- [DDBLTFX_u5] -->
        <Variable Name="[DDBLTFX_u5]" Type="Union">
            <Display Name="union" />
            <Field Type="DWORD"                 Name="dwFillColor" />
            <Field Type="DWORD"                 Name="dwFillDepth" />
            <Field Type="DWORD"                 Name="dwFillPixel" />
            <Field Type="LPDIRECTDRAWSURFACE"   Name="lpDDSPattern" />
        </Variable>

        <!-- DDBLTFX -->
        <Variable Name="DDBLTFX" Type="Struct">
            <Field Type="DWORD"             Name="dwSize" />
            <Field Type="[DDBLTFX_FLAGS]"   Name="dwDDFX" />
            <Field Type="DWORD"             Name="dwROP" />
            <Field Type="DWORD"             Name="dwDDROP" />
            <Field Type="DWORD"             Name="dwRotationAngle" />
            <Field Type="DWORD"             Name="dwZBufferOpCode" />
            <Field Type="DWORD"             Name="dwZBufferLow" />
            <Field Type="DWORD"             Name="dwZBufferHigh" />
            <Field Type="DWORD"             Name="dwZBufferBaseDest" />
            <Field Type="DWORD"             Name="dwZDestConstBitDepth" />
            <Field Type="[DDBLTFX_u1]"      Name="" />
            <Field Type="DWORD"             Name="dwZSrcConstBitDepth" />
            <Field Type="[DDBLTFX_u2]"      Name="" />
            <Field Type="DWORD"             Name="dwAlphaEdgeBlendBitDepth" />
            <Field Type="DWORD"             Name="dwAlphaEdgeBlend" />
            <Field Type="DWORD"             Name="dwReserved" />
            <Field Type="DWORD"             Name="dwAlphaDestConstBitDepth" />
            <Field Type="[DDBLTFX_u3]"      Name="" />
            <Field Type="DWORD"             Name="dwAlphaSrcConstBitDepth" />
            <Field Type="[DDBLTFX_u4]"      Name="" />
            <Field Type="[DDBLTFX_u5]"      Name="" />
            <Field Type="DDCOLORKEY"        Name="ddckDestColorkey" />
            <Field Type="DDCOLORKEY"        Name="ddckSrcColorkey" />
        </Variable>
        <Variable Name="LPDDBLTFX" Type="Pointer" Base="DDBLTFX" />

        <!-- [DDBLT_FLAGS] -->
        <Variable Name="[DDBLT_FLAGS]" Type="Alias" Base="DWORD">
            <Display Name="DWORD" />
            <Flag>
                <Set Name="DDBLT_ALPHADEST"                     Value="0x00000001" />
                <Set Name="DDBLT_ALPHADESTCONSTOVERRIDE"        Value="0x00000002" />
                <Set Name="DDBLT_ALPHADESTNEG"                  Value="0x00000004" />
                <Set Name="DDBLT_ALPHADESTSURFACEOVERRIDE"      Value="0x00000008" />
                <Set Name="DDBLT_ALPHAEDGEBLEND"                Value="0x00000010" />
                <Set Name="DDBLT_ALPHASRC"                      Value="0x00000020" />
                <Set Name="DDBLT_ALPHASRCCONSTOVERRIDE"         Value="0x00000040" />
                <Set Name="DDBLT_ALPHASRCNEG"                   Value="0x00000080" />
                <Set Name="DDBLT_ALPHASRCSURFACEOVERRIDE"       Value="0x00000100" />
                <Set Name="DDBLT_ASYNC"                         Value="0x00000200" />
                <Set Name="DDBLT_COLORFILL"                     Value="0x00000400" />
                <Set Name="DDBLT_DDFX"                          Value="0x00000800" />
                <Set Name="DDBLT_DDROPS"                        Value="0x00001000" />
                <Set Name="DDBLT_KEYDEST"                       Value="0x00002000" />
                <Set Name="DDBLT_KEYDESTOVERRIDE"               Value="0x00004000" />
                <Set Name="DDBLT_KEYSRC"                        Value="0x00008000" />
                <Set Name="DDBLT_KEYSRCOVERRIDE"                Value="0x00010000" />
                <Set Name="DDBLT_ROP"                           Value="0x00020000" />
                <Set Name="DDBLT_ROTATIONANGLE"                 Value="0x00040000" />
                <Set Name="DDBLT_ZBUFFER"                       Value="0x00080000" />
                <Set Name="DDBLT_ZBUFFERDESTCONSTOVERRIDE"      Value="0x00100000" />
                <Set Name="DDBLT_ZBUFFERDESTOVERRIDE"           Value="0x00200000" />
                <Set Name="DDBLT_ZBUFFERSRCCONSTOVERRIDE"       Value="0x00400000" />
                <Set Name="DDBLT_ZBUFFERSRCOVERRIDE"            Value="0x00800000" />
                <Set Name="DDBLT_WAIT"                          Value="0x01000000" />
                <Set Name="DDBLT_DEPTHFILL"                     Value="0x02000000" />
                <Set Name="DDBLT_DONOTWAIT"                     Value="0x08000000" />
                <Set Name="DDBLT_PRESENTATION"                  Value="0x10000000" />
                <Set Name="DDBLT_LAST_PRESENTATION"             Value="0x20000000" />
                <Set Name="DDBLT_EXTENDED_LINEAR_CONTENT"       Value="0x40000004" />
            </Flag>
        </Variable>

        <!-- DDBLTBATCH -->
        <Variable Name="DDBLTBATCH" Type="Struct">
            <Field Type="LPRECT"                Name="lprDest" />
            <Field Type="LPDIRECTDRAWSURFACE"   Name="lpDDSSrc" />
            <Field Type="LPRECT"                Name="lprSrc" />
            <Field Type="[DDBLT_FLAGS]"         Name="dwFlags" />
            <Field Type="LPDDBLTFX"             Name="lpDDBltFx" />
        </Variable>
        <Variable Name="LPDDBLTBATCH" Type="Pointer" Base="DDBLTBATCH" />

        <!-- [DDOVERLAYFX_u1] -->
        <Variable Name="[DDOVERLAYFX_u1]" Type="Union">
            <Display Name="union" />
            <Field Type="DWORD"                 Name="dwAlphaDestConst" />
            <Field Type="LPDIRECTDRAWSURFACE"   Name="lpDDSAlphaDest" />
        </Variable>
        
        <!-- [DDOVERLAYFX_u2] -->
        <Variable Name="[DDOVERLAYFX_u2]" Type="Union">
            <Display Name="union" />
            <Field Type="DWORD"                 Name="dwAlphaSrcConst" />
            <Field Type="LPDIRECTDRAWSURFACE"   Name="lpDDSAlphaSrc" />
        </Variable>

        <!-- [DDOVERFX_FLAGS] -->
        <Variable Name="[DDOVERFX_FLAGS]" Type="Alias" Base="DWORD">
            <Display Name="DWORD" />
            <Flag>
                <Set Name="DDOVERFX_ARITHSTRETCHY"      Value="0x00000001" />
                <Set Name="DDOVERFX_MIRRORLEFTRIGHT"    Value="0x00000002" />
                <Set Name="DDOVERFX_MIRRORUPDOWN"       Value="0x00000004" />
                <Set Name="DDOVERFX_DEINTERLACE"        Value="0x00000008" />
            </Flag>
        </Variable>

        <!-- DDOVERLAYFX -->
        <Variable Name="DDOVERLAYFX" Type="Struct">
            <Field Type="DWORD"                 Name="dwSize" />
            <Field Type="DWORD"                 Name="dwAlphaEdgeBlendBitDepth" />
            <Field Type="DWORD"                 Name="dwAlphaEdgeBlend" />
            <Field Type="DWORD"                 Name="dwReserved" />
            <Field Type="DWORD"                 Name="dwAlphaDestConstBitDepth" />
            <Field Type="[DDOVERLAYFX_u1]"      Name="" />
            <Field Type="DWORD"                 Name="dwAlphaSrcConstBitDepth" />
            <Field Type="[DDOVERLAYFX_u2]"      Name="" />
            <Field Type="DDCOLORKEY"            Name="dckDestColorkey" />
            <Field Type="DDCOLORKEY"            Name="dckSrcColorkey" />
            <Field Type="DWORD"                 Name="dwDDFX" />
            <Field Type="[DDOVERFX_FLAGS]"      Name="dwFlags" />
        </Variable>
        <Variable Name="LPDDOVERLAYFX" Type="Pointer" Base="DDOVERLAYFX" />

        <!-- [DDEDM_FLAGS] -->
        <Variable Name="[DDEDM_FLAGS]" Type="Alias" Base="DWORD">
            <Display Name="DWORD" />
            <Flag>
                <Set Name="DDEDM_REFRESHRATES"      Value="0x00000001" />
                <Set Name="DDEDM_STANDARDVGAMODES"  Value="0x00000002" />
            </Flag>
        </Variable>

        <!-- [DDENUMSURFACES_FLAGS] -->
        <Variable Name="[DDENUMSURFACES_FLAGS]" Type="Alias" Base="DWORD">
            <Display Name="DWORD" />
            <Flag>
                <Set Name="DDENUMSURFACES_ALL"              Value="0x00000001" />
                <Set Name="DDENUMSURFACES_MATCH"            Value="0x00000002" />
                <Set Name="DDENUMSURFACES_NOMATCH"          Value="0x00000004" />
                <Set Name="DDENUMSURFACES_CANBECREATED"     Value="0x00000008" />
                <Set Name="DDENUMSURFACES_DOESEXIST"        Value="0x00000010" />
            </Flag>
        </Variable>

        <!-- [DDEM_FLAGS] -->
        <Variable Name="[DDEM_FLAGS]" Type="Alias" Base="DWORD">
            <Display Name="DWORD" />
            <Enum>
                <Set Name="DDEM_MODEPASSED"     Value="0x00000001" />
                <Set Name="DDEM_MODEFAILED"     Value="0x00000002" />
            </Enum>
        </Variable>

        <!-- [DDSCL_FLAGS] -->
        <Variable Name="[DDSCL_FLAGS]" Type="Alias" Base="DWORD">
            <Display Name="DWORD" />
            <Flag>
                <Set Name="DDSCL_FULLSCREEN"            Value="0x00000001" />
                <Set Name="DDSCL_ALLOWREBOOT"           Value="0x00000002" />
                <Set Name="DDSCL_NOWINDOWCHANGES"       Value="0x00000004" />
                <Set Name="DDSCL_NORMAL"                Value="0x00000008" />
                <Set Name="DDSCL_EXCLUSIVE"             Value="0x00000010" />
                <Set Name="DDSCL_ALLOWMODEX"            Value="0x00000040" />
                <Set Name="DDSCL_SETFOCUSWINDOW"        Value="0x00000080" />
                <Set Name="DDSCL_SETDEVICEWINDOW"       Value="0x00000100" />
                <Set Name="DDSCL_CREATEDEVICEWINDOW"    Value="0x00000200" />
                <Set Name="DDSCL_MULTITHREADED"         Value="0x00000400" />
                <Set Name="DDSCL_FPUSETUP"              Value="0x00000800" />
                <Set Name="DDSCL_FPUPRESERVE"           Value="0x00001000" />
            </Flag>
        </Variable>

        <!-- [DDWAITVB_FLAGS] -->
        <Variable Name="[DDWAITVB_FLAGS]" Type="Alias" Base="DWORD">
            <Display Name="DWORD" />
            <Flag>
                <Set Name="DDWAITVB_BLOCKBEGIN"         Value="0x00000001" />
                <Set Name="DDWAITVB_BLOCKBEGINEVENT"    Value="0x00000002" />
                <Set Name="DDWAITVB_BLOCKEND"           Value="0x00000004" />
            </Flag>
        </Variable>

        <!-- [DDSDM_FLAGS] -->
        <Variable Name="[DDSDM_FLAGS]" Type="Alias" Base="DWORD">
            <Display Name="DWORD" />
            <Flag>
                <Set Name="DDSDM_STANDARDVGAMODE" Value="0x00000001" />
            </Flag>
        </Variable>

        <!-- [DDGDI_FLAGS] -->
        <Variable Name="[DDGDI_FLAGS]" Type="Alias" Base="DWORD">
            <Display Name="DWORD" />
            <Flag>
                <Set Name="DDGDI_GETHOSTIDENTIFIER" Value="0x00000001" />
            </Flag>
        </Variable>

        <!-- [DDSMT_FLAGS] -->
        <Variable Name="[DDSMT_FLAGS]" Type="Alias" Base="DWORD">
            <Display Name="DWORD" />
            <Flag>
                <Set Name="DDSMT_ISTESTREQUIRED" Value="0x00000001" />
            </Flag>
        </Variable>

        <!-- [DDSGR_FLAGS] -->
        <Variable Name="[DDSGR_FLAGS]" Type="Alias" Base="DWORD">
            <Display Name="DWORD" />
            <Flag>
                <Set Name="DDSGR_CALIBRATE" Value="0x00000001" />
            </Flag>
        </Variable>

        <!-- [DDENUM_FLAGS] -->
        <Variable Name="[DDENUM_FLAGS]" Type="Alias" Base="DWORD">
            <Display Name="DWORD" />
            <Flag>
                <Set Name="DDENUM_ATTACHEDSECONDARYDEVICES"     Value="0x00000001" />
                <Set Name="DDENUM_DETACHEDSECONDARYDEVICES"     Value="0x00000002" />
                <Set Name="DDENUM_NONDISPLAYDEVICES"            Value="0x00000004" />
            </Flag>
        </Variable>

        <!-- [DDSPD_FLAGS] -->
        <Variable Name="[DDSPD_FLAGS]" Type="Alias" Base="DWORD">
            <Display Name="DWORD" />
            <Flag>
                <Set Name="DDSPD_IUNKNOWNPOINTER"   Value="0x00000001" />
                <Set Name="DDSPD_VOLATILE"          Value="0x00000002" />
            </Flag>
        </Variable>

        <!-- [DDBLTFAST_TYPE] -->
        <Variable Name="[DDBLTFAST_TYPE]" Type="Alias" Base="DWORD">
            <Display Name="DWORD" />
            <Enum>
                <Set Name="DDBLTFAST_NOCOLORKEY"    Value="0x00000000" />
                <Set Name="DDBLTFAST_SRCCOLORKEY"   Value="0x00000001" />
                <Set Name="DDBLTFAST_DESTCOLORKEY"  Value="0x00000002" />
                <Set Name="DDBLTFAST_WAIT"          Value="0x00000010" />
                <Set Name="DDBLTFAST_DONOTWAIT"     Value="0x00000020" />
            </Enum>
        </Variable>

        <!-- [DDENUMOVERLAYZ_TYPE] -->
        <Variable Name="[DDENUMOVERLAYZ_TYPE]" Type="Alias" Base="DWORD">
            <Display Name="DWORD" />
            <Enum>
                <Set Name="DDENUMOVERLAYZ_BACKTOFRONT"      Value="0x00000000" />
                <Set Name="DDENUMOVERLAYZ_FRONTTOBACK"      Value="0x00000001" />
            </Enum>
        </Variable>

        <!-- [DDFLIP_FLAGS] -->
        <Variable Name="[DDFLIP_FLAGS]" Type="Alias" Base="DWORD">
            <Display Name="DWORD" />
            <Flag>
                <Set Name="DDFLIP_WAIT"         Value="0x00000001" />
                <Set Name="DDFLIP_EVEN"         Value="0x00000002" />
                <Set Name="DDFLIP_ODD"          Value="0x00000004" />
                <Set Name="DDFLIP_NOVSYNC"      Value="0x00000008" />
                <Set Name="DDFLIP_INTERVAL2"    Value="0x02000000" />
                <Set Name="DDFLIP_INTERVAL3"    Value="0x03000000" />
                <Set Name="DDFLIP_INTERVAL4"    Value="0x04000000" />
                <Set Name="DDFLIP_STEREO"       Value="0x00000010" />
                <Set Name="DDFLIP_DONOTWAIT"    Value="0x00000020" />
            </Flag>
        </Variable>

        <!-- [DDGBS_FLAGS] -->
        <Variable Name="[DDGBS_FLAGS]" Type="Alias" Base="DWORD">
            <Display Name="DWORD" />
            <Flag>
                <Set Name="DDGBS_CANBLT"        Value="0x00000001" />
                <Set Name="DDGBS_ISBLTDONE"     Value="0x00000002" />
            </Flag>
        </Variable>

        <!-- [DDCKEY_FLAGS] -->
        <Variable Name="[DDCKEY_FLAGS]" Type="Alias" Base="DWORD">
            <Display Name="DWORD" />
            <Flag>
                <Set Name="DDCKEY_COLORSPACE"   Value="0x00000001" />
                <Set Name="DDCKEY_DESTBLT"      Value="0x00000002" />
                <Set Name="DDCKEY_DESTOVERLAY"  Value="0x00000004" />
                <Set Name="DDCKEY_SRCBLT"       Value="0x00000008" />
                <Set Name="DDCKEY_SRCOVERLAY"   Value="0x00000010" />
            </Flag>
        </Variable>

        <!-- [DDGFS_FLAGS] -->
        <Variable Name="[DDGFS_FLAGS]" Type="Alias" Base="DWORD">
            <Display Name="DWORD" />
            <Flag>
                <Set Name="DDGFS_CANFLIP"       Value="0x00000001" />
                <Set Name="DDGFS_ISFLIPDONE"    Value="0x00000002" />
            </Flag>
        </Variable>

        <!-- [DDLOCK_FLAGS] -->
        <Variable Name="[DDLOCK_FLAGS]" Type="Alias" Base="DWORD">
            <Display Name="DWORD" />
            <Flag>
                <Set Name="DDLOCK_SURFACEMEMORYPTR"         Value="0x00000000" />
                <Set Name="DDLOCK_WAIT"                     Value="0x00000001" />
                <Set Name="DDLOCK_EVENT"                    Value="0x00000002" />
                <Set Name="DDLOCK_READONLY"                 Value="0x00000010" />
                <Set Name="DDLOCK_WRITEONLY"                Value="0x00000020" />
                <Set Name="DDLOCK_NOSYSLOCK"                Value="0x00000800" />
                <Set Name="DDLOCK_NOOVERWRITE"              Value="0x00001000" />
                <Set Name="DDLOCK_DISCARDCONTENTS"          Value="0x00002000" />
                <Set Name="DDLOCK_OKTOSWAP"                 Value="0x00002000" />
                <Set Name="DDLOCK_DONOTWAIT"                Value="0x00004000" />
                <Set Name="DDLOCK_HASVOLUMETEXTUREBOXRECT"  Value="0x00008000" />
                <Set Name="DDLOCK_NODIRTYUPDATE"            Value="0x00010000" />
            </Flag>
        </Variable>

        <!-- [DDOVER_FLAGS] -->
        <Variable Name="[DDOVER_FLAGS]" Type="Alias" Base="DWORD">
            <Display Name="DWORD" />
            <Flag>
                <Set Name="DDOVER_ALPHADEST"                    Value="0x00000001" />
                <Set Name="DDOVER_ALPHADESTCONSTOVERRIDE"       Value="0x00000002" />
                <Set Name="DDOVER_ALPHADESTNEG"                 Value="0x00000004" />
                <Set Name="DDOVER_ALPHADESTSURFACEOVERRIDE"     Value="0x00000008" />
                <Set Name="DDOVER_ALPHAEDGEBLEND"               Value="0x00000010" />
                <Set Name="DDOVER_ALPHASRC"                     Value="0x00000020" />
                <Set Name="DDOVER_ALPHASRCCONSTOVERRIDE"        Value="0x00000040" />
                <Set Name="DDOVER_ALPHASRCNEG"                  Value="0x00000080" />
                <Set Name="DDOVER_ALPHASRCSURFACEOVERRIDE"      Value="0x00000100" />
                <Set Name="DDOVER_HIDE"                         Value="0x00000200" />
                <Set Name="DDOVER_KEYDEST"                      Value="0x00000400" />
                <Set Name="DDOVER_KEYDESTOVERRIDE"              Value="0x00000800" />
                <Set Name="DDOVER_KEYSRC"                       Value="0x00001000" />
                <Set Name="DDOVER_KEYSRCOVERRIDE"               Value="0x00002000" />
                <Set Name="DDOVER_SHOW"                         Value="0x00004000" />
                <Set Name="DDOVER_ADDDIRTYRECT"                 Value="0x00008000" />
                <Set Name="DDOVER_REFRESHDIRTYRECTS"            Value="0x00010000" />
                <Set Name="DDOVER_REFRESHALL"                   Value="0x00020000" />
                <Set Name="DDOVER_DDFX"                         Value="0x00080000" />
                <Set Name="DDOVER_AUTOFLIP"                     Value="0x00100000" />
                <Set Name="DDOVER_BOB"                          Value="0x00200000" />
                <Set Name="DDOVER_OVERRIDEBOBWEAVE"             Value="0x00400000" />
                <Set Name="DDOVER_INTERLEAVED"                  Value="0x00800000" />
                <Set Name="DDOVER_BOBHARDWARE"                  Value="0x01000000" />
                <Set Name="DDOVER_ARGBSCALEFACTORS"             Value="0x02000000" />
                <Set Name="DDOVER_DEGRADEARGBSCALING"           Value="0x04000000" />
            </Flag>
        </Variable>

        <!-- [DDOVERZ_ORDER] -->
        <Variable Name="[DDOVERZ_ORDER]" Type="Alias" Base="DWORD">
            <Display Name="DWORD" />
            <Enum>
                <Set Name="DDOVERZ_SENDTOFRONT"         Value="0x00000000" />
                <Set Name="DDOVERZ_SENDTOBACK"          Value="0x00000001" />
                <Set Name="DDOVERZ_MOVEFORWARD"         Value="0x00000002" />
                <Set Name="DDOVERZ_MOVEBACKWARD"        Value="0x00000003" />
                <Set Name="DDOVERZ_INSERTINFRONTOF"     Value="0x00000004" />
                <Set Name="DDOVERZ_INSERTINBACKOF"      Value="0x00000005" />
            </Enum>
        </Variable>

    </Headers>
</ApiMonitor>