<!--
    API Monitor Definitions
    (c) 2011-2012, Rohitab Batra <rohitab@rohitab.com>
    http://www.rohitab.com/apimonitor/
-->
<ApiMonitor>
    <Include Filename="Headers\windows.h.xml" />
    <Headers>
        <!-- Interfaces -->
        <Variable Name="IDirectInput2A"                     Type="Interface" />
        <Variable Name="IDirectInput2W"                     Type="Interface" />
        <Variable Name="IDirectInput7A"                     Type="Interface" />
        <Variable Name="IDirectInput7W"                     Type="Interface" />
        <Variable Name="IDirectInput8A"                     Type="Interface" />
        <Variable Name="IDirectInput8W"                     Type="Interface" />
        <Variable Name="IDirectInputA"                      Type="Interface" />
        <Variable Name="IDirectInputDevice2A"               Type="Interface" />
        <Variable Name="IDirectInputDevice2W"               Type="Interface" />
        <Variable Name="IDirectInputDevice7A"               Type="Interface" />
        <Variable Name="IDirectInputDevice7W"               Type="Interface" />
        <Variable Name="IDirectInputDevice8A"               Type="Interface" />
        <Variable Name="IDirectInputDevice8W"               Type="Interface" />
        <Variable Name="IDirectInputDeviceA"                Type="Interface" />
        <Variable Name="IDirectInputDeviceW"                Type="Interface" />
        <Variable Name="IDirectInputEffect"                 Type="Interface" />
        <Variable Name="IDirectInputW"                      Type="Interface" />

        <!-- Interface Aliases -->
        <Variable Name="LPDIRECTINPUTDEVICEA"               Type="Alias"    Base="IDirectInputDeviceA*"/>
        <Variable Name="LPDIRECTINPUTDEVICEA*"              Type="Pointer"  Base="LPDIRECTINPUTDEVICEA"/>
        <Variable Name="LPDIRECTINPUTDEVICEW"               Type="Alias"    Base="IDirectInputDeviceW*"/>
        <Variable Name="LPDIRECTINPUTDEVICEW*"              Type="Pointer"  Base="LPDIRECTINPUTDEVICEW"/>
        <Variable Name="LPDIRECTINPUTDEVICE8A"              Type="Alias"    Base="IDirectInputDevice8A*"/>
        <Variable Name="LPDIRECTINPUTDEVICE8A*"             Type="Pointer"  Base="LPDIRECTINPUTDEVICE8A"/>
        <Variable Name="LPDIRECTINPUTDEVICE8W"              Type="Alias"    Base="IDirectInputDevice8W*"/>
        <Variable Name="LPDIRECTINPUTDEVICE8W*"             Type="Pointer"  Base="LPDIRECTINPUTDEVICE8W"/>
        <Variable Name="LPDIRECTINPUTA"                     Type="Alias"    Base="IDirectInputA*"/>
        <Variable Name="LPDIRECTINPUTA*"                    Type="Pointer"  Base="LPDIRECTINPUTA"/>
        <Variable Name="LPDIRECTINPUTW"                     Type="Alias"    Base="IDirectInputW*"/>
        <Variable Name="LPDIRECTINPUTW*"                    Type="Pointer"  Base="LPDIRECTINPUTW"/>
        <Variable Name="LPDIRECTINPUTEFFECT"                Type="Alias"    Base="IDirectInputEffect*"/>
        <Variable Name="LPDIRECTINPUTEFFECT*"               Type="Pointer"  Base="LPDIRECTINPUTEFFECT"/>

        <!-- Variables -->
        <Variable Name="LPDIENUMDEVICESCALLBACKA"               Type="Alias"    Base="LPVOID"/>
        <Variable Name="LPDIENUMDEVICESCALLBACKW"               Type="Alias"    Base="LPVOID"/>
        <Variable Name="LPDICONFIGUREDEVICESCALLBACK"           Type="Alias"    Base="LPVOID"/>
        <Variable Name="LPDIENUMDEVICEOBJECTSCALLBACKA"         Type="Alias"    Base="LPVOID"/>
        <Variable Name="LPDIENUMDEVICEOBJECTSCALLBACKW"         Type="Alias"    Base="LPVOID"/>
        <Variable Name="LPDIENUMCREATEDEFFECTOBJECTSCALLBACK"   Type="Alias"    Base="LPVOID"/>
        <Variable Name="LPDIENUMEFFECTSCALLBACKA"               Type="Alias"    Base="LPVOID"/>
        <Variable Name="LPDIENUMEFFECTSCALLBACKW"               Type="Alias"    Base="LPVOID"/>
        <Variable Name="LPDIENUMEFFECTSINFILECALLBACK"          Type="Alias"    Base="LPVOID"/>
        <Variable Name="LPDIENUMDEVICESBYSEMANTICSCBA"          Type="Alias"    Base="LPVOID"/>
        <Variable Name="LPDIENUMDEVICESBYSEMANTICSCBW"          Type="Alias"    Base="LPVOID"/>
        <Variable Name="POINT [5]"                              Type="Array"    Base="POINT" Count="5"/>

        <!-- [DI_HRESULT] -->
        <Variable Name="[DI_HRESULT]" Type="Alias" Base="HRESULT">
            <Display Name="HRESULT" />
            <Enum Reset="True">
                <Set Name="DI_OK"                               Value="0x00000000" />
                <Set Name="E_ABORT"                             Value="0x80004004" />
                <Set Name="E_HANDLE"                            Value="0x80070006" />
                <Set Name="E_OUTOFMEMORY"                       Value="0x8007000E" />
                <Set Name="E_POINTER"                           Value="0x80004003" />
                <Set Name="E_UNEXPECTED"                        Value="0x8000FFFF" />
                <Set Name="DI_POLLEDDEVICE"                     Value="0x00000002" />
                <Set Name="DI_DOWNLOADSKIPPED"                  Value="0x00000003" />
                <Set Name="DI_EFFECTRESTARTED"                  Value="0x00000004" />
                <Set Name="DI_TRUNCATED"                        Value="0x00000008" />
                <Set Name="DI_SETTINGSNOTSAVED"                 Value="0x0000000b" />
                <Set Name="DI_TRUNCATEDANDRESTARTED"            Value="0x0000000c" />
                <Set Name="DI_WRITEPROTECT"                     Value="0x00000013" />
                <Set Name="DIERR_OLDDIRECTINPUTVERSION"         Value="0x8007047e" />
                <Set Name="DIERR_BETADIRECTINPUTVERSION"        Value="0x80070481" />
                <Set Name="DIERR_BADDRIVERVER"                  Value="0x80070077" />
                <Set Name="DIERR_DEVICENOTREG"                  Value="0x80040154" />
                <Set Name="DIERR_NOTFOUND"                      Value="0x80070002" />
                <Set Name="DIERR_INVALIDPARAM"                  Value="0x80070057" />
                <Set Name="DIERR_NOINTERFACE"                   Value="0x80004002" />
                <Set Name="DIERR_GENERIC"                       Value="0x80004005" />
                <Set Name="DIERR_OUTOFMEMORY"                   Value="0x8007000e" />
                <Set Name="DIERR_UNSUPPORTED"                   Value="0x80004001" />
                <Set Name="DIERR_NOTINITIALIZED"                Value="0x80070015" />
                <Set Name="DIERR_ALREADYINITIALIZED"            Value="0x800704df" />
                <Set Name="DIERR_NOAGGREGATION"                 Value="0x80040110" />
                <Set Name="DIERR_INPUTLOST"                     Value="0x8007001e" />
                <Set Name="DIERR_ACQUIRED"                      Value="0x800700aa" />
                <Set Name="DIERR_NOTACQUIRED"                   Value="0x8007000c" />
                <Set Name="E_PENDING"                           Value="0x8000000a" />
                <Set Name="DIERR_INSUFFICIENTPRIVS"             Value="0x80040200" />
                <Set Name="DIERR_DEVICEFULL"                    Value="0x80040201" />
                <Set Name="DIERR_MOREDATA"                      Value="0x80040202" />
                <Set Name="DIERR_NOTDOWNLOADED"                 Value="0x80040203" />
                <Set Name="DIERR_HASEFFECTS"                    Value="0x80040204" />
                <Set Name="DIERR_NOTEXCLUSIVEACQUIRED"          Value="0x80040205" />
                <Set Name="DIERR_INCOMPLETEEFFECT"              Value="0x80040206" />
                <Set Name="DIERR_NOTBUFFERED"                   Value="0x80040207" />
                <Set Name="DIERR_EFFECTPLAYING"                 Value="0x80040208" />
                <Set Name="DIERR_UNPLUGGED"                     Value="0x80040209" />
                <Set Name="DIERR_REPORTFULL"                    Value="0x8004020a" />
                <Set Name="DIERR_MAPFILEFAIL"                   Value="0x8004020b" />
                <!-- TODO: Duplicate Values
                <Set Name="DI_NOTATTACHED"                      Value="0x00000001" />
                <Set Name="DI_BUFFEROVERFLOW"                   Value="0x00000001" />
                <Set Name="DI_PROPNOEFFECT"                     Value="0x00000001" />
                <Set Name="DI_NOEFFECT"                         Value="0x00000001" />
                <Set Name="DIERR_OBJECTNOTFOUND"                Value="0x80070002" />
                <Set Name="DIERR_OTHERAPPHASPRIO"               Value="0x80070005" />
                <Set Name="DIERR_READONLY"                      Value="0x80070005" />
                <Set Name="DIERR_HANDLEEXISTS"                  Value="0x80070005" />
                -->
            </Enum>
        </Variable>

        <!-- [DIACTIONA_u] -->
        <Variable Name="[DIACTIONA_u]" Type="Union">
            <Display Name="union" />
            <Field Type="LPCSTR"    Name="lptszActionName" />
            <Field Type="UINT"      Name="uResIdString" />
        </Variable>

        <!-- [DIA_Flags] -->
        <Variable Name="[DIA_Flags]" Type="Alias" Base="DWORD">
            <Display Name="DWORD" />
            <Flag>
                <Set Name="DIA_FORCEFEEDBACK"   Value="0x00000001" />
                <Set Name="DIA_APPMAPPED"       Value="0x00000002" />
                <Set Name="DIA_APPNOMAP"        Value="0x00000004" />
                <Set Name="DIA_NORANGE"         Value="0x00000008" />
                <Set Name="DIA_APPFIXED"        Value="0x00000010" />
            </Flag>
        </Variable>

        <!-- [DIAH_Enum] -->
        <Variable Name="[DIAH_Enum]" Type="Alias" Base="DWORD">
            <Display Name="DWORD" />
            <Enum>
                <Set Name="DIAH_UNMAPPED"       Value="0x00000000" />
                <Set Name="DIAH_USERCONFIG"     Value="0x00000001" />
                <Set Name="DIAH_APPREQUESTED"   Value="0x00000002" />
                <Set Name="DIAH_HWAPP"          Value="0x00000004" />
                <Set Name="DIAH_HWDEFAULT"      Value="0x00000008" />
                <Set Name="DIAH_DEFAULT"        Value="0x00000020" />
                <Set Name="DIAH_ERROR"          Value="0x80000000" />
            </Enum>
        </Variable>

        <!-- [DIDFT_Flags] -->
        <Variable Name="[DIDFT_Flags]" Type="Alias" Base="DWORD">
            <Display Name="DWORD" />
            <Flag>
                <Set Name="DIDFT_ALL"                   Value="0x00000000" />
                <Set Name="DIDFT_RELAXIS"               Value="0x00000001" />
                <Set Name="DIDFT_ABSAXIS"               Value="0x00000002" />
                <Set Name="DIDFT_AXIS"                  Value="0x00000003" />
                <Set Name="DIDFT_PSHBUTTON"             Value="0x00000004" />
                <Set Name="DIDFT_TGLBUTTON"             Value="0x00000008" />
                <Set Name="DIDFT_BUTTON"                Value="0x0000000C" />
                <Set Name="DIDFT_POV"                   Value="0x00000010" />
                <Set Name="DIDFT_COLLECTION"            Value="0x00000040" />
                <Set Name="DIDFT_NODATA"                Value="0x00000080" />
                <Set Name="DIDFT_ANYINSTANCE"           Value="0x00FFFF00" />
                <Set Name="DIDFT_FFACTUATOR"            Value="0x01000000" />
                <Set Name="DIDFT_FFEFFECTTRIGGER"       Value="0x02000000" />
                <Set Name="DIDFT_OUTPUT"                Value="0x10000000" />
                <Set Name="DIDFT_VENDORDEFINED"         Value="0x04000000" />
                <Set Name="DIDFT_ALIAS"                 Value="0x08000000" />
                <Set Name="DIDFT_NOCOLLECTION"          Value="0x00FFFF00" />
            </Flag>
        </Variable>

        <!-- DIACTIONA -->
        <Variable Name="DIACTIONA" Type="Struct">
            <Field Type="UINT_PTR"      Name="uAppData" />
            <Field Type="DWORD"         Name="dwSemantic" />
            <Field Type="[DIA_Flags]"   Name="dwFlags" />
            <Field Type="[DIACTIONA_u]" Name="" />
            <Field Type="GUID"          Name="guidInstance" />
            <Field Type="[DIDFT_Flags]" Name="dwObjID" />
            <Field Type="[DIAH_Enum]"   Name="dwHow" />
        </Variable>
        <Variable Name="LPDIACTIONA" Type="Pointer" Base="DIACTIONA"/>

        <!-- DIACTIONFORMATA -->
        <Variable Name="DIACTIONFORMATA" Type="Struct">
            <Field Type="DWORD"             Name="dwSize" />
            <Field Type="DWORD"             Name="dwActionSize" />
            <Field Type="DWORD"             Name="dwDataSize" />
            <Field Type="DWORD"             Name="dwNumActions" />
            <Field Type="LPDIACTIONA"       Name="rgoAction" Count="dwNumActions" />
            <Field Type="GUID"              Name="guidActionMap" />
            <Field Type="DWORD"             Name="dwGenre" />
            <Field Type="DWORD"             Name="dwBufferSize" />
            <Field Type="LONG"              Name="lAxisMin" />
            <Field Type="LONG"              Name="lAxisMax" />
            <Field Type="HINSTANCE"         Name="hInstString" />
            <Field Type="FILETIME"          Name="ftTimeStamp" />
            <Field Type="DWORD"             Name="dwCRC" />
            <Field Type="CHAR [MAX_PATH]"   Name="tszActionMap" />
        </Variable>
        <Variable Name="LPDIACTIONFORMATA" Type="Pointer" Base="DIACTIONFORMATA"/>

        <!-- [DIACTIONW_u] -->
        <Variable Name="[DIACTIONW_u]" Type="Union">
            <Display Name="union" />
            <Field Type="LPCWSTR"   Name="lptszActionName" />
            <Field Type="UINT"      Name="uResIdString" />
        </Variable>

        <!-- DIACTIONW -->
        <Variable Name="DIACTIONW" Type="Struct">
            <Field Type="UINT_PTR"      Name="uAppData" />
            <Field Type="DWORD"         Name="dwSemantic" />
            <Field Type="[DIA_Flags]"   Name="dwFlags" />
            <Field Type="[DIACTIONW_u]" Name="" />
            <Field Type="GUID"          Name="guidInstance" />
            <Field Type="[DIDFT_Flags]" Name="dwObjID" />
            <Field Type="[DIAH_Enum]"   Name="dwHow" />
        </Variable>
        <Variable Name="LPDIACTIONW" Type="Pointer" Base="DIACTIONW"/>

        <!-- DIACTIONFORMATW -->
        <Variable Name="DIACTIONFORMATW" Type="Struct">
            <Field Type="DWORD"             Name="dwSize" />
            <Field Type="DWORD"             Name="dwActionSize" />
            <Field Type="DWORD"             Name="dwDataSize" />
            <Field Type="DWORD"             Name="dwNumActions" />
            <Field Type="LPDIACTIONW"       Name="rgoAction" Count="dwNumActions" />
            <Field Type="GUID"              Name="guidActionMap" />
            <Field Type="DWORD"             Name="dwGenre" />
            <Field Type="DWORD"             Name="dwBufferSize" />
            <Field Type="LONG"              Name="lAxisMin" />
            <Field Type="LONG"              Name="lAxisMax" />
            <Field Type="HINSTANCE"         Name="hInstString" />
            <Field Type="FILETIME"          Name="ftTimeStamp" />
            <Field Type="DWORD"             Name="dwCRC" />
            <Field Type="WCHAR [MAX_PATH]"  Name="tszActionMap" />
        </Variable>
        <Variable Name="LPDIACTIONFORMATW" Type="Pointer" Base="DIACTIONFORMATW"/>

        <!-- [DIDC_Flags] -->
        <Variable Name="[DIDC_Flags]" Type="Alias" Base="DWORD">
            <Display Name="DWORD" />
            <Flag>
                <Set Name="DIDC_ATTACHED"               Value="0x00000001" />
                <Set Name="DIDC_POLLEDDEVICE"           Value="0x00000002" />
                <Set Name="DIDC_EMULATED"               Value="0x00000004" />
                <Set Name="DIDC_POLLEDDATAFORMAT"       Value="0x00000008" />
                <Set Name="DIDC_FORCEFEEDBACK"          Value="0x00000100" />
                <Set Name="DIDC_FFATTACK"               Value="0x00000200" />
                <Set Name="DIDC_FFFADE"                 Value="0x00000400" />
                <Set Name="DIDC_SATURATION"             Value="0x00000800" />
                <Set Name="DIDC_POSNEGCOEFFICIENTS"     Value="0x00001000" />
                <Set Name="DIDC_POSNEGSATURATION"       Value="0x00002000" />
                <Set Name="DIDC_DEADBAND"               Value="0x00004000" />
                <Set Name="DIDC_STARTDELAY"             Value="0x00008000" />
                <Set Name="DIDC_ALIAS"                  Value="0x00010000" />
                <Set Name="DIDC_PHANTOM"                Value="0x00020000" />
                <Set Name="DIDC_HIDDEN"                 Value="0x00040000" />
            </Flag>
        </Variable>

        <!-- DIDEVCAPS -->
        <Variable Name="DIDEVCAPS" Type="Struct">
            <Field Type="DWORD"         Name="dwSize" />
            <Field Type="[DIDC_Flags]"  Name="dwFlags" />
            <Field Type="DWORD"         Name="dwDevType" />
            <Field Type="DWORD"         Name="dwAxes" />
            <Field Type="DWORD"         Name="dwButtons" />
            <Field Type="DWORD"         Name="dwPOVs" />
            <Field Type="DWORD"         Name="dwFFSamplePeriod" />
            <Field Type="DWORD"         Name="dwFFMinTimeResolution" />
            <Field Type="DWORD"         Name="dwFirmwareRevision" />
            <Field Type="DWORD"         Name="dwHardwareRevision" />
            <Field Type="DWORD"         Name="dwFFDriverVersion" />
        </Variable>
        <Variable Name="LPDIDEVCAPS" Type="Pointer" Base="DIDEVCAPS"/>

        <!-- DICOLORSET -->
        <Variable Name="DICOLORSET" Type="Struct">
            <Field Type="DWORD"         Name="dwSize" />
            <Field Type="D3DCOLOR"      Name="cTextFore" />
            <Field Type="D3DCOLOR"      Name="cTextHighlight" />
            <Field Type="D3DCOLOR"      Name="cCalloutLine" />
            <Field Type="D3DCOLOR"      Name="cCalloutHighlight" />
            <Field Type="D3DCOLOR"      Name="cBorder" />
            <Field Type="D3DCOLOR"      Name="cControlFill" />
            <Field Type="D3DCOLOR"      Name="cHighlightFill" />
            <Field Type="D3DCOLOR"      Name="cAreaFill" />
        </Variable>

        <!-- DICONFIGUREDEVICESPARAMSA -->
        <Variable Name="DICONFIGUREDEVICESPARAMSA" Type="Struct">
            <Field Type="DWORD"                 Name="dwSize" />
            <Field Type="DWORD"                 Name="dwcUsers" />
            <Field Type="LPSTR"                 Name="lptszUserNames" />
            <Field Type="DWORD"                 Name="dwcFormats" />
            <Field Type="LPDIACTIONFORMATA"     Name="lprgFormats" Count="dwcFormats" />
            <Field Type="HWND"                  Name="hwnd" />
            <Field Type="DICOLORSET"            Name="dics" />
            <Field Type="IUnknown*"             Name="lpUnkDDSTarget" />
        </Variable>
        <Variable Name="LPDICONFIGUREDEVICESPARAMSA" Type="Pointer" Base="DICONFIGUREDEVICESPARAMSA"/>

        <!-- DICONFIGUREDEVICESPARAMSW -->
        <Variable Name="DICONFIGUREDEVICESPARAMSW" Type="Struct">
            <Field Type="DWORD"                 Name="dwSize" />
            <Field Type="DWORD"                 Name="dwcUsers" />
            <Field Type="LPSTR"                 Name="lptszUserNames" />
            <Field Type="DWORD"                 Name="dwcFormats" />
            <Field Type="LPDIACTIONFORMATW"     Name="lprgFormats" Count="dwcFormats" />
            <Field Type="HWND"                  Name="hwnd" />
            <Field Type="DICOLORSET"            Name="dics" />
            <Field Type="IUnknown*"             Name="lpUnkDDSTarget" />
        </Variable>
        <Variable Name="LPDICONFIGUREDEVICESPARAMSW" Type="Pointer" Base="DICONFIGUREDEVICESPARAMSW"/>

        <!-- [DIPH_Enum] -->
        <Variable Name="[DIPH_Enum]" Type="Alias" Base="DWORD">
            <Display Name="DWORD" />
            <Enum>
                <Set Name="DIPH_DEVICE"     Value="0" />
                <Set Name="DIPH_BYOFFSET"   Value="1" />
                <Set Name="DIPH_BYID"       Value="2" />
                <Set Name="DIPH_BYUSAGE"    Value="3" />
            </Enum>
        </Variable>

        <!-- DIPROPHEADER -->
        <Variable Name="DIPROPHEADER" Type="Struct">
            <Field Type="DWORD"         Name="dwSize" />
            <Field Type="DWORD"         Name="dwHeaderSize" />
            <Field Type="DWORD"         Name="dwObj" />
            <Field Type="[DIPH_Enum]"   Name="dwHow" />
        </Variable>
        <Variable Name="LPDIPROPHEADER"  Type="Pointer" Base="DIPROPHEADER"/>
        <Variable Name="LPCDIPROPHEADER" Type="Pointer" Base="DIPROPHEADER"/>

        <!-- DIDEVICEOBJECTDATA -->
        <Variable Name="DIDEVICEOBJECTDATA" Type="Struct">
            <Field Type="DWORD"         Name="dwOfs" />
            <Field Type="DWORD"         Name="dwData" />
            <Field Type="DWORD"         Name="dwTimeStamp" />
            <Field Type="DWORD"         Name="dwSequence" />
            <Field Type="UINT_PTR"      Name="uAppData" />
        </Variable>
        <Variable Name="LPDIDEVICEOBJECTDATA"  Type="Pointer" Base="DIDEVICEOBJECTDATA"/>
        <Variable Name="LPCDIDEVICEOBJECTDATA" Type="Pointer" Base="DIDEVICEOBJECTDATA"/>

        <!-- [DIDOI_Flags] -->
        <Variable Name="[DIDOI_Flags]" Type="Alias" Base="DWORD">
            <Display Name="DWORD" />
            <Flag>
                <Set Name="DIDOI_FFACTUATOR"        Value="0x00000001" />
                <Set Name="DIDOI_FFEFFECTTRIGGER"   Value="0x00000002" />
                <Set Name="DIDOI_POLLED"            Value="0x00008000" />
                <Set Name="DIDOI_ASPECTPOSITION"    Value="0x00000100" />
                <Set Name="DIDOI_ASPECTVELOCITY"    Value="0x00000200" />
                <Set Name="DIDOI_ASPECTACCEL"       Value="0x00000300" />
                <Set Name="DIDOI_ASPECTFORCE"       Value="0x00000400" />
                <Set Name="DIDOI_ASPECTMASK"        Value="0x00000F00" />
                <Set Name="DIDOI_GUIDISUSAGE"       Value="0x00010000" />
            </Flag>
        </Variable>

        <!-- DIOBJECTDATAFORMAT -->
        <Variable Name="DIOBJECTDATAFORMAT" Type="Struct">
            <Field Type="const GUID*"       Name="pguid" />
            <Field Type="DWORD"             Name="dwOfs" />
            <Field Type="[DIDFT_Flags]"     Name="dwType" />
            <Field Type="[DIDOI_Flags]"     Name="dwFlags" />
        </Variable>
        <Variable Name="LPDIOBJECTDATAFORMAT" Type="Pointer" Base="DIOBJECTDATAFORMAT"/>

        <!-- [DIDATAFORMAT_Enum] -->
        <Variable Name="[DIDATAFORMAT_Enum]" Type="Alias" Base="DWORD">
            <Display Name="DWORD" />
            <Enum>
                <Set Name="DIDFT_RELAXIS"   Value="0x00000001" />
                <Set Name="DIDFT_ABSAXIS"   Value="0x00000002" />
            </Enum>
        </Variable>

        <!-- DIDATAFORMAT -->
        <Variable Name="DIDATAFORMAT" Type="Struct">
            <Field Type="DWORD"                 Name="dwSize" />
            <Field Type="DWORD"                 Name="dwObjSize" />
            <Field Type="[DIDATAFORMAT_Enum]"   Name="dwFlags" />
            <Field Type="DWORD"                 Name="dwDataSize" />
            <Field Type="DWORD"                 Name="dwNumObjs" />
            <Field Type="LPDIOBJECTDATAFORMAT"  Name="rgodf" Count="dwNumObjs" />
        </Variable>
        <Variable Name="LPCDIDATAFORMAT" Type="Pointer" Base="DIDATAFORMAT"/>

        <!-- DIDEVICEOBJECTINSTANCEA -->
        <Variable Name="DIDEVICEOBJECTINSTANCEA" Type="Struct">
            <Field Type="DWORD"             Name="dwSize" />
            <Field Type="GUID"              Name="guidType" />
            <Field Type="DWORD"             Name="dwOfs" />
            <Field Type="[DIDFT_Flags]"     Name="dwType" />
            <Field Type="[DIDOI_Flags]"     Name="dwFlags" />
            <Field Type="CHAR [MAX_PATH]"   Name="tszName" />
            <Field Type="DWORD"             Name="dwFFMaxForce" />
            <Field Type="DWORD"             Name="dwFFForceResolution" />
            <Field Type="WORD"              Name="wCollectionNumber" />
            <Field Type="WORD"              Name="wDesignatorIndex" />
            <Field Type="WORD"              Name="wUsagePage" />
            <Field Type="WORD"              Name="wUsage" />
            <Field Type="DWORD"             Name="dwDimension" />
            <Field Type="WORD"              Name="wExponent" />
            <Field Type="WORD"              Name="wReportId" />
        </Variable>
        <Variable Name="LPDIDEVICEOBJECTINSTANCEA" Type="Pointer" Base="DIDEVICEOBJECTINSTANCEA"/>

        <!-- DIDEVICEOBJECTINSTANCEW -->
        <Variable Name="DIDEVICEOBJECTINSTANCEW" Type="Struct">
            <Field Type="DWORD"             Name="dwSize" />
            <Field Type="GUID"              Name="guidType" />
            <Field Type="DWORD"             Name="dwOfs" />
            <Field Type="[DIDFT_Flags]"     Name="dwType" />
            <Field Type="[DIDOI_Flags]"     Name="dwFlags" />
            <Field Type="WCHAR [MAX_PATH]"  Name="tszName" />
            <Field Type="DWORD"             Name="dwFFMaxForce" />
            <Field Type="DWORD"             Name="dwFFForceResolution" />
            <Field Type="WORD"              Name="wCollectionNumber" />
            <Field Type="WORD"              Name="wDesignatorIndex" />
            <Field Type="WORD"              Name="wUsagePage" />
            <Field Type="WORD"              Name="wUsage" />
            <Field Type="DWORD"             Name="dwDimension" />
            <Field Type="WORD"              Name="wExponent" />
            <Field Type="WORD"              Name="wReportId" />
        </Variable>
        <Variable Name="LPDIDEVICEOBJECTINSTANCEW" Type="Pointer" Base="DIDEVICEOBJECTINSTANCEW"/>

        <!-- DIDEVICEINSTANCEA -->
        <Variable Name="DIDEVICEINSTANCEA" Type="Struct">
            <Field Type="DWORD"             Name="dwSize" />
            <Field Type="GUID"              Name="guidInstance" />
            <Field Type="GUID"              Name="guidProduct" />
            <Field Type="DWORD"             Name="dwDevType" />
            <Field Type="CHAR [MAX_PATH]"   Name="tszInstanceName" />
            <Field Type="CHAR [MAX_PATH]"   Name="tszProductName" />
            <Field Type="GUID"              Name="guidFFDriver" />
            <Field Type="WORD"              Name="wUsagePage" />
            <Field Type="WORD"              Name="wUsage" />
        </Variable>
        <Variable Name="LPDIDEVICEINSTANCEA" Type="Pointer" Base="DIDEVICEINSTANCEA"/>

        <!-- DIDEVICEINSTANCEW -->
        <Variable Name="DIDEVICEINSTANCEW" Type="Struct">
            <Field Type="DWORD"             Name="dwSize" />
            <Field Type="GUID"              Name="guidInstance" />
            <Field Type="GUID"              Name="guidProduct" />
            <Field Type="DWORD"             Name="dwDevType" />
            <Field Type="WCHAR [MAX_PATH]"  Name="tszInstanceName" />
            <Field Type="WCHAR [MAX_PATH]"  Name="tszProductName" />
            <Field Type="GUID"              Name="guidFFDriver" />
            <Field Type="WORD"              Name="wUsagePage" />
            <Field Type="WORD"              Name="wUsage" />
        </Variable>
        <Variable Name="LPDIDEVICEINSTANCEW" Type="Pointer" Base="DIDEVICEINSTANCEW"/>

        <!-- DIENVELOPE -->
        <Variable Name="DIENVELOPE" Type="Struct">
            <Field Type="DWORD"         Name="dwSize" />
            <Field Type="DWORD"         Name="dwAttackLevel" />
            <Field Type="DWORD"         Name="dwAttackTime" />
            <Field Type="DWORD"         Name="dwFadeLevel" />
            <Field Type="DWORD"         Name="dwFadeTime" />
        </Variable>
        <Variable Name="LPDIENVELOPE" Type="Pointer" Base="DIENVELOPE"/>

        <!-- [DIEFF_Flags] -->
        <Variable Name="[DIEFF_Flags]" Type="Alias" Base="DWORD">
            <Display Name="DWORD" />
            <Flag>
                <Set Name="DIEFF_OBJECTIDS"         Value="0x00000001" />
                <Set Name="DIEFF_OBJECTOFFSETS"     Value="0x00000002" />
                <Set Name="DIEFF_CARTESIAN"         Value="0x00000010" />
                <Set Name="DIEFF_POLAR"             Value="0x00000020" />
                <Set Name="DIEFF_SPHERICAL"         Value="0x00000040" />
            </Flag>
        </Variable>

        <!-- [DIEB_Enum] -->
        <Variable Name="[DIEB_Enum]" Type="Alias" Base="DWORD">
            <Display Name="DWORD" />
            <Enum>
                <Set Name="DIEB_NOTRIGGER" Value="0xFFFFFFFF" />
            </Enum>
        </Variable>

        <!-- DIEFFECT -->
        <Variable Name="DIEFFECT" Type="Struct">
            <Field Type="DWORD"         Name="dwSize" />
            <Field Type="[DIEFF_Flags]" Name="dwFlags" />
            <Field Type="DWORD"         Name="dwDuration" />
            <Field Type="DWORD"         Name="dwSamplePeriod" />
            <Field Type="DWORD"         Name="dwGain" />
            <Field Type="[DIEB_Enum]"   Name="dwTriggerButton" />
            <Field Type="DWORD"         Name="dwTriggerRepeatInterval" />
            <Field Type="DWORD"         Name="cAxes" />
            <Field Type="LPDWORD"       Name="rgdwAxes" Count="cAxes" />
            <Field Type="LPLONG"        Name="rglDirection" Count="cAxes" />
            <Field Type="LPDIENVELOPE"  Name="lpEnvelope" />
            <Field Type="DWORD"         Name="cbTypeSpecificParams" />
            <Field Type="LPVOID"        Name="lpvTypeSpecificParams" Length="cbTypeSpecificParams" />
            <Field Type="DWORD"         Name="dwStartDelay" />
        </Variable>
        <Variable Name="LPDIEFFECT"  Type="Pointer" Base="DIEFFECT"/>
        <Variable Name="LPCDIEFFECT" Type="Pointer" Base="DIEFFECT"/>

        <!-- [DIEFT_Flags] -->
        <Variable Name="[DIEFT_Flags]" Type="Alias" Base="DWORD">
            <Display Name="DWORD" />
            <Flag>
                <Set Name="DIEFT_ALL"                   Value="0x00000000" />
                <Set Name="DIEFT_CONSTANTFORCE"         Value="0x00000001" />
                <Set Name="DIEFT_RAMPFORCE"             Value="0x00000002" />
                <Set Name="DIEFT_PERIODIC"              Value="0x00000003" />
                <Set Name="DIEFT_CONDITION"             Value="0x00000004" />
                <Set Name="DIEFT_CUSTOMFORCE"           Value="0x00000005" />
                <Set Name="DIEFT_HARDWARE"              Value="0x000000FF" />
                <Set Name="DIEFT_FFATTACK"              Value="0x00000200" />
                <Set Name="DIEFT_FFFADE"                Value="0x00000400" />
                <Set Name="DIEFT_SATURATION"            Value="0x00000800" />
                <Set Name="DIEFT_POSNEGCOEFFICIENTS"    Value="0x00001000" />
                <Set Name="DIEFT_POSNEGSATURATION"      Value="0x00002000" />
                <Set Name="DIEFT_DEADBAND"              Value="0x00004000" />
                <Set Name="DIEFT_STARTDELAY"            Value="0x00008000" />
            </Flag>
        </Variable>

        <!-- [DIEP_Flags] -->
        <Variable Name="[DIEP_Flags]" Type="Alias" Base="DWORD">
            <Display Name="DWORD" />
            <Flag>
                <Set Name="DIEP_DURATION"               Value="0x00000001" />
                <Set Name="DIEP_SAMPLEPERIOD"           Value="0x00000002" />
                <Set Name="DIEP_GAIN"                   Value="0x00000004" />
                <Set Name="DIEP_TRIGGERBUTTON"          Value="0x00000008" />
                <Set Name="DIEP_TRIGGERREPEATINTERVAL"  Value="0x00000010" />
                <Set Name="DIEP_AXES"                   Value="0x00000020" />
                <Set Name="DIEP_DIRECTION"              Value="0x00000040" />
                <Set Name="DIEP_ENVELOPE"               Value="0x00000080" />
                <Set Name="DIEP_TYPESPECIFICPARAMS"     Value="0x00000100" />
                <Set Name="DIEP_STARTDELAY"             Value="0x00000200" />
                <Set Name="DIEP_ALLPARAMS_DX5"          Value="0x000001FF" />
                <Set Name="DIEP_ALLPARAMS"              Value="0x000003FF" />
                <Set Name="DIEP_ALLPARAMS"              Value="0x000001FF" />
                <Set Name="DIEP_START"                  Value="0x20000000" />
                <Set Name="DIEP_NORESTART"              Value="0x40000000" />
                <Set Name="DIEP_NODOWNLOAD"             Value="0x80000000" />
            </Flag>
        </Variable>

        <!-- DIEFFECTINFOA -->
        <Variable Name="DIEFFECTINFOA" Type="Struct">
            <Field Type="DWORD"             Name="dwSize" />
            <Field Type="GUID"              Name="guid" />
            <Field Type="[DIEFT_Flags]"     Name="dwEffType" />
            <Field Type="[DIEP_Flags]"      Name="dwStaticParams" />
            <Field Type="[DIEP_Flags]"      Name="dwDynamicParams" />
            <Field Type="CHAR [MAX_PATH]"   Name="tszName" />
        </Variable>
        <Variable Name="LPDIEFFECTINFOA" Type="Pointer" Base="DIEFFECTINFOA"/>

        <!-- DIEFFECTINFOW -->
        <Variable Name="DIEFFECTINFOW" Type="Struct">
            <Field Type="DWORD"             Name="dwSize" />
            <Field Type="GUID"              Name="guid" />
            <Field Type="[DIEFT_Flags]"     Name="dwEffType" />
            <Field Type="[DIEP_Flags]"      Name="dwStaticParams" />
            <Field Type="[DIEP_Flags]"      Name="dwDynamicParams" />
            <Field Type="WCHAR [MAX_PATH]"  Name="tszName" />
        </Variable>
        <Variable Name="LPDIEFFECTINFOW" Type="Pointer" Base="DIEFFECTINFOW"/>

        <!-- DIEFFESCAPE -->
        <Variable Name="DIEFFESCAPE" Type="Struct">
            <Field Type="DWORD"     Name="dwSize" />
            <Field Type="DWORD"     Name="dwCommand" />
            <Field Type="LPVOID"    Name="lpvInBuffer" Length="cbInBuffer" />
            <Field Type="DWORD"     Name="cbInBuffer" />
            <Field Type="LPVOID"    Name="lpvOutBuffer" PostLength="cbOutBuffer" />
            <Field Type="DWORD"     Name="cbOutBuffer" />
        </Variable>
        <Variable Name="LPDIEFFESCAPE" Type="Pointer" Base="DIEFFESCAPE"/>

        <!-- DIFILEEFFECT -->
        <Variable Name="DIFILEEFFECT" Type="Struct">
            <Field Type="DWORD"             Name="dwSize" />
            <Field Type="GUID"              Name="GuidEffect" />
            <Field Type="LPCDIEFFECT"       Name="lpDiEffect" />
            <Field Type="CHAR [MAX_PATH]"   Name="szFriendlyName" />
        </Variable>
        <Variable Name="LPDIFILEEFFECT" Type="Pointer" Base="DIFILEEFFECT"/>

        <!-- [DIDIFT_Flags] -->
        <Variable Name="[DIDIFT_Flags]" Type="Alias" Base="DWORD">
            <Display Name="DWORD" />
            <Flag>
                <Set Name="DIDIFT_CONFIGURATION"    Value="0x00000001" />
                <Set Name="DIDIFT_OVERLAY"          Value="0x00000002" />
            </Flag>
        </Variable>

        <!-- [DIDAL_Flags] -->
        <Variable Name="[DIDAL_Flags]" Type="Alias" Base="DWORD">
            <Display Name="DWORD" />
            <Flag>
                <Set Name="DIDAL_CENTERED"          Value="0x00000000" />
                <Set Name="DIDAL_LEFTALIGNED"       Value="0x00000001" />
                <Set Name="DIDAL_RIGHTALIGNED"      Value="0x00000002" />
                <Set Name="DIDAL_MIDDLE"            Value="0x00000000" />
                <Set Name="DIDAL_TOPALIGNED"        Value="0x00000004" />
                <Set Name="DIDAL_BOTTOMALIGNED"     Value="0x00000008" />
            </Flag>
        </Variable>

        <!-- DIDEVICEIMAGEINFOA -->
        <Variable Name="DIDEVICEIMAGEINFOA" Type="Struct">
            <Field Type="CHAR [MAX_PATH]"   Name="tszImagePath" />
            <Field Type="[DIDIFT_Flags]"    Name="dwFlags" />
            <Field Type="DWORD"             Name="dwViewID" />
            <Field Type="RECT"              Name="rcOverlay" />
            <Field Type="[DIDFT_Flags]"     Name="dwObjID" />
            <Field Type="DWORD"             Name="dwcValidPts" />
            <Field Type="POINT [5]"         Name="rgptCalloutLine" Count="dwcValidPts" />
            <Field Type="RECT"              Name="rcCalloutRect" />
            <Field Type="[DIDAL_Flags]"     Name="dwTextAlign" />
        </Variable>
        <Variable Name="LPDIDEVICEIMAGEINFOA" Type="Pointer" Base="DIDEVICEIMAGEINFOA"/>

        <!-- DIDEVICEIMAGEINFOHEADERA -->
        <Variable Name="DIDEVICEIMAGEINFOHEADERA" Type="Struct">
            <Field Type="DWORD"                 Name="dwSize" />
            <Field Type="DWORD"                 Name="dwSizeImageInfo" />
            <Field Type="DWORD"                 Name="dwcViews" />
            <Field Type="DWORD"                 Name="dwcButtons" />
            <Field Type="DWORD"                 Name="dwcAxes" />
            <Field Type="DWORD"                 Name="dwcPOVs" />
            <Field Type="DWORD"                 Name="dwBufferSize" />
            <Field Type="DWORD"                 Name="dwBufferUsed" />
            <Field Type="LPDIDEVICEIMAGEINFOA"  Name="lprgImageInfoArray" />
        </Variable>
        <Variable Name="LPDIDEVICEIMAGEINFOHEADERA" Type="Pointer" Base="DIDEVICEIMAGEINFOHEADERA"/>

        <!-- DIDEVICEIMAGEINFOW -->
        <Variable Name="DIDEVICEIMAGEINFOW" Type="Struct">
            <Field Type="WCHAR [MAX_PATH]"  Name="tszImagePath" />
            <Field Type="[DIDIFT_Flags]"    Name="dwFlags" />
            <Field Type="DWORD"             Name="dwViewID" />
            <Field Type="RECT"              Name="rcOverlay" />
            <Field Type="[DIDFT_Flags]"     Name="dwObjID" />
            <Field Type="DWORD"             Name="dwcValidPts" />
            <Field Type="POINT [5]"         Name="rgptCalloutLine" Count="dwcValidPts" />
            <Field Type="RECT"              Name="rcCalloutRect" />
            <Field Type="[DIDAL_Flags]"     Name="dwTextAlign" />
        </Variable>
        <Variable Name="LPDIDEVICEIMAGEINFOW" Type="Pointer" Base="DIDEVICEIMAGEINFOW"/>

        <!-- DIDEVICEIMAGEINFOHEADERW -->
        <Variable Name="DIDEVICEIMAGEINFOHEADERW" Type="Struct">
            <Field Type="DWORD"                 Name="dwSize" />
            <Field Type="DWORD"                 Name="dwSizeImageInfo" />
            <Field Type="DWORD"                 Name="dwcViews" />
            <Field Type="DWORD"                 Name="dwcButtons" />
            <Field Type="DWORD"                 Name="dwcAxes" />
            <Field Type="DWORD"                 Name="dwcPOVs" />
            <Field Type="DWORD"                 Name="dwBufferSize" />
            <Field Type="DWORD"                 Name="dwBufferUsed" />
            <Field Type="LPDIDEVICEIMAGEINFOW"  Name="lprgImageInfoArray" />
        </Variable>
        <Variable Name="LPDIDEVICEIMAGEINFOHEADERW" Type="Pointer" Base="DIDEVICEIMAGEINFOHEADERW"/>

        <!-- [DIPROP] -->
        <Variable Name="[DIPROP]" Type="Alias" Base="REFGUID">
            <Display Name="REFGUID" />
            <Enum>
                <Set Name="DIPROP_BUFFERSIZE"           Value="1" />
                <Set Name="DIPROP_AXISMODE"             Value="2" />
                <Set Name="DIPROP_GRANULARITY"          Value="3" />
                <Set Name="DIPROP_RANGE"                Value="4" />
                <Set Name="DIPROP_DEADZONE"             Value="5" />
                <Set Name="DIPROP_SATURATION"           Value="6" />
                <Set Name="DIPROP_FFGAIN"               Value="7" />
                <Set Name="DIPROP_FFLOAD"               Value="8" />
                <Set Name="DIPROP_AUTOCENTER"           Value="9" />
                <Set Name="DIPROP_CALIBRATIONMODE"      Value="10" />
                <Set Name="DIPROP_CALIBRATION"          Value="11" />
                <Set Name="DIPROP_GUIDANDPATH"          Value="12" />
                <Set Name="DIPROP_INSTANCENAME"         Value="13" />
                <Set Name="DIPROP_PRODUCTNAME"          Value="14" />
                <Set Name="DIPROP_JOYSTICKID"           Value="15" />
                <Set Name="DIPROP_GETPORTDISPLAYNAME"   Value="16" />
                <Set Name="DIPROP_PHYSICALRANGE"        Value="18" />
                <Set Name="DIPROP_LOGICALRANGE"         Value="19" />
                <Set Name="DIPROP_KEYNAME"              Value="20" />
                <Set Name="DIPROP_CPOINTS"              Value="21" />
                <Set Name="DIPROP_APPDATA"              Value="22" />
                <Set Name="DIPROP_SCANCODE"             Value="23" />
                <Set Name="DIPROP_VIDPID"               Value="24" />
                <Set Name="DIPROP_USERNAME"             Value="25" />
                <Set Name="DIPROP_TYPENAME"             Value="26" />
            </Enum>
        </Variable>

        <!-- [DI8DEV_FILTER] -->
        <Variable Name="[DI8DEV_FILTER]" Type="Alias" Base="DWORD">
            <Display Name="DWORD" />
            <Enum>
                <Set Name="DI8DEVCLASS_ALL"             Value="0" />
                <Set Name="DI8DEVCLASS_DEVICE"          Value="1" />
                <Set Name="DI8DEVCLASS_POINTER"         Value="2" />
                <Set Name="DI8DEVCLASS_KEYBOARD"        Value="3" />
                <Set Name="DI8DEVCLASS_GAMECTRL"        Value="4" />
                <Set Name="DI8DEVTYPE_DEVICE"           Value="0x11" />
                <Set Name="DI8DEVTYPE_MOUSE"            Value="0x12" />
                <Set Name="DI8DEVTYPE_KEYBOARD"         Value="0x13" />
                <Set Name="DI8DEVTYPE_JOYSTICK"         Value="0x14" />
                <Set Name="DI8DEVTYPE_GAMEPAD"          Value="0x15" />
                <Set Name="DI8DEVTYPE_DRIVING"          Value="0x16" />
                <Set Name="DI8DEVTYPE_FLIGHT"           Value="0x17" />
                <Set Name="DI8DEVTYPE_1STPERSON"        Value="0x18" />
                <Set Name="DI8DEVTYPE_DEVICECTRL"       Value="0x19" />
                <Set Name="DI8DEVTYPE_SCREENPOINTER"    Value="0x1A" />
                <Set Name="DI8DEVTYPE_REMOTE"           Value="0x1B" />
                <Set Name="DI8DEVTYPE_SUPPLEMENTAL"     Value="0x1C" />
            </Enum>
        </Variable>

        <!-- [DIEDFL_Flags] -->
        <Variable Name="[DIEDFL_Flags]" Type="Alias" Base="DWORD">
            <Display Name="DWORD" />
            <Flag>
                <Set Name="DIEDFL_ALLDEVICES"       Value="0x00000000" />
                <Set Name="DIEDFL_ATTACHEDONLY"     Value="0x00000001" />
                <Set Name="DIEDFL_FORCEFEEDBACK"    Value="0x00000100" />
                <Set Name="DIEDFL_INCLUDEALIASES"   Value="0x00010000" />
                <Set Name="DIEDFL_INCLUDEPHANTOMS"  Value="0x00020000" />
                <Set Name="DIEDFL_INCLUDEHIDDEN"    Value="0x00040000" />
            </Flag>
        </Variable>

        <!-- [DIEDBSFL_Flags] -->
        <Variable Name="[DIEDBSFL_Flags]" Type="Alias" Base="DWORD">
            <Display Name="DWORD" />
            <Flag>
                <Set Name="DIEDBSFL_ATTACHEDONLY"           Value="0x00000000" />
                <Set Name="DIEDBSFL_THISUSER"               Value="0x00000010" />
                <Set Name="DIEDBSFL_FORCEFEEDBACK"          Value="0x00000100" />
                <Set Name="DIEDBSFL_AVAILABLEDEVICES"       Value="0x00001000" />
                <Set Name="DIEDBSFL_MULTIMICEKEYBOARDS"     Value="0x00002000" />
                <Set Name="DIEDBSFL_NONGAMINGDEVICES"       Value="0x00004000" />
                <Set Name="DIEDBSFL_VALID"                  Value="0x00007110" />
            </Flag>
        </Variable>

        <!-- [DICD_Enum] -->
        <Variable Name="[DICD_Enum]" Type="Alias" Base="DWORD">
            <Display Name="DWORD" />
            <Enum>
                <Set Name="DICD_DEFAULT"    Value="0x00000000" />
                <Set Name="DICD_EDIT"       Value="0x00000001" />
            </Enum>
        </Variable>

        <!-- [DIGFFS_Flags] -->
        <Variable Name="[DIGFFS_Flags]" Type="Alias" Base="DWORD">
            <Display Name="DWORD" />
            <Flag>
                <Set Name="DIGFFS_EMPTY"            Value="0x00000001" />
                <Set Name="DIGFFS_STOPPED"          Value="0x00000002" />
                <Set Name="DIGFFS_PAUSED"           Value="0x00000004" />
                <Set Name="DIGFFS_ACTUATORSON"      Value="0x00000010" />
                <Set Name="DIGFFS_ACTUATORSOFF"     Value="0x00000020" />
                <Set Name="DIGFFS_POWERON"          Value="0x00000040" />
                <Set Name="DIGFFS_POWEROFF"         Value="0x00000080" />
                <Set Name="DIGFFS_SAFETYSWITCHON"   Value="0x00000100" />
                <Set Name="DIGFFS_SAFETYSWITCHOFF"  Value="0x00000200" />
                <Set Name="DIGFFS_USERFFSWITCHON"   Value="0x00000400" />
                <Set Name="DIGFFS_USERFFSWITCHOFF"  Value="0x00000800" />
                <Set Name="DIGFFS_DEVICELOST"       Value="0x80000000" />
            </Flag>
        </Variable>

        <!-- [DIGFFS_Flags*] -->
        <Variable Name="[DIGFFS_Flags*]" Type="Pointer" Base="[DIGFFS_Flags]">
            <Display Name="LPDWORD" />
        </Variable>

        <!-- [DISFFC_Flags] -->
        <Variable Name="[DISFFC_Flags]" Type="Alias" Base="DWORD">
            <Display Name="DWORD" />
            <Flag>
                <Set Name="DISFFC_RESET"            Value="0x00000001" />
                <Set Name="DISFFC_STOPALL"          Value="0x00000002" />
                <Set Name="DISFFC_PAUSE"            Value="0x00000004" />
                <Set Name="DISFFC_CONTINUE"         Value="0x00000008" />
                <Set Name="DISFFC_SETACTUATORSON"   Value="0x00000010" />
                <Set Name="DISFFC_SETACTUATORSOFF"  Value="0x00000020" />
            </Flag>
        </Variable>

        <!-- [DIFEF_Flags] -->
        <Variable Name="[DIFEF_Flags]" Type="Alias" Base="DWORD">
            <Display Name="DWORD" />
            <Flag>
                <Set Name="DIFEF_DEFAULT"               Value="0x00000000" />
                <Set Name="DIFEF_INCLUDENONSTANDARD"    Value="0x00000001" />
                <Set Name="DIFEF_MODIFYIFNEEDED"        Value="0x00000010" />
            </Flag>
        </Variable>

        <!-- [DIDBAM_Flags] -->
        <Variable Name="[DIDBAM_Flags]" Type="Alias" Base="DWORD">
            <Display Name="DWORD" />
            <Flag>
                <Set Name="DIDBAM_DEFAULT"      Value="0x00000000" />
                <Set Name="DIDBAM_PRESERVE"     Value="0x00000001" />
                <Set Name="DIDBAM_INITIALIZE"   Value="0x00000002" />
                <Set Name="DIDBAM_HWDEFAULTS"   Value="0x00000004" />
            </Flag>
        </Variable>

        <!-- [DIDSAM_Flags] -->
        <Variable Name="[DIDSAM_Flags]" Type="Alias" Base="DWORD">
            <Display Name="DWORD" />
            <Flag>
                <Set Name="DIDSAM_DEFAULT"      Value="0x00000000" />
                <Set Name="DIDSAM_NOUSER"       Value="0x00000001" />
                <Set Name="DIDSAM_FORCESAVE"    Value="0x00000002" />
            </Flag>
        </Variable>

        <!-- [DIES_Flags] -->
        <Variable Name="[DIES_Flags]" Type="Alias" Base="DWORD">
            <Display Name="DWORD" />
            <Flag>
                <Set Name="DIES_SOLO"           Value="0x00000001" />
                <Set Name="DIES_NODOWNLOAD"     Value="0x80000000" />
            </Flag>
        </Variable>

        <!-- [DIEGES_Flags] -->
        <Variable Name="[DIEGES_Flags]" Type="Alias" Base="DWORD">
            <Display Name="DWORD" />
            <Flag>
                <Set Name="DIEGES_PLAYING"      Value="0x00000001" />
                <Set Name="DIEGES_EMULATED"     Value="0x00000002" />
            </Flag>
        </Variable>

        <!-- [DIEGES_Flags*] -->
        <Variable Name="[DIEGES_Flags*]" Type="Pointer" Base="[DIEGES_Flags]">
            <Display Name="LPDWORD" />
        </Variable>

        <!-- [DISCL_Flags] -->
        <Variable Name="[DISCL_Flags]" Type="Alias" Base="DWORD">
            <Display Name="DWORD" />
            <Flag>
                <Set Name="DISCL_EXCLUSIVE"     Value="0x00000001" />
                <Set Name="DISCL_NONEXCLUSIVE"  Value="0x00000002" />
                <Set Name="DISCL_FOREGROUND"    Value="0x00000004" />
                <Set Name="DISCL_BACKGROUND"    Value="0x00000008" />
                <Set Name="DISCL_NOWINKEY"      Value="0x00000010" />
            </Flag>
        </Variable>

        <!-- [DIGDD_Flags] -->
        <Variable Name="[DIGDD_Flags]" Type="Alias" Base="DWORD">
            <Display Name="DWORD" />
            <Flag>
                <Set Name="DIGDD_PEEK" Value="0x00000001" />
            </Flag>
        </Variable>

    </Headers>
</ApiMonitor>