<!--
    API Monitor Definitions
    (c) 2010-2012, Rohitab Batra <rohitab@rohitab.com>
    http://www.rohitab.com/apimonitor/
-->
<ApiMonitor>
    <Include Filename="Headers\windows.h.xml" />
    <Include Filename="Headers\gdi.h.xml" />
    <Headers>
        
        <!-- Variable -->
        <Variable Name="D3DCOLOR"           Type="Alias"    Base="DWORD" />
        <Variable Name="PDXVAHDSW_Plugin"   Type="Alias"    Base="LPVOID"/>

        <!-- D3DCOLORVALUE -->
        <Variable Name="D3DCOLORVALUE" Type="Struct" Pack32="4">
            <Field Type="float"     Name="r" />
            <Field Type="float"     Name="g" />
            <Field Type="float"     Name="b" />
            <Field Type="float"     Name="a" />
        </Variable>

        <!-- D3DPOOL -->
        <Variable Name="D3DPOOL" Type="Alias" Base="DWORD">
            <Enum>
                <Set Name="D3DPOOL_DEFAULT"     Value="0" />
                <Set Name="D3DPOOL_MANAGED"     Value="1" />
                <Set Name="D3DPOOL_SYSTEMMEM"   Value="2" />
                <Set Name="D3DPOOL_SCRATCH"     Value="3" />
            </Enum>
        </Variable>

        <!-- D3DFORMAT -->
        <Variable Name="D3DFORMAT" Type="Alias" Base="UINT">
            <Enum>
                <Set Name="D3DFMT_UNKNOWN"              		Value="0" />
                <Set Name="D3DFMT_R8G8B8"               		Value="20" />
                <Set Name="D3DFMT_A8R8G8B8"             		Value="21" />
                <Set Name="D3DFMT_X8R8G8B8"             		Value="22" />
                <Set Name="D3DFMT_R5G6B5"               		Value="23" />
                <Set Name="D3DFMT_X1R5G5B5"             		Value="24" />
                <Set Name="D3DFMT_A1R5G5B5"             		Value="25" />
                <Set Name="D3DFMT_A4R4G4B4"             		Value="26" />
                <Set Name="D3DFMT_R3G3B2"               		Value="27" />
                <Set Name="D3DFMT_A8"                   		Value="28" />
                <Set Name="D3DFMT_A8R3G3B2"             		Value="29" />
                <Set Name="D3DFMT_X4R4G4B4"             		Value="30" />
                <Set Name="D3DFMT_A2B10G10R10"          		Value="31" />
                <Set Name="D3DFMT_A8B8G8R8"             		Value="32" />
                <Set Name="D3DFMT_X8B8G8R8"             		Value="33" />
                <Set Name="D3DFMT_G16R16"               		Value="34" />
                <Set Name="D3DFMT_A2R10G10B10"          		Value="35" />
                <Set Name="D3DFMT_A16B16G16R16"         		Value="36" />
                <Set Name="D3DFMT_A8P8"                 		Value="40" />
                <Set Name="D3DFMT_P8"                   		Value="41" />
                <Set Name="D3DFMT_L8"                   		Value="50" />
                <Set Name="D3DFMT_A8L8"                 		Value="51" />
                <Set Name="D3DFMT_A4L4"                 		Value="52" />
                <Set Name="D3DFMT_V8U8"                 		Value="60" />
                <Set Name="D3DFMT_L6V5U5"               		Value="61" />
                <Set Name="D3DFMT_X8L8V8U8"             		Value="62" />
                <Set Name="D3DFMT_Q8W8V8U8"             		Value="63" />
                <Set Name="D3DFMT_V16U16"               		Value="64" />
                <Set Name="D3DFMT_A2W10V10U10"          		Value="67" />
                <Set Name="D3DFMT_UYVY"                 		Value="0x59565955" />
                <Set Name="D3DFMT_R8G8_B8G8"            		Value="0x47424752" />
                <Set Name="D3DFMT_YUY2"                 		Value="0x32595559" />
                <Set Name="D3DFMT_G8R8_G8B8"            		Value="0x42475247" />
                <Set Name="D3DFMT_DXT1"                 		Value="0x31545844" />
                <Set Name="D3DFMT_DXT2"                 		Value="0x32545844" />
                <Set Name="D3DFMT_DXT3"                 		Value="0x33545844" />
                <Set Name="D3DFMT_DXT4"                 		Value="0x34545844" />
                <Set Name="D3DFMT_DXT5"                 		Value="0x35545844" />
                <Set Name="D3DFMT_D16_LOCKABLE"         		Value="70" />
                <Set Name="D3DFMT_D32"                  		Value="71" />
                <Set Name="D3DFMT_D15S1"                		Value="73" />
                <Set Name="D3DFMT_D24S8"                		Value="75" />
                <Set Name="D3DFMT_D24X8"                		Value="77" />
                <Set Name="D3DFMT_D24X4S4"              		Value="79" />
                <Set Name="D3DFMT_D16"                  		Value="80" />
                <Set Name="D3DFMT_D32F_LOCKABLE"        		Value="82" />
                <Set Name="D3DFMT_D24FS8"               		Value="83" />
                <Set Name="D3DFMT_D32_LOCKABLE"         		Value="84" />
                <Set Name="D3DFMT_S8_LOCKABLE"          		Value="85" />
                <Set Name="D3DFMT_L16"                  		Value="81" />
                <Set Name="D3DFMT_VERTEXDATA"           		Value="100" />
                <Set Name="D3DFMT_INDEX16"              		Value="101" />
                <Set Name="D3DFMT_INDEX32"              		Value="102" />
                <Set Name="D3DFMT_Q16W16V16U16"         		Value="110" />
                <Set Name="D3DFMT_MULTI2_ARGB8"         		Value="0x3154454D" />
                <Set Name="D3DFMT_R16F"                 		Value="111" />
                <Set Name="D3DFMT_G16R16F"              		Value="112" />
                <Set Name="D3DFMT_A16B16G16R16F"        		Value="113" />
                <Set Name="D3DFMT_R32F"                 		Value="114" />
                <Set Name="D3DFMT_G32R32F"              		Value="115" />
                <Set Name="D3DFMT_A32B32G32R32F"        		Value="116" />
                <Set Name="D3DFMT_CxV8U8"               		Value="117" />
                <Set Name="D3DFMT_A1"                   		Value="118" />
                <Set Name="D3DFMT_A2B10G10R10_XR_BIAS"  		Value="119" />
                <Set Name="D3DFMT_BINARYBUFFER"         		Value="199" />
            </Enum>
        </Variable>
        <Variable Name="D3DFORMAT*"     Type="Pointer" Base="D3DFORMAT"/>
        <Variable Name="D3DFORMAT**"    Type="Pointer" Base="D3DFORMAT*"/>

        <!-- D3DVECTOR -->
        <Variable Name="D3DVECTOR" Type="Struct" Pack32="4">
            <Field Type="float" 	Name="x" />
            <Field Type="float" 	Name="y" />
            <Field Type="float"     Name="z" />
        </Variable>
        <Variable Name="D3DVECTOR*" Type="Pointer" Base="D3DVECTOR" />

        <!-- DXGI_FORMAT -->
        <Variable Name="DXGI_FORMAT" Type="Alias" Base="UINT">
            <Enum>
                <Set Name="DXGI_FORMAT_UNKNOWN"                         Value="0" />
                <Set Name="DXGI_FORMAT_R32G32B32A32_TYPELESS"			Value="1" />
                <Set Name="DXGI_FORMAT_R32G32B32A32_FLOAT"				Value="2" />
                <Set Name="DXGI_FORMAT_R32G32B32A32_UINT"				Value="3" />
                <Set Name="DXGI_FORMAT_R32G32B32A32_SINT"				Value="4" />
                <Set Name="DXGI_FORMAT_R32G32B32_TYPELESS"				Value="5" />
                <Set Name="DXGI_FORMAT_R32G32B32_FLOAT"				    Value="6" />
                <Set Name="DXGI_FORMAT_R32G32B32_UINT"				    Value="7" />
                <Set Name="DXGI_FORMAT_R32G32B32_SINT"				    Value="8" />
                <Set Name="DXGI_FORMAT_R16G16B16A16_TYPELESS"			Value="9" />
                <Set Name="DXGI_FORMAT_R16G16B16A16_FLOAT"				Value="10" />
                <Set Name="DXGI_FORMAT_R16G16B16A16_UNORM"				Value="11" />
                <Set Name="DXGI_FORMAT_R16G16B16A16_UINT"				Value="12" />
                <Set Name="DXGI_FORMAT_R16G16B16A16_SNORM"				Value="13" />
                <Set Name="DXGI_FORMAT_R16G16B16A16_SINT"				Value="14" />
                <Set Name="DXGI_FORMAT_R32G32_TYPELESS"				    Value="15" />
                <Set Name="DXGI_FORMAT_R32G32_FLOAT"				    Value="16" />
                <Set Name="DXGI_FORMAT_R32G32_UINT"				        Value="17" />
                <Set Name="DXGI_FORMAT_R32G32_SINT"				        Value="18" />
                <Set Name="DXGI_FORMAT_R32G8X24_TYPELESS"				Value="19" />
                <Set Name="DXGI_FORMAT_D32_FLOAT_S8X24_UINT"			Value="20" />
                <Set Name="DXGI_FORMAT_R32_FLOAT_X8X24_TYPELESS"		Value="21" />
                <Set Name="DXGI_FORMAT_X32_TYPELESS_G8X24_UINT"			Value="22" />
                <Set Name="DXGI_FORMAT_R10G10B10A2_TYPELESS"			Value="23" />
                <Set Name="DXGI_FORMAT_R10G10B10A2_UNORM"				Value="24" />
                <Set Name="DXGI_FORMAT_R10G10B10A2_UINT"				Value="25" />
                <Set Name="DXGI_FORMAT_R11G11B10_FLOAT"				    Value="26" />
                <Set Name="DXGI_FORMAT_R8G8B8A8_TYPELESS"				Value="27" />
                <Set Name="DXGI_FORMAT_R8G8B8A8_UNORM"				    Value="28" />
                <Set Name="DXGI_FORMAT_R8G8B8A8_UNORM_SRGB"				Value="29" />
                <Set Name="DXGI_FORMAT_R8G8B8A8_UINT"				    Value="30" />
                <Set Name="DXGI_FORMAT_R8G8B8A8_SNORM"				    Value="31" />
                <Set Name="DXGI_FORMAT_R8G8B8A8_SINT"				    Value="32" />
                <Set Name="DXGI_FORMAT_R16G16_TYPELESS"				    Value="33" />
                <Set Name="DXGI_FORMAT_R16G16_FLOAT"				    Value="34" />
                <Set Name="DXGI_FORMAT_R16G16_UNORM"				    Value="35" />
                <Set Name="DXGI_FORMAT_R16G16_UINT"				        Value="36" />
                <Set Name="DXGI_FORMAT_R16G16_SNORM"			        Value="37" />
                <Set Name="DXGI_FORMAT_R16G16_SINT"				        Value="38" />
                <Set Name="DXGI_FORMAT_R32_TYPELESS"			        Value="39" />
                <Set Name="DXGI_FORMAT_D32_FLOAT"				        Value="40" />
                <Set Name="DXGI_FORMAT_R32_FLOAT"				        Value="41" />
                <Set Name="DXGI_FORMAT_R32_UINT"				        Value="42" />
                <Set Name="DXGI_FORMAT_R32_SINT"				        Value="43" />
                <Set Name="DXGI_FORMAT_R24G8_TYPELESS"			        Value="44" />
                <Set Name="DXGI_FORMAT_D24_UNORM_S8_UINT"		        Value="45" />
                <Set Name="DXGI_FORMAT_R24_UNORM_X8_TYPELESS"	        Value="46" />
                <Set Name="DXGI_FORMAT_X24_TYPELESS_G8_UINT"	        Value="47" />
                <Set Name="DXGI_FORMAT_R8G8_TYPELESS"			        Value="48" />
                <Set Name="DXGI_FORMAT_R8G8_UNORM"				        Value="49" />
                <Set Name="DXGI_FORMAT_R8G8_UINT"				        Value="50" />
                <Set Name="DXGI_FORMAT_R8G8_SNORM"				        Value="51" />
                <Set Name="DXGI_FORMAT_R8G8_SINT"				        Value="52" />
                <Set Name="DXGI_FORMAT_R16_TYPELESS"			        Value="53" />
                <Set Name="DXGI_FORMAT_R16_FLOAT"				        Value="54" />
                <Set Name="DXGI_FORMAT_D16_UNORM"				        Value="55" />
                <Set Name="DXGI_FORMAT_R16_UNORM"				        Value="56" />
                <Set Name="DXGI_FORMAT_R16_UINT"				        Value="57" />
                <Set Name="DXGI_FORMAT_R16_SNORM"				        Value="58" />
                <Set Name="DXGI_FORMAT_R16_SINT"				        Value="59" />
                <Set Name="DXGI_FORMAT_R8_TYPELESS"				        Value="60" />
                <Set Name="DXGI_FORMAT_R8_UNORM"				        Value="61" />
                <Set Name="DXGI_FORMAT_R8_UINT"				            Value="62" />
                <Set Name="DXGI_FORMAT_R8_SNORM"			            Value="63" />
                <Set Name="DXGI_FORMAT_R8_SINT"				            Value="64" />
                <Set Name="DXGI_FORMAT_A8_UNORM"			            Value="65" />
                <Set Name="DXGI_FORMAT_R1_UNORM"			            Value="66" />
                <Set Name="DXGI_FORMAT_R9G9B9E5_SHAREDEXP"	            Value="67" />
                <Set Name="DXGI_FORMAT_R8G8_B8G8_UNORM"		            Value="68" />
                <Set Name="DXGI_FORMAT_G8R8_G8B8_UNORM"		            Value="69" />
                <Set Name="DXGI_FORMAT_BC1_TYPELESS"		            Value="70" />
                <Set Name="DXGI_FORMAT_BC1_UNORM"			            Value="71" />
                <Set Name="DXGI_FORMAT_BC1_UNORM_SRGB"		            Value="72" />
                <Set Name="DXGI_FORMAT_BC2_TYPELESS"		            Value="73" />
                <Set Name="DXGI_FORMAT_BC2_UNORM"			            Value="74" />
                <Set Name="DXGI_FORMAT_BC2_UNORM_SRGB"		            Value="75" />
                <Set Name="DXGI_FORMAT_BC3_TYPELESS"		            Value="76" />
                <Set Name="DXGI_FORMAT_BC3_UNORM"			            Value="77" />
                <Set Name="DXGI_FORMAT_BC3_UNORM_SRGB"		            Value="78" />
                <Set Name="DXGI_FORMAT_BC4_TYPELESS"		            Value="79" />
                <Set Name="DXGI_FORMAT_BC4_UNORM"			            Value="80" />
                <Set Name="DXGI_FORMAT_BC4_SNORM"			            Value="81" />
                <Set Name="DXGI_FORMAT_BC5_TYPELESS"		            Value="82" />
                <Set Name="DXGI_FORMAT_BC5_UNORM"			            Value="83" />
                <Set Name="DXGI_FORMAT_BC5_SNORM"				        Value="84" />
                <Set Name="DXGI_FORMAT_B5G6R5_UNORM"				    Value="85" />
                <Set Name="DXGI_FORMAT_B5G5R5A1_UNORM"				    Value="86" />
                <Set Name="DXGI_FORMAT_B8G8R8A8_UNORM"				    Value="87" />
                <Set Name="DXGI_FORMAT_B8G8R8X8_UNORM"				    Value="88" />
                <Set Name="DXGI_FORMAT_R10G10B10_XR_BIAS_A2_UNORM"	    Value="89" />
                <Set Name="DXGI_FORMAT_B8G8R8A8_TYPELESS"			    Value="90" />
                <Set Name="DXGI_FORMAT_B8G8R8A8_UNORM_SRGB"			    Value="91" />
                <Set Name="DXGI_FORMAT_B8G8R8X8_TYPELESS"	            Value="92" />
                <Set Name="DXGI_FORMAT_B8G8R8X8_UNORM_SRGB"	            Value="93" />
                <Set Name="DXGI_FORMAT_BC6H_TYPELESS"		            Value="94" />
                <Set Name="DXGI_FORMAT_BC6H_UF16"			            Value="95" />
                <Set Name="DXGI_FORMAT_BC6H_SF16"			            Value="96" />
                <Set Name="DXGI_FORMAT_BC7_TYPELESS"		            Value="97" />
                <Set Name="DXGI_FORMAT_BC7_UNORM"			            Value="98" />
                <Set Name="DXGI_FORMAT_BC7_UNORM_SRGB"		            Value="99" />
            </Enum>
        </Variable>
        <Variable Name="DXGI_FORMAT*" Type="Pointer" Base="DXGI_FORMAT" />

        <!-- DXVAHD_FRAME_FORMAT -->
        <Variable Name="DXVAHD_FRAME_FORMAT" Type="Alias" Base="UINT">
            <Enum>
                <Set Name="DXVAHD_FRAME_FORMAT_PROGRESSIVE"                     Value="0" />
                <Set Name="DXVAHD_FRAME_FORMAT_INTERLACED_TOP_FIELD_FIRST"      Value="1" />
                <Set Name="DXVAHD_FRAME_FORMAT_INTERLACED_BOTTOM_FIELD_FIRST"   Value="2" />
            </Enum>
        </Variable>

        <!-- DXVAHD_RATIONAL -->
        <Variable Name="DXVAHD_RATIONAL" Type="Struct">
            <Field Type="UINT"  Name="Numerator" />
            <Field Type="UINT"  Name="Denominator" />
        </Variable>

        <!-- DXVAHD_CONTENT_DESC -->
        <Variable Name="DXVAHD_CONTENT_DESC" Type="Struct">
            <Field Type="DXVAHD_FRAME_FORMAT"   Name="InputFrameFormat" />
            <Field Type="DXVAHD_RATIONAL"       Name="InputFrameRate" />
            <Field Type="UINT"                  Name="InputWidth" />
            <Field Type="UINT"                  Name="InputHeight" />
            <Field Type="DXVAHD_RATIONAL"       Name="OutputFrameRate" />
            <Field Type="UINT"                  Name="OutputWidth" />
            <Field Type="UINT"                  Name="OutputHeight" />
        </Variable>
        <Variable Name="const DXVAHD_CONTENT_DESC*" Type="Pointer" Base="DXVAHD_CONTENT_DESC" />

        <!-- DXVAHD_DEVICE_USAGE -->
        <Variable Name="DXVAHD_DEVICE_USAGE" Type="Alias" Base="UINT">
            <Enum>
                <Set Name="DXVAHD_DEVICE_USAGE_PLAYBACK_NORMAL"     Value="0" />
                <Set Name="DXVAHD_DEVICE_USAGE_OPTIMAL_SPEED"       Value="1" />
                <Set Name="DXVAHD_DEVICE_USAGE_OPTIMAL_QUALITY"     Value="2" />
            </Enum>
        </Variable>

        <!-- Arrays -->
        <Variable Name="float [4][4]"                           Type="Array"    Base="float [4]"    Count="4"/>
        <Variable Name="BYTE [D3D_OMAC_SIZE]"                   Type="Array"    Base="BYTE"         Count="16"/>
        <Variable Name="char [MAX_DEVICE_IDENTIFIER_STRING]"    Type="Array"    Base="char"         Count="512"/>
        <Variable Name="char [32]"                              Type="Array"    Base="char"         Count="32"/>

        <!-- D3DDEVTYPE -->
        <Variable Name="D3DDEVTYPE" Type="Alias" Base="UINT">
            <Enum>
                <Set Name="D3DDEVTYPE_HAL"         		Value="1" />
                <Set Name="D3DDEVTYPE_REF"         		Value="2" />
                <Set Name="D3DDEVTYPE_SW"          		Value="3" />
                <Set Name="D3DDEVTYPE_NULLREF"     		Value="4" />
            </Enum>
        </Variable>

        <!-- D3DRESOURCETYPE -->
        <Variable Name="D3DRESOURCETYPE" Type="Alias" Base="UINT">
            <Enum>
                <Set Name="D3DRTYPE_SURFACE"                		Value="1" />
                <Set Name="D3DRTYPE_VOLUME"                 		Value="2" />
                <Set Name="D3DRTYPE_TEXTURE"                		Value="3" />
                <Set Name="D3DRTYPE_VOLUMETEXTURE"          		Value="4" />
                <Set Name="D3DRTYPE_CUBETEXTURE"            		Value="5" />
                <Set Name="D3DRTYPE_VERTEXBUFFER"           		Value="6" />
                <Set Name="D3DRTYPE_INDEXBUFFER"            		Value="7" />
            </Enum>
        </Variable>

        <!-- D3DMULTISAMPLE_TYPE -->
        <Variable Name="D3DMULTISAMPLE_TYPE" Type="Alias" Base="UINT">
            <Enum>
                <Set Name="D3DMULTISAMPLE_NONE"            		Value="0" />
                <Set Name="D3DMULTISAMPLE_NONMASKABLE"     		Value="1" />
                <Set Name="D3DMULTISAMPLE_2_SAMPLES"       		Value="2" />
                <Set Name="D3DMULTISAMPLE_3_SAMPLES"       		Value="3" />
                <Set Name="D3DMULTISAMPLE_4_SAMPLES"       		Value="4" />
                <Set Name="D3DMULTISAMPLE_5_SAMPLES"       		Value="5" />
                <Set Name="D3DMULTISAMPLE_6_SAMPLES"       		Value="6" />
                <Set Name="D3DMULTISAMPLE_7_SAMPLES"       		Value="7" />
                <Set Name="D3DMULTISAMPLE_8_SAMPLES"       		Value="8" />
                <Set Name="D3DMULTISAMPLE_9_SAMPLES"       		Value="9" />
                <Set Name="D3DMULTISAMPLE_10_SAMPLES"      		Value="10" />
                <Set Name="D3DMULTISAMPLE_11_SAMPLES"      		Value="11" />
                <Set Name="D3DMULTISAMPLE_12_SAMPLES"      		Value="12" />
                <Set Name="D3DMULTISAMPLE_13_SAMPLES"      		Value="13" />
                <Set Name="D3DMULTISAMPLE_14_SAMPLES"      		Value="14" />
                <Set Name="D3DMULTISAMPLE_15_SAMPLES"      		Value="15" />
                <Set Name="D3DMULTISAMPLE_16_SAMPLES"      		Value="16" />
            </Enum>
        </Variable>

        <!-- D3DBACKBUFFER_TYPE -->
        <Variable Name="D3DBACKBUFFER_TYPE" Type="Alias" Base="UINT">
            <Enum>
                <Set Name="D3DBACKBUFFER_TYPE_MONO"         		Value="0" />
                <Set Name="D3DBACKBUFFER_TYPE_LEFT"         		Value="1" />
                <Set Name="D3DBACKBUFFER_TYPE_RIGHT"        		Value="2" />
            </Enum>
        </Variable>

        <!-- D3DQUERYTYPE -->
        <Variable Name="D3DQUERYTYPE" Type="Alias" Base="UINT">
            <Enum>
                <Set Name="D3DQUERYTYPE_VCACHE"                 		Value="4" />
                <Set Name="D3DQUERYTYPE_RESOURCEMANAGER"        		Value="5" />
                <Set Name="D3DQUERYTYPE_VERTEXSTATS"            		Value="6" />
                <Set Name="D3DQUERYTYPE_EVENT"                  		Value="8" />
                <Set Name="D3DQUERYTYPE_OCCLUSION"              		Value="9" />
                <Set Name="D3DQUERYTYPE_TIMESTAMP"              		Value="10" />
                <Set Name="D3DQUERYTYPE_TIMESTAMPDISJOINT"      		Value="11" />
                <Set Name="D3DQUERYTYPE_TIMESTAMPFREQ"          		Value="12" />
                <Set Name="D3DQUERYTYPE_PIPELINETIMINGS"        		Value="13" />
                <Set Name="D3DQUERYTYPE_INTERFACETIMINGS"       		Value="14" />
                <Set Name="D3DQUERYTYPE_VERTEXTIMINGS"          		Value="15" />
                <Set Name="D3DQUERYTYPE_PIXELTIMINGS"           		Value="16" />
                <Set Name="D3DQUERYTYPE_BANDWIDTHTIMINGS"       		Value="17" />
                <Set Name="D3DQUERYTYPE_CACHEUTILIZATION"       		Value="18" />
                <Set Name="D3DQUERYTYPE_MEMORYPRESSURE"         		Value="19" />
            </Enum>
        </Variable>

        <!-- D3DDISPLAYROTATION -->
        <Variable Name="D3DDISPLAYROTATION" Type="Alias" Base="UINT">
            <Enum>
                <Set Name="D3DDISPLAYROTATION_IDENTITY" 		Value="1" />
                <Set Name="D3DDISPLAYROTATION_90"       		Value="2" />
                <Set Name="D3DDISPLAYROTATION_180"      		Value="3" />
                <Set Name="D3DDISPLAYROTATION_270"      		Value="4" />
            </Enum>
        </Variable>
        <Variable Name="D3DDISPLAYROTATION*" Type="Pointer" Base="D3DDISPLAYROTATION" />

        <!-- D3DTEXTUREFILTERTYPE -->
        <Variable Name="D3DTEXTUREFILTERTYPE" Type="Alias" Base="UINT">
            <Enum>
                <Set Name="D3DTEXF_NONE"            		Value="0" />
                <Set Name="D3DTEXF_POINT"           		Value="1" />
                <Set Name="D3DTEXF_LINEAR"          		Value="2" />
                <Set Name="D3DTEXF_ANISOTROPIC"     		Value="3" />
                <Set Name="D3DTEXF_PYRAMIDALQUAD"   		Value="6" />
                <Set Name="D3DTEXF_GAUSSIANQUAD"    		Value="7" />
                <Set Name="D3DTEXF_CONVOLUTIONMONO" 		Value="8" />
            </Enum>
        </Variable>

        <!-- D3DCUBEMAP_FACES -->
        <Variable Name="D3DCUBEMAP_FACES" Type="Alias" Base="UINT">
            <Enum>
                <Set Name="D3DCUBEMAP_FACE_POSITIVE_X"     		Value="0" />
                <Set Name="D3DCUBEMAP_FACE_NEGATIVE_X"     		Value="1" />
                <Set Name="D3DCUBEMAP_FACE_POSITIVE_Y"     		Value="2" />
                <Set Name="D3DCUBEMAP_FACE_NEGATIVE_Y"     		Value="3" />
                <Set Name="D3DCUBEMAP_FACE_POSITIVE_Z"     		Value="4" />
                <Set Name="D3DCUBEMAP_FACE_NEGATIVE_Z"     		Value="5" />
            </Enum>
        </Variable>

        <!-- D3DCOMPOSERECTSOP -->
        <Variable Name="D3DCOMPOSERECTSOP"      Type="Alias"    Base="UINT">
            <Enum>
                <Set Name="D3DCOMPOSERECTS_COPY"     		Value="1" />
                <Set Name="D3DCOMPOSERECTS_OR"       		Value="2" />
                <Set Name="D3DCOMPOSERECTS_AND"      		Value="3" />
                <Set Name="D3DCOMPOSERECTS_NEG"      		Value="4" />
            </Enum>
        </Variable>

        <!-- D3DAUTHENTICATEDCHANNELTYPE -->
        <Variable Name="D3DAUTHENTICATEDCHANNELTYPE" Type="Alias" Base="UINT">
            <Enum>
                <Set Name="D3DAUTHENTICATEDCHANNEL_D3D9"            		Value="1" />
                <Set Name="D3DAUTHENTICATEDCHANNEL_DRIVER_SOFTWARE" 		Value="2" />
                <Set Name="D3DAUTHENTICATEDCHANNEL_DRIVER_HARDWARE" 		Value="3" />
            </Enum>
        </Variable>

        <!-- D3DTRANSFORMSTATETYPE -->
        <Variable Name="D3DTRANSFORMSTATETYPE" Type="Alias" Base="UINT">
            <Enum>
                <Set Name="D3DTS_VIEW"          		Value="2" />
                <Set Name="D3DTS_PROJECTION"    		Value="3" />
                <Set Name="D3DTS_TEXTURE0"      		Value="16" />
                <Set Name="D3DTS_TEXTURE1"      		Value="17" />
                <Set Name="D3DTS_TEXTURE2"      		Value="18" />
                <Set Name="D3DTS_TEXTURE3"      		Value="19" />
                <Set Name="D3DTS_TEXTURE4"      		Value="20" />
                <Set Name="D3DTS_TEXTURE5"      		Value="21" />
                <Set Name="D3DTS_TEXTURE6"      		Value="22" />
                <Set Name="D3DTS_TEXTURE7"      		Value="23" />
            </Enum>
        </Variable>

        <!-- D3DRENDERSTATETYPE -->
        <Variable Name="D3DRENDERSTATETYPE" Type="Alias" Base="UINT">
            <Enum>
                <Set Name="D3DRS_ZENABLE"                   		Value="7" />
                <Set Name="D3DRS_FILLMODE"                  		Value="8" />
                <Set Name="D3DRS_SHADEMODE"                 		Value="9" />
                <Set Name="D3DRS_ZWRITEENABLE"              		Value="14" />
                <Set Name="D3DRS_ALPHATESTENABLE"           		Value="15" />
                <Set Name="D3DRS_LASTPIXEL"                 		Value="16" />
                <Set Name="D3DRS_SRCBLEND"                  		Value="19" />
                <Set Name="D3DRS_DESTBLEND"                 		Value="20" />
                <Set Name="D3DRS_CULLMODE"                  		Value="22" />
                <Set Name="D3DRS_ZFUNC"                     		Value="23" />
                <Set Name="D3DRS_ALPHAREF"                  		Value="24" />
                <Set Name="D3DRS_ALPHAFUNC"                 		Value="25" />
                <Set Name="D3DRS_DITHERENABLE"              		Value="26" />
                <Set Name="D3DRS_ALPHABLENDENABLE"          		Value="27" />
                <Set Name="D3DRS_FOGENABLE"                 		Value="28" />
                <Set Name="D3DRS_SPECULARENABLE"            		Value="29" />
                <Set Name="D3DRS_FOGCOLOR"                  		Value="34" />
                <Set Name="D3DRS_FOGTABLEMODE"              		Value="35" />
                <Set Name="D3DRS_FOGSTART"                  		Value="36" />
                <Set Name="D3DRS_FOGEND"                    		Value="37" />
                <Set Name="D3DRS_FOGDENSITY"                		Value="38" />
                <Set Name="D3DRS_RANGEFOGENABLE"            		Value="48" />
                <Set Name="D3DRS_STENCILENABLE"             		Value="52" />
                <Set Name="D3DRS_STENCILFAIL"               		Value="53" />
                <Set Name="D3DRS_STENCILZFAIL"              		Value="54" />
                <Set Name="D3DRS_STENCILPASS"               		Value="55" />
                <Set Name="D3DRS_STENCILFUNC"               		Value="56" />
                <Set Name="D3DRS_STENCILREF"                		Value="57" />
                <Set Name="D3DRS_STENCILMASK"               		Value="58" />
                <Set Name="D3DRS_STENCILWRITEMASK"          		Value="59" />
                <Set Name="D3DRS_TEXTUREFACTOR"             		Value="60" />
                <Set Name="D3DRS_WRAP0"                     		Value="128" />
                <Set Name="D3DRS_WRAP1"                     		Value="129" />
                <Set Name="D3DRS_WRAP2"                     		Value="130" />
                <Set Name="D3DRS_WRAP3"                     		Value="131" />
                <Set Name="D3DRS_WRAP4"                     		Value="132" />
                <Set Name="D3DRS_WRAP5"                     		Value="133" />
                <Set Name="D3DRS_WRAP6"                     		Value="134" />
                <Set Name="D3DRS_WRAP7"                     		Value="135" />
                <Set Name="D3DRS_CLIPPING"                  		Value="136" />
                <Set Name="D3DRS_LIGHTING"                  		Value="137" />
                <Set Name="D3DRS_AMBIENT"                   		Value="139" />
                <Set Name="D3DRS_FOGVERTEXMODE"             		Value="140" />
                <Set Name="D3DRS_COLORVERTEX"               		Value="141" />
                <Set Name="D3DRS_LOCALVIEWER"               		Value="142" />
                <Set Name="D3DRS_NORMALIZENORMALS"          		Value="143" />
                <Set Name="D3DRS_DIFFUSEMATERIALSOURCE"     		Value="145" />
                <Set Name="D3DRS_SPECULARMATERIALSOURCE"    		Value="146" />
                <Set Name="D3DRS_AMBIENTMATERIALSOURCE"     		Value="147" />
                <Set Name="D3DRS_EMISSIVEMATERIALSOURCE"    		Value="148" />
                <Set Name="D3DRS_VERTEXBLEND"               		Value="151" />
                <Set Name="D3DRS_CLIPPLANEENABLE"           		Value="152" />
                <Set Name="D3DRS_POINTSIZE"                 		Value="154" />
                <Set Name="D3DRS_POINTSIZE_MIN"             		Value="155" />
                <Set Name="D3DRS_POINTSPRITEENABLE"         		Value="156" />
                <Set Name="D3DRS_POINTSCALEENABLE"          		Value="157" />
                <Set Name="D3DRS_POINTSCALE_A"              		Value="158" />
                <Set Name="D3DRS_POINTSCALE_B"              		Value="159" />
                <Set Name="D3DRS_POINTSCALE_C"              		Value="160" />
                <Set Name="D3DRS_MULTISAMPLEANTIALIAS"      		Value="161" />
                <Set Name="D3DRS_MULTISAMPLEMASK"           		Value="162" />
                <Set Name="D3DRS_PATCHEDGESTYLE"            		Value="163" />
                <Set Name="D3DRS_DEBUGMONITORTOKEN"         		Value="165" />
                <Set Name="D3DRS_POINTSIZE_MAX"             		Value="166" />
                <Set Name="D3DRS_INDEXEDVERTEXBLENDENABLE"  		Value="167" />
                <Set Name="D3DRS_COLORWRITEENABLE"          		Value="168" />
                <Set Name="D3DRS_TWEENFACTOR"               		Value="170" />
                <Set Name="D3DRS_BLENDOP"                   		Value="171" />
                <Set Name="D3DRS_POSITIONDEGREE"            		Value="172" />
                <Set Name="D3DRS_NORMALDEGREE"              		Value="173" />
                <Set Name="D3DRS_SCISSORTESTENABLE"         		Value="174" />
                <Set Name="D3DRS_SLOPESCALEDEPTHBIAS"       		Value="175" />
                <Set Name="D3DRS_ANTIALIASEDLINEENABLE"     		Value="176" />
                <Set Name="D3DRS_MINTESSELLATIONLEVEL"      		Value="178" />
                <Set Name="D3DRS_MAXTESSELLATIONLEVEL"      		Value="179" />
                <Set Name="D3DRS_ADAPTIVETESS_X"            		Value="180" />
                <Set Name="D3DRS_ADAPTIVETESS_Y"            		Value="181" />
                <Set Name="D3DRS_ADAPTIVETESS_Z"            		Value="182" />
                <Set Name="D3DRS_ADAPTIVETESS_W"            		Value="183" />
                <Set Name="D3DRS_ENABLEADAPTIVETESSELLATION" 		Value="184" />
                <Set Name="D3DRS_TWOSIDEDSTENCILMODE"       		Value="185" />
                <Set Name="D3DRS_CCW_STENCILFAIL"           		Value="186" />
                <Set Name="D3DRS_CCW_STENCILZFAIL"          		Value="187" />
                <Set Name="D3DRS_CCW_STENCILPASS"           		Value="188" />
                <Set Name="D3DRS_CCW_STENCILFUNC"           		Value="189" />
                <Set Name="D3DRS_COLORWRITEENABLE1"         		Value="190" />
                <Set Name="D3DRS_COLORWRITEENABLE2"         		Value="191" />
                <Set Name="D3DRS_COLORWRITEENABLE3"         		Value="192" />
                <Set Name="D3DRS_BLENDFACTOR"               		Value="193" />
                <Set Name="D3DRS_SRGBWRITEENABLE"           		Value="194" />
                <Set Name="D3DRS_DEPTHBIAS"                 		Value="195" />
                <Set Name="D3DRS_WRAP8"                     		Value="198" />
                <Set Name="D3DRS_WRAP9"                     		Value="199" />
                <Set Name="D3DRS_WRAP10"                    		Value="200" />
                <Set Name="D3DRS_WRAP11"                    		Value="201" />
                <Set Name="D3DRS_WRAP12"                    		Value="202" />
                <Set Name="D3DRS_WRAP13"                    		Value="203" />
                <Set Name="D3DRS_WRAP14"                    		Value="204" />
                <Set Name="D3DRS_WRAP15"                    		Value="205" />
                <Set Name="D3DRS_SEPARATEALPHABLENDENABLE"  		Value="206" />
                <Set Name="D3DRS_SRCBLENDALPHA"             		Value="207" />
                <Set Name="D3DRS_DESTBLENDALPHA"            		Value="208" />
                <Set Name="D3DRS_BLENDOPALPHA"              		Value="209" />
            </Enum>
        </Variable>

        <!-- D3DSTATEBLOCKTYPE -->
        <Variable Name="D3DSTATEBLOCKTYPE" Type="Alias" Base="UINT">
            <Enum>
                <Set Name="D3DSBT_ALL"           		Value="1" />
                <Set Name="D3DSBT_PIXELSTATE"    		Value="2" />
                <Set Name="D3DSBT_VERTEXSTATE"   		Value="3" />
            </Enum>
        </Variable>

        <!-- D3DTEXTURESTAGESTATETYPE -->
        <Variable Name="D3DTEXTURESTAGESTATETYPE" Type="Alias" Base="UINT">
            <Enum>
                <Set Name="D3DTSS_COLOROP"        		Value="1" />
                <Set Name="D3DTSS_COLORARG1"      		Value="2" />
                <Set Name="D3DTSS_COLORARG2"      		Value="3" />
                <Set Name="D3DTSS_ALPHAOP"        		Value="4" />
                <Set Name="D3DTSS_ALPHAARG1"      		Value="5" />
                <Set Name="D3DTSS_ALPHAARG2"      		Value="6" />
                <Set Name="D3DTSS_BUMPENVMAT00"   		Value="7" />
                <Set Name="D3DTSS_BUMPENVMAT01"   		Value="8" />
                <Set Name="D3DTSS_BUMPENVMAT10"   		Value="9" />
                <Set Name="D3DTSS_BUMPENVMAT11"   		Value="10" />
                <Set Name="D3DTSS_TEXCOORDINDEX"  		Value="11" />
                <Set Name="D3DTSS_BUMPENVLSCALE"  		Value="22" />
                <Set Name="D3DTSS_BUMPENVLOFFSET" 		Value="23" />
                <Set Name="D3DTSS_TEXTURETRANSFORMFLAGS" 		Value="24" />
                <Set Name="D3DTSS_COLORARG0"      		Value="26" />
                <Set Name="D3DTSS_ALPHAARG0"      		Value="27" />
                <Set Name="D3DTSS_RESULTARG"      		Value="28" />
                <Set Name="D3DTSS_CONSTANT"       		Value="32" />
            </Enum>
        </Variable>

        <!-- D3DSAMPLERSTATETYPE -->
        <Variable Name="D3DSAMPLERSTATETYPE" Type="Alias" Base="UINT">
            <Enum>
                <Set Name="D3DSAMP_ADDRESSU"       		Value="1" />
                <Set Name="D3DSAMP_ADDRESSV"       		Value="2" />
                <Set Name="D3DSAMP_ADDRESSW"       		Value="3" />
                <Set Name="D3DSAMP_BORDERCOLOR"    		Value="4" />
                <Set Name="D3DSAMP_MAGFILTER"      		Value="5" />
                <Set Name="D3DSAMP_MINFILTER"      		Value="6" />
                <Set Name="D3DSAMP_MIPFILTER"      		Value="7" />
                <Set Name="D3DSAMP_MIPMAPLODBIAS"  		Value="8" />
                <Set Name="D3DSAMP_MAXMIPLEVEL"    		Value="9" />
                <Set Name="D3DSAMP_MAXANISOTROPY"  		Value="10" />
                <Set Name="D3DSAMP_SRGBTEXTURE"    		Value="11" />
                <Set Name="D3DSAMP_ELEMENTINDEX"   		Value="12" />
                <Set Name="D3DSAMP_DMAPOFFSET"     		Value="13" />
            </Enum>
        </Variable>

        <!-- D3DPRIMITIVETYPE -->
        <Variable Name="D3DPRIMITIVETYPE" Type="Alias" Base="UINT">
            <Enum>
                <Set Name="D3DPT_POINTLIST"             		Value="1" />
                <Set Name="D3DPT_LINELIST"              		Value="2" />
                <Set Name="D3DPT_LINESTRIP"             		Value="3" />
                <Set Name="D3DPT_TRIANGLELIST"          		Value="4" />
                <Set Name="D3DPT_TRIANGLESTRIP"         		Value="5" />
                <Set Name="D3DPT_TRIANGLEFAN"           		Value="6" />
            </Enum>
        </Variable>

        <!-- D3DADAPTER_IDENTIFIER9 -->
        <Variable Name="D3DADAPTER_IDENTIFIER9" Type="Struct" Pack32="4">
            <Field Type="char [MAX_DEVICE_IDENTIFIER_STRING]"   Name="Driver" />
            <Field Type="char [MAX_DEVICE_IDENTIFIER_STRING]"   Name="Description" />
            <Field Type="char [32]"                             Name="DeviceName" />
            <Field Type="LARGE_INTEGER"                         Name="DriverVersion" />
            <Field Type="DWORD"                                 Name="VendorId" />
            <Field Type="DWORD"                                 Name="DeviceId" />
            <Field Type="DWORD"                                 Name="SubSysId" />
            <Field Type="DWORD"                                 Name="Revision" />
            <Field Type="GUID"                                  Name="DeviceIdentifier" />
            <Field Type="DWORD"                                 Name="WHQLLevel" />
        </Variable>
        <Variable Name="D3DADAPTER_IDENTIFIER9*" Type="Pointer" Base="D3DADAPTER_IDENTIFIER9" />

        <!-- D3D_OMAC -->
        <Variable Name="D3D_OMAC" Type="Struct">
            <Field Type="BYTE [D3D_OMAC_SIZE]" Name="Omac" />
        </Variable>

        <!-- D3DAUTHENTICATEDCHANNEL_CONFIGURE_OUTPUT -->
        <Variable Name="D3DAUTHENTICATEDCHANNEL_CONFIGURE_OUTPUT" Type="Struct">
            <Field Type="D3D_OMAC"      Name="omac" />
            <Field Type="GUID"          Name="ConfigureType" />
            <Field Type="HANDLE"        Name="hChannel" />
            <Field Type="UINT"          Name="SequenceNumber" />
            <Field Type="HRESULT"       Name="ReturnCode" />
        </Variable>
        <Variable Name="D3DAUTHENTICATEDCHANNEL_CONFIGURE_OUTPUT*" Type="Pointer" Base="D3DAUTHENTICATEDCHANNEL_CONFIGURE_OUTPUT" />

        <!-- D3DGAMMARAMP -->
        <Variable Name="D3DGAMMARAMP" Type="Struct" Pack32="4">
            <Field Type="WORD [256]"    Name="red"   />
            <Field Type="WORD [256]"    Name="green" />
            <Field Type="WORD [256]"    Name="blue"  />
        </Variable>
        <Variable Name="D3DGAMMARAMP*"          Type="Pointer" Base="D3DGAMMARAMP" />
        <Variable Name="CONST D3DGAMMARAMP*"    Type="Pointer" Base="D3DGAMMARAMP" />

        <!-- D3DMATRIX -->
        <!-- TODO: This structure has union elements that we are not decoding (not really useful) -->
        <Variable Name="D3DMATRIX" Type="Struct" Pack32="4">
            <Field Type="float [4][4]" Name="m" />
        </Variable>
        <Variable Name="D3DMATRIX*"         Type="Pointer" Base="D3DMATRIX" />
        <Variable Name="CONST D3DMATRIX*"   Type="Pointer" Base="D3DMATRIX" />

        <!-- D3DDISPLAYMODE -->
        <Variable Name="D3DDISPLAYMODE" Type="Struct" Pack32="4">
            <Field Type="UINT"                Name="Width" />
            <Field Type="UINT"                Name="Height" />
            <Field Type="UINT"                Name="RefreshRate" />
            <Field Type="D3DFORMAT"           Name="Format" />
        </Variable>
        <Variable Name="D3DDISPLAYMODE*" Type="Pointer" Base="D3DDISPLAYMODE" />

        <!-- [D3DVS20CAPS] -->
        <Variable Name="[D3DVS20CAPS]" Type="Alias" Base="DWORD">
            <Display Name="DWORD" />
            <Flag>
                <Set Name="D3DVS20CAPS_PREDICATION" Value="0x01" />
            </Flag>
        </Variable>

        <!-- D3DVSHADERCAPS2_0 -->
        <Variable Name="D3DVSHADERCAPS2_0" Type="Struct" Pack32="4">
            <Field Type="[D3DVS20CAPS]"     Name="Caps" />
            <Field Type="INT"               Name="DynamicFlowControlDepth" />
            <Field Type="INT"               Name="NumTemps" />
            <Field Type="INT"               Name="StaticFlowControlDepth" />
        </Variable>

        <!-- [D3DPS20CAPS] -->
        <Variable Name="[D3DPS20CAPS]" Type="Alias" Base="DWORD">
            <Display Name="DWORD" />
            <Flag>
                <Set Name="D3DPS20CAPS_ARBITRARYSWIZZLE"        Value="0x01" />
                <Set Name="D3DPS20CAPS_GRADIENTINSTRUCTIONS"    Value="0x02" />
                <Set Name="D3DPS20CAPS_PREDICATION"             Value="0x04" />
                <Set Name="D3DPS20CAPS_NODEPENDENTREADLIMIT"    Value="0x08" />
                <Set Name="D3DPS20CAPS_NOTEXINSTRUCTIONLIMIT"   Value="0x10" />
            </Flag>
        </Variable>

        <!-- D3DPSHADERCAPS2_0 -->
        <Variable Name="D3DPSHADERCAPS2_0" Type="Struct" Pack32="4">
            <Field Type="[D3DPS20CAPS]" 	Name="Caps" />
            <Field Type="INT" 	            Name="DynamicFlowControlDepth" />
            <Field Type="INT" 	            Name="NumTemps" />
            <Field Type="INT" 	            Name="StaticFlowControlDepth" />
            <Field Type="INT" 	            Name="NumInstructionSlots" />
        </Variable>

        <!-- [D3DCAPS] -->
        <Variable Name="[D3DCAPS]" Type="Alias" Base="DWORD">
            <Display Name="DWORD" />
            <Flag>
                <Set Name="D3DCAPS_OVERLAY"         Value="0x00000800" />
                <Set Name="D3DCAPS_READ_SCANLINE"   Value="0x00020000" />
            </Flag>
        </Variable>

        <!-- [D3DCAPS2] -->
        <Variable Name="[D3DCAPS2]" Type="Alias" Base="DWORD">
            <Display Name="DWORD" />
            <Flag>
                <Set Name="D3DCAPS2_NO2DDURING3DSCENE"      Value="0x00000002" />
                <Set Name="D3DCAPS2_FULLSCREENGAMMA"        Value="0x00020000" />
                <Set Name="D3DCAPS2_CANCALIBRATEGAMMA"      Value="0x00100000" />
                <Set Name="D3DCAPS2_RESERVED"               Value="0x02000000" />
                <Set Name="D3DCAPS2_CANMANAGERESOURCE"      Value="0x10000000" />
                <Set Name="D3DCAPS2_DYNAMICTEXTURES"        Value="0x20000000" />
                <Set Name="D3DCAPS2_CANAUTOGENMIPMAP"       Value="0x40000000" />
                <Set Name="D3DCAPS2_CANSHARERESOURCE"       Value="0x80000000" />
            </Flag>
        </Variable>

        <!-- [D3DCAPS3] -->
        <Variable Name="[D3DCAPS3]" Type="Alias" Base="DWORD">
            <Display Name="DWORD" />
            <Flag>
                <Set Name="D3DCAPS3_RESERVED"                               Value="0x8000001f" />
                <Set Name="D3DCAPS3_ALPHA_FULLSCREEN_FLIP_OR_DISCARD"       Value="0x00000020" />
                <Set Name="D3DCAPS3_COPY_TO_VIDMEM"                         Value="0x00000100" />
                <Set Name="D3DCAPS3_COPY_TO_SYSTEMMEM"                      Value="0x00000200" />
                <Set Name="D3DCAPS3_DXVAHD"                                 Value="0x00000400" />
            </Flag>
        </Variable>

        <!-- [D3DPRESENT] -->
        <Variable Name="[D3DPRESENT]" Type="Alias" Base="DWORD">
            <Display Name="DWORD" />
            <Flag>
                <Set Name="D3DPRESENT_INTERVAL_DEFAULT"         Value="0x00000000" />
                <Set Name="D3DPRESENT_INTERVAL_ONE"             Value="0x00000001" />
                <Set Name="D3DPRESENT_INTERVAL_TWO"             Value="0x00000002" />
                <Set Name="D3DPRESENT_INTERVAL_THREE"           Value="0x00000004" />
                <Set Name="D3DPRESENT_INTERVAL_FOUR"            Value="0x00000008" />
                <Set Name="D3DPRESENT_INTERVAL_IMMEDIATE"       Value="0x80000000" />
            </Flag>
        </Variable>

        <!-- [D3DCURSORCAPS] -->
        <Variable Name="[D3DCURSORCAPS]" Type="Alias" Base="DWORD">
            <Display Name="DWORD" />
            <Flag>
                <Set Name="D3DCURSORCAPS_COLOR"     Value="0x00000001" />
                <Set Name="D3DCURSORCAPS_LOWRES"    Value="0x00000002" />
            </Flag>
        </Variable>

        <!-- [D3DDEVCAPS] -->
        <Variable Name="[D3DDEVCAPS]" Type="Alias" Base="DWORD">
            <Display Name="DWORD" />
            <Flag>
                <Set Name="D3DDEVCAPS_EXECUTESYSTEMMEMORY"          Value="0x00000010" />
                <Set Name="D3DDEVCAPS_EXECUTEVIDEOMEMORY"           Value="0x00000020" />
                <Set Name="D3DDEVCAPS_TLVERTEXSYSTEMMEMORY"         Value="0x00000040" />
                <Set Name="D3DDEVCAPS_TLVERTEXVIDEOMEMORY"          Value="0x00000080" />
                <Set Name="D3DDEVCAPS_TEXTURESYSTEMMEMORY"          Value="0x00000100" />
                <Set Name="D3DDEVCAPS_TEXTUREVIDEOMEMORY"           Value="0x00000200" />
                <Set Name="D3DDEVCAPS_DRAWPRIMTLVERTEX"             Value="0x00000400" />
                <Set Name="D3DDEVCAPS_CANRENDERAFTERFLIP"           Value="0x00000800" />
                <Set Name="D3DDEVCAPS_TEXTURENONLOCALVIDMEM"        Value="0x00001000" />
                <Set Name="D3DDEVCAPS_DRAWPRIMITIVES2"              Value="0x00002000" />
                <Set Name="D3DDEVCAPS_SEPARATETEXTUREMEMORIES"      Value="0x00004000" />
                <Set Name="D3DDEVCAPS_DRAWPRIMITIVES2EX"            Value="0x00008000" />
                <Set Name="D3DDEVCAPS_HWTRANSFORMANDLIGHT"          Value="0x00010000" />
                <Set Name="D3DDEVCAPS_CANBLTSYSTONONLOCAL"          Value="0x00020000" />
                <Set Name="D3DDEVCAPS_HWRASTERIZATION"              Value="0x00080000" />
                <Set Name="D3DDEVCAPS_PUREDEVICE"                   Value="0x00100000" />
                <Set Name="D3DDEVCAPS_QUINTICRTPATCHES"             Value="0x00200000" />
                <Set Name="D3DDEVCAPS_RTPATCHES"                    Value="0x00400000" />
                <Set Name="D3DDEVCAPS_RTPATCHHANDLEZERO"            Value="0x00800000" />
                <Set Name="D3DDEVCAPS_NPATCHES"                     Value="0x01000000" />
            </Flag>
        </Variable>

        <!-- [D3DPMISCCAPS] -->
        <Variable Name="[D3DPMISCCAPS]" Type="Alias" Base="DWORD">
            <Display Name="DWORD" />
            <Flag>
                <Set Name="D3DPMISCCAPS_MASKZ"                              Value="0x00000002" />
                <Set Name="D3DPMISCCAPS_CULLNONE"                           Value="0x00000010" />
                <Set Name="D3DPMISCCAPS_CULLCW"                             Value="0x00000020" />
                <Set Name="D3DPMISCCAPS_CULLCCW"                            Value="0x00000040" />
                <Set Name="D3DPMISCCAPS_COLORWRITEENABLE"                   Value="0x00000080" />
                <Set Name="D3DPMISCCAPS_CLIPPLANESCALEDPOINTS"              Value="0x00000100" />
                <Set Name="D3DPMISCCAPS_CLIPTLVERTS"                        Value="0x00000200" />
                <Set Name="D3DPMISCCAPS_TSSARGTEMP"                         Value="0x00000400" />
                <Set Name="D3DPMISCCAPS_BLENDOP"                            Value="0x00000800" />
                <Set Name="D3DPMISCCAPS_NULLREFERENCE"                      Value="0x00001000" />
                <Set Name="D3DPMISCCAPS_INDEPENDENTWRITEMASKS"              Value="0x00004000" />
                <Set Name="D3DPMISCCAPS_PERSTAGECONSTANT"                   Value="0x00008000" />
                <Set Name="D3DPMISCCAPS_FOGANDSPECULARALPHA"                Value="0x00010000" />
                <Set Name="D3DPMISCCAPS_SEPARATEALPHABLEND"                 Value="0x00020000" />
                <Set Name="D3DPMISCCAPS_MRTINDEPENDENTBITDEPTHS"            Value="0x00040000" />
                <Set Name="D3DPMISCCAPS_MRTPOSTPIXELSHADERBLENDING"         Value="0x00080000" />
                <Set Name="D3DPMISCCAPS_FOGVERTEXCLAMPED"                   Value="0x00100000" />
                <Set Name="D3DPMISCCAPS_POSTBLENDSRGBCONVERT"               Value="0x00200000" />
            </Flag>
        </Variable>

        <!-- [D3DLINECAPS] -->
        <Variable Name="[D3DLINECAPS]" Type="Alias" Base="DWORD">
            <Display Name="DWORD" />
            <Flag>
                <Set Name="D3DLINECAPS_TEXTURE"         Value="0x00000001" />
                <Set Name="D3DLINECAPS_ZTEST"           Value="0x00000002" />
                <Set Name="D3DLINECAPS_BLEND"           Value="0x00000004" />
                <Set Name="D3DLINECAPS_ALPHACMP"        Value="0x00000008" />
                <Set Name="D3DLINECAPS_FOG"             Value="0x00000010" />
                <Set Name="D3DLINECAPS_ANTIALIAS"       Value="0x00000020" />
            </Flag>
        </Variable>

        <!-- [D3DPRASTERCAPS] -->
        <Variable Name="[D3DPRASTERCAPS]" Type="Alias" Base="DWORD">
            <Display Name="DWORD" />
            <Flag>
                <Set Name="D3DPRASTERCAPS_DITHER"                   Value="0x00000001" />
                <Set Name="D3DPRASTERCAPS_ZTEST"                    Value="0x00000010" />
                <Set Name="D3DPRASTERCAPS_FOGVERTEX"                Value="0x00000080" />
                <Set Name="D3DPRASTERCAPS_FOGTABLE"                 Value="0x00000100" />
                <Set Name="D3DPRASTERCAPS_MIPMAPLODBIAS"            Value="0x00002000" />
                <Set Name="D3DPRASTERCAPS_ZBUFFERLESSHSR"           Value="0x00008000" />
                <Set Name="D3DPRASTERCAPS_FOGRANGE"                 Value="0x00010000" />
                <Set Name="D3DPRASTERCAPS_ANISOTROPY"               Value="0x00020000" />
                <Set Name="D3DPRASTERCAPS_WBUFFER"                  Value="0x00040000" />
                <Set Name="D3DPRASTERCAPS_WFOG"                     Value="0x00100000" />
                <Set Name="D3DPRASTERCAPS_ZFOG"                     Value="0x00200000" />
                <Set Name="D3DPRASTERCAPS_COLORPERSPECTIVE"         Value="0x00400000" />
                <Set Name="D3DPRASTERCAPS_SCISSORTEST"              Value="0x01000000" />
                <Set Name="D3DPRASTERCAPS_SLOPESCALEDEPTHBIAS"      Value="0x02000000" />
                <Set Name="D3DPRASTERCAPS_DEPTHBIAS"                Value="0x04000000" />
                <Set Name="D3DPRASTERCAPS_MULTISAMPLE_TOGGLE"       Value="0x08000000" />
            </Flag>
        </Variable>

        <!-- [D3DPCMPCAPS] -->
        <Variable Name="[D3DPCMPCAPS]" Type="Alias" Base="DWORD">
            <Display Name="DWORD" />
            <Flag>
                <Set Name="D3DPCMPCAPS_NEVER"               Value="0x00000001" />
                <Set Name="D3DPCMPCAPS_LESS"                Value="0x00000002" />
                <Set Name="D3DPCMPCAPS_EQUAL"               Value="0x00000004" />
                <Set Name="D3DPCMPCAPS_LESSEQUAL"           Value="0x00000008" />
                <Set Name="D3DPCMPCAPS_GREATER"             Value="0x00000010" />
                <Set Name="D3DPCMPCAPS_NOTEQUAL"            Value="0x00000020" />
                <Set Name="D3DPCMPCAPS_GREATEREQUAL"        Value="0x00000040" />
                <Set Name="D3DPCMPCAPS_ALWAYS"              Value="0x00000080" />
            </Flag>
        </Variable>

        <!-- [D3DPBLENDCAPS] -->
        <Variable Name="[D3DPBLENDCAPS]" Type="Alias" Base="DWORD">
            <Display Name="DWORD" />
            <Flag>
                <Set Name="D3DPBLENDCAPS_ZERO"                  Value="0x00000001" />
                <Set Name="D3DPBLENDCAPS_ONE"                   Value="0x00000002" />
                <Set Name="D3DPBLENDCAPS_SRCCOLOR"              Value="0x00000004" />
                <Set Name="D3DPBLENDCAPS_INVSRCCOLOR"           Value="0x00000008" />
                <Set Name="D3DPBLENDCAPS_SRCALPHA"              Value="0x00000010" />
                <Set Name="D3DPBLENDCAPS_INVSRCALPHA"           Value="0x00000020" />
                <Set Name="D3DPBLENDCAPS_DESTALPHA"             Value="0x00000040" />
                <Set Name="D3DPBLENDCAPS_INVDESTALPHA"          Value="0x00000080" />
                <Set Name="D3DPBLENDCAPS_DESTCOLOR"             Value="0x00000100" />
                <Set Name="D3DPBLENDCAPS_INVDESTCOLOR"          Value="0x00000200" />
                <Set Name="D3DPBLENDCAPS_SRCALPHASAT"           Value="0x00000400" />
                <Set Name="D3DPBLENDCAPS_BOTHSRCALPHA"          Value="0x00000800" />
                <Set Name="D3DPBLENDCAPS_BOTHINVSRCALPHA"       Value="0x00001000" />
                <Set Name="D3DPBLENDCAPS_BLENDFACTOR"           Value="0x00002000" />
                <Set Name="D3DPBLENDCAPS_SRCCOLOR2"             Value="0x00004000" />
                <Set Name="D3DPBLENDCAPS_INVSRCCOLOR2"          Value="0x00008000" />
            </Flag>
        </Variable>

        <!-- [D3DPSHADECAPS] -->
        <Variable Name="[D3DPSHADECAPS]" Type="Alias" Base="DWORD">
            <Display Name="DWORD" />
            <Flag>
                <Set Name="D3DPSHADECAPS_COLORGOURAUDRGB"       Value="0x00000008" />
                <Set Name="D3DPSHADECAPS_SPECULARGOURAUDRGB"    Value="0x00000200" />
                <Set Name="D3DPSHADECAPS_ALPHAGOURAUDBLEND"     Value="0x00004000" />
                <Set Name="D3DPSHADECAPS_FOGGOURAUD"            Value="0x00080000" />
            </Flag>
        </Variable>

        <!-- [D3DPTEXTURECAPS] -->
        <Variable Name="[D3DPTEXTURECAPS]" Type="Alias" Base="DWORD">
            <Display Name="DWORD" />
            <Flag>
                <Set Name="D3DPTEXTURECAPS_PERSPECTIVE"                 Value="0x00000001" />
                <Set Name="D3DPTEXTURECAPS_POW2"                        Value="0x00000002" />
                <Set Name="D3DPTEXTURECAPS_ALPHA"                       Value="0x00000004" />
                <Set Name="D3DPTEXTURECAPS_SQUAREONLY"                  Value="0x00000020" />
                <Set Name="D3DPTEXTURECAPS_TEXREPEATNOTSCALEDBYSIZE"    Value="0x00000040" />
                <Set Name="D3DPTEXTURECAPS_ALPHAPALETTE"                Value="0x00000080" />
                <Set Name="D3DPTEXTURECAPS_NONPOW2CONDITIONAL"          Value="0x00000100" />
                <Set Name="D3DPTEXTURECAPS_PROJECTED"                   Value="0x00000400" />
                <Set Name="D3DPTEXTURECAPS_CUBEMAP"                     Value="0x00000800" />
                <Set Name="D3DPTEXTURECAPS_VOLUMEMAP"                   Value="0x00002000" />
                <Set Name="D3DPTEXTURECAPS_MIPMAP"                      Value="0x00004000" />
                <Set Name="D3DPTEXTURECAPS_MIPVOLUMEMAP"                Value="0x00008000" />
                <Set Name="D3DPTEXTURECAPS_MIPCUBEMAP"                  Value="0x00010000" />
                <Set Name="D3DPTEXTURECAPS_CUBEMAP_POW2"                Value="0x00020000" />
                <Set Name="D3DPTEXTURECAPS_VOLUMEMAP_POW2"              Value="0x00040000" />
                <Set Name="D3DPTEXTURECAPS_NOPROJECTEDBUMPENV"          Value="0x00200000" />
            </Flag>
        </Variable>

        <!-- [D3DPTFILTERCAPS] -->
        <Variable Name="[D3DPTFILTERCAPS]" Type="Alias" Base="DWORD">
            <Display Name="DWORD" />
            <Flag>
                <Set Name="D3DPTFILTERCAPS_MINFPOINT"                   Value="0x00000100" />
                <Set Name="D3DPTFILTERCAPS_MINFLINEAR"                  Value="0x00000200" />
                <Set Name="D3DPTFILTERCAPS_MINFANISOTROPIC"             Value="0x00000400" />
                <Set Name="D3DPTFILTERCAPS_MINFPYRAMIDALQUAD"           Value="0x00000800" />
                <Set Name="D3DPTFILTERCAPS_MINFGAUSSIANQUAD"            Value="0x00001000" />
                <Set Name="D3DPTFILTERCAPS_MIPFPOINT"                   Value="0x00010000" />
                <Set Name="D3DPTFILTERCAPS_MIPFLINEAR"                  Value="0x00020000" />
                <Set Name="D3DPTFILTERCAPS_CONVOLUTIONMONO"             Value="0x00040000" />
                <Set Name="D3DPTFILTERCAPS_MAGFPOINT"                   Value="0x01000000" />
                <Set Name="D3DPTFILTERCAPS_MAGFLINEAR"                  Value="0x02000000" />
                <Set Name="D3DPTFILTERCAPS_MAGFANISOTROPIC"             Value="0x04000000" />
                <Set Name="D3DPTFILTERCAPS_MAGFPYRAMIDALQUAD"           Value="0x08000000" />
                <Set Name="D3DPTFILTERCAPS_MAGFGAUSSIANQUAD"            Value="0x10000000" />
            </Flag>
        </Variable>

        <!-- [D3DPTADDRESSCAPS] -->
        <Variable Name="[D3DPTADDRESSCAPS]" Type="Alias" Base="DWORD">
            <Display Name="DWORD" />
            <Flag>
                <Set Name="D3DPTADDRESSCAPS_WRAP"               Value="0x00000001" />
                <Set Name="D3DPTADDRESSCAPS_MIRROR"             Value="0x00000002" />
                <Set Name="D3DPTADDRESSCAPS_CLAMP"              Value="0x00000004" />
                <Set Name="D3DPTADDRESSCAPS_BORDER"             Value="0x00000008" />
                <Set Name="D3DPTADDRESSCAPS_INDEPENDENTUV"      Value="0x00000010" />
                <Set Name="D3DPTADDRESSCAPS_MIRRORONCE"         Value="0x00000020" />
            </Flag>
        </Variable>

        <!-- [D3DSTENCILCAPS] -->
        <Variable Name="[D3DSTENCILCAPS]" Type="Alias" Base="DWORD">
            <Display Name="DWORD" />
            <Flag>
                <Set Name="D3DSTENCILCAPS_KEEP"         Value="0x00000001" />
                <Set Name="D3DSTENCILCAPS_ZERO"         Value="0x00000002" />
                <Set Name="D3DSTENCILCAPS_REPLACE"      Value="0x00000004" />
                <Set Name="D3DSTENCILCAPS_INCRSAT"      Value="0x00000008" />
                <Set Name="D3DSTENCILCAPS_DECRSAT"      Value="0x00000010" />
                <Set Name="D3DSTENCILCAPS_INVERT"       Value="0x00000020" />
                <Set Name="D3DSTENCILCAPS_INCR"         Value="0x00000040" />
                <Set Name="D3DSTENCILCAPS_DECR"         Value="0x00000080" />
                <Set Name="D3DSTENCILCAPS_TWOSIDED"     Value="0x00000100" />
            </Flag>
        </Variable>

        <!-- [D3DTEXOPCAPS] -->
        <Variable Name="[D3DTEXOPCAPS]" Type="Alias" Base="DWORD">
            <Display Name="DWORD" />
            <Flag>
                <Set Name="D3DTEXOPCAPS_DISABLE"                        Value="0x00000001" />
                <Set Name="D3DTEXOPCAPS_SELECTARG1"                     Value="0x00000002" />
                <Set Name="D3DTEXOPCAPS_SELECTARG2"                     Value="0x00000004" />
                <Set Name="D3DTEXOPCAPS_MODULATE"                       Value="0x00000008" />
                <Set Name="D3DTEXOPCAPS_MODULATE2X"                     Value="0x00000010" />
                <Set Name="D3DTEXOPCAPS_MODULATE4X"                     Value="0x00000020" />
                <Set Name="D3DTEXOPCAPS_ADD"                            Value="0x00000040" />
                <Set Name="D3DTEXOPCAPS_ADDSIGNED"                      Value="0x00000080" />
                <Set Name="D3DTEXOPCAPS_ADDSIGNED2X"                    Value="0x00000100" />
                <Set Name="D3DTEXOPCAPS_SUBTRACT"                       Value="0x00000200" />
                <Set Name="D3DTEXOPCAPS_ADDSMOOTH"                      Value="0x00000400" />
                <Set Name="D3DTEXOPCAPS_BLENDDIFFUSEALPHA"              Value="0x00000800" />
                <Set Name="D3DTEXOPCAPS_BLENDTEXTUREALPHA"              Value="0x00001000" />
                <Set Name="D3DTEXOPCAPS_BLENDFACTORALPHA"               Value="0x00002000" />
                <Set Name="D3DTEXOPCAPS_BLENDTEXTUREALPHAPM"            Value="0x00004000" />
                <Set Name="D3DTEXOPCAPS_BLENDCURRENTALPHA"              Value="0x00008000" />
                <Set Name="D3DTEXOPCAPS_PREMODULATE"                    Value="0x00010000" />
                <Set Name="D3DTEXOPCAPS_MODULATEALPHA_ADDCOLOR"         Value="0x00020000" />
                <Set Name="D3DTEXOPCAPS_MODULATECOLOR_ADDALPHA"         Value="0x00040000" />
                <Set Name="D3DTEXOPCAPS_MODULATEINVALPHA_ADDCOLOR"      Value="0x00080000" />
                <Set Name="D3DTEXOPCAPS_MODULATEINVCOLOR_ADDALPHA"      Value="0x00100000" />
                <Set Name="D3DTEXOPCAPS_BUMPENVMAP"                     Value="0x00200000" />
                <Set Name="D3DTEXOPCAPS_BUMPENVMAPLUMINANCE"            Value="0x00400000" />
                <Set Name="D3DTEXOPCAPS_DOTPRODUCT3"                    Value="0x00800000" />
                <Set Name="D3DTEXOPCAPS_MULTIPLYADD"                    Value="0x01000000" />
                <Set Name="D3DTEXOPCAPS_LERP"                           Value="0x02000000" />
            </Flag>
        </Variable>

        <!-- [D3DFVFCAPS] -->
        <Variable Name="[D3DFVFCAPS]" Type="Alias" Base="DWORD">
            <Display Name="DWORD" />
            <Flag>
                <Set Name="D3DFVFCAPS_TEXCOORDCOUNTMASK"        Value="0x0000ffff" />
                <Set Name="D3DFVFCAPS_DONOTSTRIPELEMENTS"       Value="0x00080000" />
                <Set Name="D3DFVFCAPS_PSIZE"                    Value="0x00100000" />
            </Flag>
        </Variable>

        <!-- [D3DVTXPCAPS] -->
        <Variable Name="[D3DVTXPCAPS]" Type="Alias" Base="DWORD">
            <Display Name="DWORD" />
            <Flag>
                <Set Name="D3DVTXPCAPS_TEXGEN"                          Value="0x00000001" />
                <Set Name="D3DVTXPCAPS_MATERIALSOURCE7"                 Value="0x00000002" />
                <Set Name="D3DVTXPCAPS_DIRECTIONALLIGHTS"               Value="0x00000008" />
                <Set Name="D3DVTXPCAPS_POSITIONALLIGHTS"                Value="0x00000010" />
                <Set Name="D3DVTXPCAPS_LOCALVIEWER"                     Value="0x00000020" />
                <Set Name="D3DVTXPCAPS_TWEENING"                        Value="0x00000040" />
                <Set Name="D3DVTXPCAPS_TEXGEN_SPHEREMAP"                Value="0x00000100" />
                <Set Name="D3DVTXPCAPS_NO_TEXGEN_NONLOCALVIEWER"        Value="0x00000200" />
            </Flag>
        </Variable>

        <!-- [D3DDEVCAPS2] -->
        <Variable Name="[D3DDEVCAPS2]" Type="Alias" Base="DWORD">
            <Display Name="DWORD" />
            <Flag>
                <Set Name="D3DDEVCAPS2_STREAMOFFSET"                            Value="0x00000001" />
                <Set Name="D3DDEVCAPS2_DMAPNPATCH"                              Value="0x00000002" />
                <Set Name="D3DDEVCAPS2_ADAPTIVETESSRTPATCH"                     Value="0x00000004" />
                <Set Name="D3DDEVCAPS2_ADAPTIVETESSNPATCH"                      Value="0x00000008" />
                <Set Name="D3DDEVCAPS2_CAN_STRETCHRECT_FROM_TEXTURES"           Value="0x00000010" />
                <Set Name="D3DDEVCAPS2_PRESAMPLEDDMAPNPATCH"                    Value="0x00000020" />
                <Set Name="D3DDEVCAPS2_VERTEXELEMENTSCANSHARESTREAMOFFSET"      Value="0x00000040" />
            </Flag>
        </Variable>

        <!-- [D3DDTCAPS] -->
        <Variable Name="[D3DDTCAPS]" Type="Alias" Base="DWORD">
            <Display Name="DWORD" />
            <Flag>
                <Set Name="D3DDTCAPS_UBYTE4"        Value="0x00000001" />
                <Set Name="D3DDTCAPS_UBYTE4N"       Value="0x00000002" />
                <Set Name="D3DDTCAPS_SHORT2N"       Value="0x00000004" />
                <Set Name="D3DDTCAPS_SHORT4N"       Value="0x00000008" />
                <Set Name="D3DDTCAPS_USHORT2N"      Value="0x00000010" />
                <Set Name="D3DDTCAPS_USHORT4N"      Value="0x00000020" />
                <Set Name="D3DDTCAPS_UDEC3"         Value="0x00000040" />
                <Set Name="D3DDTCAPS_DEC3N"         Value="0x00000080" />
                <Set Name="D3DDTCAPS_FLOAT16_2"     Value="0x00000100" />
                <Set Name="D3DDTCAPS_FLOAT16_4"     Value="0x00000200" />
            </Flag>
        </Variable>

        <!-- D3DCAPS9 -->
        <Variable Name="D3DCAPS9" Type="Struct" Pack32="4">
            <Field Type="D3DDEVTYPE"            Name="DeviceType" />
            <Field Type="UINT"                  Name="AdapterOrdinal" />
            <Field Type="[D3DCAPS]"             Name="Caps" />
            <Field Type="[D3DCAPS2]"            Name="Caps2" />
            <Field Type="[D3DCAPS3]"            Name="Caps3" />
            <Field Type="[D3DPRESENT]"          Name="PresentationIntervals" />
            <Field Type="[D3DCURSORCAPS]"       Name="CursorCaps" />
            <Field Type="[D3DDEVCAPS]"          Name="DevCaps" />
            <Field Type="[D3DPMISCCAPS]"        Name="PrimitiveMiscCaps" />
            <Field Type="[D3DPRASTERCAPS]"      Name="RasterCaps" />
            <Field Type="[D3DPCMPCAPS]"         Name="ZCmpCaps" />
            <Field Type="[D3DPBLENDCAPS]"       Name="SrcBlendCaps" />
            <Field Type="[D3DPBLENDCAPS]"       Name="DestBlendCaps" />
            <Field Type="[D3DPCMPCAPS]"         Name="AlphaCmpCaps" />
            <Field Type="[D3DPSHADECAPS]"       Name="ShadeCaps" />
            <Field Type="[D3DPTEXTURECAPS]"     Name="TextureCaps" />
            <Field Type="[D3DPTFILTERCAPS]"     Name="TextureFilterCaps" />
            <Field Type="[D3DPTFILTERCAPS]"     Name="CubeTextureFilterCaps" />
            <Field Type="[D3DPTFILTERCAPS]"     Name="VolumeTextureFilterCaps" />
            <Field Type="[D3DPTADDRESSCAPS]"    Name="TextureAddressCaps" />
            <Field Type="[D3DPTADDRESSCAPS]"    Name="VolumeTextureAddressCaps" />
            <Field Type="[D3DLINECAPS]"         Name="LineCaps" />
            <Field Type="DWORD"                 Name="MaxTextureWidth" />
            <Field Type="DWORD"                 Name="MaxTextureHeight" />
            <Field Type="DWORD"                 Name="MaxVolumeExtent" />
            <Field Type="DWORD"                 Name="MaxTextureRepeat" />
            <Field Type="DWORD"                 Name="MaxTextureAspectRatio" />
            <Field Type="DWORD"                 Name="MaxAnisotropy" />
            <Field Type="float"                 Name="MaxVertexW" />
            <Field Type="float"                 Name="GuardBandLeft" />
            <Field Type="float"                 Name="GuardBandTop" />
            <Field Type="float"                 Name="GuardBandRight" />
            <Field Type="float"                 Name="GuardBandBottom" />
            <Field Type="float"                 Name="ExtentsAdjust" />
            <Field Type="[D3DSTENCILCAPS]"      Name="StencilCaps" />
            <Field Type="[D3DFVFCAPS]"          Name="FVFCaps" />
            <Field Type="[D3DTEXOPCAPS]"        Name="TextureOpCaps" />
            <Field Type="DWORD"                 Name="MaxTextureBlendStages" />
            <Field Type="DWORD"                 Name="MaxSimultaneousTextures" />
            <Field Type="[D3DVTXPCAPS]"         Name="VertexProcessingCaps" />
            <Field Type="DWORD"                 Name="MaxActiveLights" />
            <Field Type="DWORD"                 Name="MaxUserClipPlanes" />
            <Field Type="DWORD"                 Name="MaxVertexBlendMatrices" />
            <Field Type="DWORD"                 Name="MaxVertexBlendMatrixIndex" />
            <Field Type="float"                 Name="MaxPointSize" />
            <Field Type="DWORD"                 Name="MaxPrimitiveCount" />
            <Field Type="DWORD"                 Name="MaxVertexIndex" />
            <Field Type="DWORD"                 Name="MaxStreams" />
            <Field Type="DWORD"                 Name="MaxStreamStride" />
            <Field Type="DWORD"                 Name="VertexShaderVersion" />
            <Field Type="DWORD"                 Name="MaxVertexShaderConst" />
            <Field Type="DWORD"                 Name="PixelShaderVersion" />
            <Field Type="float"                 Name="PixelShader1xMaxValue" />
            <Field Type="[D3DDEVCAPS2]"         Name="DevCaps2" />
            <Field Type="float"                 Name="MaxNpatchTessellationLevel" />
            <Field Type="DWORD"                 Name="Reserved5" />
            <Field Type="UINT"                  Name="MasterAdapterOrdinal" />
            <Field Type="UINT"                  Name="AdapterOrdinalInGroup" />
            <Field Type="UINT"                  Name="NumberOfAdaptersInGroup" />
            <Field Type="[D3DDTCAPS]"           Name="DeclTypes" />
            <Field Type="DWORD"                 Name="NumSimultaneousRTs" />
            <Field Type="[D3DPTFILTERCAPS]"     Name="StretchRectFilterCaps" />
            <Field Type="D3DVSHADERCAPS2_0"     Name="VS20Caps" />
            <Field Type="D3DPSHADERCAPS2_0"     Name="PS20Caps" />
            <Field Type="[D3DPTFILTERCAPS]"     Name="VertexTextureFilterCaps" />
            <Field Type="DWORD"                 Name="MaxVShaderInstructionsExecuted" />
            <Field Type="DWORD"                 Name="MaxPShaderInstructionsExecuted" />
            <Field Type="DWORD"                 Name="MaxVertexShader30InstructionSlots" />
            <Field Type="DWORD"                 Name="MaxPixelShader30InstructionSlots" />
        </Variable>
        <Variable Name="D3DCAPS9*" Type="Pointer" Base="D3DCAPS9" />

        <!-- D3DSWAPEFFECT -->
        <Variable Name="D3DSWAPEFFECT" Type="Alias" Base="UINT">
            <Enum>
                <Set Name="D3DSWAPEFFECT_DISCARD"       Value="1" />
                <Set Name="D3DSWAPEFFECT_FLIP"          Value="2" />
                <Set Name="D3DSWAPEFFECT_COPY"          Value="3" />
                <Set Name="D3DSWAPEFFECT_OVERLAY"       Value="4" />
                <Set Name="D3DSWAPEFFECT_FLIPEX"        Value="5" />
            </Enum>
        </Variable>

        <!-- [D3DPRESENTFLAG] -->
        <Variable Name="[D3DPRESENTFLAG]" Type="Alias" Base="DWORD">
            <Display Name="DWORD" />
            <Flag>
                <Set Name="D3DPRESENTFLAG_LOCKABLE_BACKBUFFER"                  Value="0x00000001" />
                <Set Name="D3DPRESENTFLAG_DISCARD_DEPTHSTENCIL"                 Value="0x00000002" />
                <Set Name="D3DPRESENTFLAG_DEVICECLIP"                           Value="0x00000004" />
                <Set Name="D3DPRESENTFLAG_VIDEO"                                Value="0x00000010" />
                <Set Name="D3DPRESENTFLAG_NOAUTOROTATE"                         Value="0x00000020" />
                <Set Name="D3DPRESENTFLAG_UNPRUNEDMODE"                         Value="0x00000040" />
                <Set Name="D3DPRESENTFLAG_OVERLAY_LIMITEDRGB"                   Value="0x00000080" />
                <Set Name="D3DPRESENTFLAG_OVERLAY_YCbCr_BT709"                  Value="0x00000100" />
                <Set Name="D3DPRESENTFLAG_OVERLAY_YCbCr_xvYCC"                  Value="0x00000200" />
                <Set Name="D3DPRESENTFLAG_RESTRICTED_CONTENT"                   Value="0x00000400" />
                <Set Name="D3DPRESENTFLAG_RESTRICT_SHARED_RESOURCE_DRIVER"      Value="0x00000800" />
            </Flag>
        </Variable>

        <!-- D3DPRESENT_PARAMETERS -->
        <Variable Name="D3DPRESENT_PARAMETERS" Type="Struct" Pack32="4">
            <Field Type="UINT"                      Name="BackBufferWidth" />
            <Field Type="UINT"                      Name="BackBufferHeight" />
            <Field Type="D3DFORMAT"                 Name="BackBufferFormat" />
            <Field Type="UINT"                      Name="BackBufferCount" />
            <Field Type="D3DMULTISAMPLE_TYPE"       Name="MultiSampleType" />
            <Field Type="DWORD"                     Name="MultiSampleQuality" />
            <Field Type="D3DSWAPEFFECT"             Name="SwapEffect" />
            <Field Type="HWND"                      Name="hDeviceWindow" />
            <Field Type="BOOL"                      Name="Windowed" />
            <Field Type="BOOL"                      Name="EnableAutoDepthStencil" />
            <Field Type="D3DFORMAT"                 Name="AutoDepthStencilFormat" />
            <Field Type="[D3DPRESENTFLAG]"          Name="Flags" />
            <Field Type="UINT"                      Name="FullScreen_RefreshRateInHz" />
            <Field Type="UINT"                      Name="PresentationInterval" />
        </Variable>
        <Variable Name="D3DPRESENT_PARAMETERS*" Type="Pointer" Base="D3DPRESENT_PARAMETERS" />

        <!-- [D3DUSAGE] -->
        <Variable Name="[D3DUSAGE]" Type="Alias" Base="DWORD">
            <Display Name="DWORD" />
            <Flag>
                <Set Name="D3DUSAGE_RENDERTARGET"                       Value="0x00000001" />
                <Set Name="D3DUSAGE_DEPTHSTENCIL"                       Value="0x00000002" />
                <Set Name="D3DUSAGE_DYNAMIC"                            Value="0x00000200" />
                <Set Name="D3DUSAGE_NONSECURE"                          Value="0x00800000" />
                <Set Name="D3DUSAGE_AUTOGENMIPMAP"                      Value="0x00000400" />
                <Set Name="D3DUSAGE_DMAP"                               Value="0x00004000" />
                <Set Name="D3DUSAGE_QUERY_LEGACYBUMPMAP"                Value="0x00008000" />
                <Set Name="D3DUSAGE_QUERY_SRGBREAD"                     Value="0x00010000" />
                <Set Name="D3DUSAGE_QUERY_FILTER"                       Value="0x00020000" />
                <Set Name="D3DUSAGE_QUERY_SRGBWRITE"                    Value="0x00040000" />
                <Set Name="D3DUSAGE_QUERY_POSTPIXELSHADER_BLENDING"     Value="0x00080000" />
                <Set Name="D3DUSAGE_QUERY_VERTEXTEXTURE"                Value="0x00100000" />
                <Set Name="D3DUSAGE_QUERY_WRAPANDMIP"                   Value="0x00200000" />
                <Set Name="D3DUSAGE_WRITEONLY"                          Value="0x00000008" />
                <Set Name="D3DUSAGE_SOFTWAREPROCESSING"                 Value="0x00000010" />
                <Set Name="D3DUSAGE_DONOTCLIP"                          Value="0x00000020" />
                <Set Name="D3DUSAGE_POINTS"                             Value="0x00000040" />
                <Set Name="D3DUSAGE_RTPATCHES"                          Value="0x00000080" />
                <Set Name="D3DUSAGE_NPATCHES"                           Value="0x00000100" />
                <Set Name="D3DUSAGE_TEXTAPI"                            Value="0x10000000" />
                <Set Name="D3DUSAGE_RESTRICTED_CONTENT"                 Value="0x00000800" />
                <Set Name="D3DUSAGE_RESTRICT_SHARED_RESOURCE"           Value="0x00002000" />
                <Set Name="D3DUSAGE_RESTRICT_SHARED_RESOURCE_DRIVER"    Value="0x00001000"  />
            </Flag>
        </Variable>

        <!-- D3DSURFACE_DESC -->
        <Variable Name="D3DSURFACE_DESC" Type="Struct" Pack32="4">
            <Field Type="D3DFORMAT"                 Name="Format" />
            <Field Type="D3DRESOURCETYPE"           Name="Type" />
            <Field Type="[D3DUSAGE]"                Name="Usage" />
            <Field Type="D3DPOOL"                   Name="Pool" />
            <Field Type="D3DMULTISAMPLE_TYPE"       Name="MultiSampleType" />
            <Field Type="DWORD"                     Name="MultiSampleQuality" />
            <Field Type="UINT"                      Name="Width" />
            <Field Type="UINT"                      Name="Height" />
        </Variable>
        <Variable Name="D3DSURFACE_DESC*" Type="Pointer" Base="D3DSURFACE_DESC" />

        <!-- D3DLOCKED_RECT -->
        <Variable Name="D3DLOCKED_RECT" Type="Struct" Pack32="4">
            <Field Type="INT"       Name="Pitch" />
            <Field Type="void*"     Name="pBits" />
        </Variable>
        <Variable Name="D3DLOCKED_RECT*" Type="Pointer" Base="D3DLOCKED_RECT" />

        <!-- D3DRASTER_STATUS -->
        <Variable Name="D3DRASTER_STATUS" Type="Struct" Pack32="4">
            <Field Type="BOOL"      Name="InVBlank" />
            <Field Type="UINT"      Name="ScanLine" />
        </Variable>
        <Variable Name="D3DRASTER_STATUS*" Type="Pointer" Base="D3DRASTER_STATUS" />

        <!-- D3DDECLUSAGE -->
        <Variable Name="D3DDECLUSAGE" Type="Alias" Base="BYTE">
            <Display Name="BYTE" />
            <Flag>
                <Set Name="D3DDECLUSAGE_POSITION"           Value="0" />
                <Set Name="D3DDECLUSAGE_BLENDWEIGHT"        Value="1" />
                <Set Name="D3DDECLUSAGE_BLENDINDICES"       Value="2" />
                <Set Name="D3DDECLUSAGE_NORMAL"             Value="3" />
                <Set Name="D3DDECLUSAGE_PSIZE"              Value="4" />
                <Set Name="D3DDECLUSAGE_TEXCOORD"           Value="5" />
                <Set Name="D3DDECLUSAGE_TANGENT"            Value="6" />
                <Set Name="D3DDECLUSAGE_BINORMAL"           Value="7" />
                <Set Name="D3DDECLUSAGE_TESSFACTOR"         Value="8" />
                <Set Name="D3DDECLUSAGE_POSITIONT"          Value="9" />
                <Set Name="D3DDECLUSAGE_COLOR"              Value="10" />
                <Set Name="D3DDECLUSAGE_FOG"                Value="11" />
                <Set Name="D3DDECLUSAGE_DEPTH"              Value="12" />
                <Set Name="D3DDECLUSAGE_SAMPLE"             Value="13" />
            </Flag>
        </Variable>

        <!-- D3DDECLTYPE -->
        <Variable Name="D3DDECLTYPE" Type="Alias" Base="BYTE">
            <Display Name="BYTE" />
            <Flag>
                <Set Name="D3DDECLTYPE_FLOAT1"          Value="0" />
                <Set Name="D3DDECLTYPE_FLOAT2"          Value="1" />
                <Set Name="D3DDECLTYPE_FLOAT3"          Value="2" />
                <Set Name="D3DDECLTYPE_FLOAT4"          Value="3" />
                <Set Name="D3DDECLTYPE_D3DCOLOR"        Value="4" />
                <Set Name="D3DDECLTYPE_UBYTE4"          Value="5" />
                <Set Name="D3DDECLTYPE_SHORT2"          Value="6" />
                <Set Name="D3DDECLTYPE_SHORT4"          Value="7" />
                <Set Name="D3DDECLTYPE_UBYTE4N"         Value="8" />
                <Set Name="D3DDECLTYPE_SHORT2N"         Value="9" />
                <Set Name="D3DDECLTYPE_SHORT4N"         Value="10" />
                <Set Name="D3DDECLTYPE_USHORT2N"        Value="11" />
                <Set Name="D3DDECLTYPE_USHORT4N"        Value="12" />
                <Set Name="D3DDECLTYPE_UDEC3"           Value="13" />
                <Set Name="D3DDECLTYPE_DEC3N"           Value="14" />
                <Set Name="D3DDECLTYPE_FLOAT16_2"       Value="15" />
                <Set Name="D3DDECLTYPE_FLOAT16_4"       Value="16" />
                <Set Name="D3DDECLTYPE_UNUSED"          Value="17" />
            </Flag>
        </Variable>

        <!-- D3DDECLMETHOD -->
        <Variable Name="D3DDECLMETHOD" Type="Alias" Base="BYTE">
            <Display Name="BYTE" />
            <Flag>
                <Set Name="D3DDECLMETHOD_DEFAULT"           Value="0" />
                <Set Name="D3DDECLMETHOD_PARTIALU"          Value="1" />
                <Set Name="D3DDECLMETHOD_PARTIALV"          Value="2" />
                <Set Name="D3DDECLMETHOD_CROSSUV"           Value="3" />
                <Set Name="D3DDECLMETHOD_UV"                Value="4" />
                <Set Name="D3DDECLMETHOD_LOOKUP"            Value="5" />
                <Set Name="D3DDECLMETHOD_LOOKUPPRESAMPLED"  Value="6" />
            </Flag>
        </Variable>

        <!-- D3DVERTEXELEMENT9 -->
        <Variable Name="D3DVERTEXELEMENT9" Type="Struct" Pack32="4">
            <Field Type="WORD"          Name="Stream" />
            <Field Type="WORD"          Name="Offset" />
            <Field Type="D3DDECLTYPE"   Name="Type" />
            <Field Type="D3DDECLMETHOD" Name="Method" />
            <Field Type="D3DDECLUSAGE"  Name="Usage" />
            <Field Type="BYTE"          Name="UsageIndex" />
        </Variable>
        <Variable Name="D3DVERTEXELEMENT9*"         Type="Pointer" Base="D3DVERTEXELEMENT9" />
        <Variable Name="CONST D3DVERTEXELEMENT9*"   Type="Pointer" Base="D3DVERTEXELEMENT9" />

        <!-- D3DSCANLINEORDERING -->
        <Variable Name="D3DSCANLINEORDERING" Type="Alias" Base="UINT">
            <Enum>
                <Set Name="D3DSCANLINEORDERING_UNKNOWN"         Value="0" />
                <Set Name="D3DSCANLINEORDERING_PROGRESSIVE"     Value="1" />
                <Set Name="D3DSCANLINEORDERING_INTERLACED"      Value="2" />
            </Enum>
        </Variable>

        <!-- D3DDISPLAYMODEFILTER -->
        <Variable Name="D3DDISPLAYMODEFILTER" Type="Struct">
            <Field Type="UINT"                    	Name="Size" />
            <Field Type="D3DFORMAT"               	Name="Format" />
            <Field Type="D3DSCANLINEORDERING"       Name="ScanLineOrdering" />
        </Variable>
        <Variable Name="CONST D3DDISPLAYMODEFILTER*" Type="Pointer" Base="D3DDISPLAYMODEFILTER" />

        <!-- D3DDISPLAYMODEEX -->
        <Variable Name="D3DDISPLAYMODEEX" Type="Struct" Pack32="4">
            <Field Type="UINT"                        Name="Size" />
            <Field Type="UINT"                        Name="Width" />
            <Field Type="UINT"                        Name="Height" />
            <Field Type="UINT"                        Name="RefreshRate" />
            <Field Type="D3DFORMAT"                   Name="Format" />
            <Field Type="D3DSCANLINEORDERING"         Name="ScanLineOrdering" />
        </Variable>
        <Variable Name="D3DDISPLAYMODEEX*" Type="Pointer" Base="D3DDISPLAYMODEEX" />

        <!-- [D3DOVERLAYCAPS] -->
        <Variable Name="[D3DOVERLAYCAPS]" Type="Alias" Base="UINT">
            <Display Name="UINT" />
            <Flag>
                <Set Name="D3DOVERLAYCAPS_FULLRANGERGB"         Value="0x00000001" />
                <Set Name="D3DOVERLAYCAPS_LIMITEDRANGERGB"      Value="0x00000002" />
                <Set Name="D3DOVERLAYCAPS_YCbCr_BT601"          Value="0x00000004" />
                <Set Name="D3DOVERLAYCAPS_YCbCr_BT709"          Value="0x00000008" />
                <Set Name="D3DOVERLAYCAPS_YCbCr_BT601_xvYCC"    Value="0x00000010" />
                <Set Name="D3DOVERLAYCAPS_YCbCr_BT709_xvYCC"    Value="0x00000020" />
                <Set Name="D3DOVERLAYCAPS_STRETCHX"             Value="0x00000040" />
                <Set Name="D3DOVERLAYCAPS_STRETCHY"             Value="0x00000080" />
            </Flag>
        </Variable>

        <!-- D3DOVERLAYCAPS -->
        <Variable Name="D3DOVERLAYCAPS" Type="Struct">
            <Field Type="[D3DOVERLAYCAPS]"   	Name="Caps" />
            <Field Type="UINT"   	            Name="MaxOverlayDisplayWidth" />
            <Field Type="UINT"                  Name="MaxOverlayDisplayHeight" />
        </Variable>
        <Variable Name="D3DOVERLAYCAPS*" Type="Pointer" Base="D3DOVERLAYCAPS" />

        <!-- D3DENCRYPTED_BLOCK_INFO -->
        <Variable Name="D3DENCRYPTED_BLOCK_INFO" Type="Struct" Pack32="4">
            <Field Type="UINT"     Name="NumEncryptedBytesAtBeginning" />
            <Field Type="UINT"     Name="NumBytesInSkipPattern" />
            <Field Type="UINT"     Name="NumBytesInEncryptPattern" />
        </Variable>
        <Variable Name="D3DENCRYPTED_BLOCK_INFO*" Type="Pointer" Base="D3DENCRYPTED_BLOCK_INFO" />

        <!-- D3DINDEXBUFFER_DESC -->
        <Variable Name="D3DINDEXBUFFER_DESC" Type="Struct" Pack32="4">
            <Field Type="D3DFORMAT"         Name="Format" />
            <Field Type="D3DRESOURCETYPE"   Name="Type" />
            <Field Type="[D3DUSAGE]"        Name="Usage" />
            <Field Type="D3DPOOL"           Name="Pool" />
            <Field Type="UINT"              Name="Size" />
        </Variable>
        <Variable Name="D3DINDEXBUFFER_DESC*" Type="Pointer" Base="D3DINDEXBUFFER_DESC" />

        <!-- D3DPRESENTSTATS -->
        <Variable Name="D3DPRESENTSTATS" Type="Struct" Pack32="4">
            <Field Type="UINT"              Name="PresentCount" />
            <Field Type="UINT"              Name="PresentRefreshCount" />
            <Field Type="UINT"              Name="SyncRefreshCount" />
            <Field Type="LARGE_INTEGER"     Name="SyncQPCTime" />
            <Field Type="LARGE_INTEGER"     Name="SyncGPUTime" />
        </Variable>
        <Variable Name="D3DPRESENTSTATS*" Type="Pointer" Base="D3DPRESENTSTATS" />

        <!-- D3DVERTEXBUFFER_DESC -->
        <Variable Name="D3DVERTEXBUFFER_DESC" Type="Struct" Pack32="4">
            <Field Type="D3DFORMAT"             Name="Format" />
            <Field Type="D3DRESOURCETYPE"       Name="Type" />
            <Field Type="[D3DUSAGE]"            Name="Usage" />
            <Field Type="D3DPOOL"               Name="Pool" />
            <Field Type="UINT"                  Name="Size" />
            <Field Type="DWORD"                 Name="FVF" />
        </Variable>
        <Variable Name="D3DVERTEXBUFFER_DESC*" Type="Pointer" Base="D3DVERTEXBUFFER_DESC" />

        <!-- D3DVOLUME_DESC -->
        <Variable Name="D3DVOLUME_DESC" Type="Struct" Pack32="4">
            <Field Type="D3DFORMAT"           	Name="Format" />
            <Field Type="D3DRESOURCETYPE"     	Name="Type" />
            <Field Type="DWORD"               	Name="Usage" />
            <Field Type="D3DPOOL"             	Name="Pool" />
            <Field Type="UINT"                	Name="Width" />
            <Field Type="UINT"                	Name="Height" />
            <Field Type="UINT"                	Name="Depth" />
        </Variable>
        <Variable Name="D3DVOLUME_DESC*" Type="Pointer" Base="D3DVOLUME_DESC" />

        <!-- D3DLOCKED_BOX -->
        <Variable Name="D3DLOCKED_BOX" Type="Struct" Pack32="4">
            <Field Type="INT"       Name="RowPitch" />
            <Field Type="INT"       Name="SlicePitch" />
            <Field Type="void*"     Name="pBits" />
        </Variable>
        <Variable Name="D3DLOCKED_BOX*" Type="Pointer" Base="D3DLOCKED_BOX" />

        <!-- D3DBOX -->
        <Variable Name="D3DBOX" Type="Struct" Pack32="4">
            <Field Type="UINT"      Name="Left" />
            <Field Type="UINT"      Name="Top" />
            <Field Type="UINT"      Name="Right" />
            <Field Type="UINT"      Name="Bottom" />
            <Field Type="UINT"      Name="Front" />
            <Field Type="UINT"      Name="Back" />
        </Variable>
        <Variable Name="CONST D3DBOX*" Type="Pointer" Base="D3DBOX" />

        <!-- [D3DCPCAPS] -->
        <Variable Name="[D3DCPCAPS]" Type="Alias" Base="DWORD">
            <Display Name="DWORD" />
            <Flag>
                <Set Name="D3DCPCAPS_SOFTWARE"                  Value="0x00000001" />
                <Set Name="D3DCPCAPS_HARDWARE"                  Value="0x00000002" />
                <Set Name="D3DCPCAPS_PROTECTIONALWAYSON"        Value="0x00000004" />
                <Set Name="D3DCPCAPS_PARTIALDECRYPTION"         Value="0x00000008" />
                <Set Name="D3DCPCAPS_CONTENTKEY"                Value="0x00000010" />
                <Set Name="D3DCPCAPS_FRESHENSESSIONKEY"         Value="0x00000020" />
                <Set Name="D3DCPCAPS_ENCRYPTEDREADBACK"         Value="0x00000040" />
                <Set Name="D3DCPCAPS_ENCRYPTEDREADBACKKEY"      Value="0x00000080" />
                <Set Name="D3DCPCAPS_SEQUENTIAL_CTR_IV"         Value="0x00000100" />
                <Set Name="D3DCPCAPS_ENCRYPTSLICEDATAONLY"      Value="0x00000200" />
            </Flag>
        </Variable>

        <!-- D3DCONTENTPROTECTIONCAPS -->
        <Variable Name="D3DCONTENTPROTECTIONCAPS" Type="Struct" Pack32="4">
            <Field Type="[D3DCPCAPS]"   Name="Caps" />
            <Field Type="GUID"          Name="KeyExchangeType" />
            <Field Type="UINT"          Name="BufferAlignmentStart" />
            <Field Type="UINT"          Name="BlockAlignmentSize" />
            <Field Type="ULONGLONG"     Name="ProtectedMemorySize" />
        </Variable>
        <Variable Name="D3DCONTENTPROTECTIONCAPS*" Type="Pointer" Base="D3DCONTENTPROTECTIONCAPS" />

        <!-- [D3DCREATE] -->
        <Variable Name="[D3DCREATE]" Type="Alias" Base="DWORD">
            <Display Name="DWORD" />
            <Flag>
                <Set Name="D3DCREATE_FPU_PRESERVE"                  Value="0x00000002" />
                <Set Name="D3DCREATE_MULTITHREADED"                 Value="0x00000004" />
                <Set Name="D3DCREATE_PUREDEVICE"                    Value="0x00000010" />
                <Set Name="D3DCREATE_SOFTWARE_VERTEXPROCESSING"     Value="0x00000020" />
                <Set Name="D3DCREATE_HARDWARE_VERTEXPROCESSING"     Value="0x00000040" />
                <Set Name="D3DCREATE_MIXED_VERTEXPROCESSING"        Value="0x00000080" />
                <Set Name="D3DCREATE_DISABLE_DRIVER_MANAGEMENT"     Value="0x00000100" />
                <Set Name="D3DCREATE_ADAPTERGROUP_DEVICE"           Value="0x00000200" />
                <Set Name="D3DCREATE_DISABLE_DRIVER_MANAGEMENT_EX"  Value="0x00000400" />
                <Set Name="D3DCREATE_NOWINDOWCHANGES"               Value="0x00000800" />
                <Set Name="D3DCREATE_DISABLE_PSGP_THREADING"        Value="0x00002000" />
                <Set Name="D3DCREATE_ENABLE_PRESENTSTATS"           Value="0x00004000" />
                <Set Name="D3DCREATE_DISABLE_PRINTSCREEN"           Value="0x00008000" />
                <Set Name="D3DCREATE_SCREENSAVER"                   Value="0x10000000" />
            </Flag>
        </Variable>

        <!-- D3DDEVICE_CREATION_PARAMETERS -->
        <Variable Name="D3DDEVICE_CREATION_PARAMETERS" Type="Struct" Pack32="4">
            <Field Type="UINT"          Name="AdapterOrdinal" />
            <Field Type="D3DDEVTYPE"    Name="DeviceType" />
            <Field Type="HWND"          Name="hFocusWindow" />
            <Field Type="[D3DCREATE]"   Name="BehaviorFlags" />
        </Variable>
        <Variable Name="D3DDEVICE_CREATION_PARAMETERS*" Type="Pointer" Base="D3DDEVICE_CREATION_PARAMETERS" />

        <!-- D3DRECT -->
        <Variable Name="D3DRECT" Type="Struct" Pack32="4">
            <Field Type="LONG"      Name="x1" />
            <Field Type="LONG"      Name="y1" />
            <Field Type="LONG"      Name="x2" />
            <Field Type="LONG"      Name="y2" />
        </Variable>
        <Variable Name="CONST D3DRECT*" Type="Pointer" Base="D3DRECT" />

        <!-- D3DVIEWPORT9 -->
        <Variable Name="D3DVIEWPORT9" Type="Struct" Pack32="4">
            <Field Type="DWORD"         Name="X" />
            <Field Type="DWORD"         Name="Y" />
            <Field Type="DWORD"         Name="Width" />
            <Field Type="DWORD"         Name="Height" />
            <Field Type="float"         Name="MinZ" />
            <Field Type="float"         Name="MaxZ" />
        </Variable>
        <Variable Name="D3DVIEWPORT9*"          Type="Pointer" Base="D3DVIEWPORT9" />
        <Variable Name="CONST D3DVIEWPORT9*"    Type="Pointer" Base="D3DVIEWPORT9" />

        <!-- D3DMATERIAL9 -->
        <Variable Name="D3DMATERIAL9" Type="Struct" Pack32="4">
            <Field Type="D3DCOLORVALUE"     Name="Diffuse" />
            <Field Type="D3DCOLORVALUE"     Name="Ambient" />
            <Field Type="D3DCOLORVALUE"     Name="Specular" />
            <Field Type="D3DCOLORVALUE"     Name="Emissive" />
            <Field Type="float"             Name="Power" />
        </Variable>
        <Variable Name="D3DMATERIAL9*"          Type="Pointer" Base="D3DMATERIAL9" />
        <Variable Name="CONST D3DMATERIAL9*"    Type="Pointer" Base="D3DMATERIAL9" />

        <!-- D3DLIGHTTYPE -->
        <Variable Name="D3DLIGHTTYPE" Type="Alias" Base="UINT">
            <Enum>
                <Set Name="D3DLIGHT_POINT"          Value="1" />
                <Set Name="D3DLIGHT_SPOT"           Value="2" />
                <Set Name="D3DLIGHT_DIRECTIONAL"    Value="3" />
            </Enum>
        </Variable>

        <!-- D3DLIGHT9 -->
        <Variable Name="D3DLIGHT9" Type="Struct" Pack32="4">
            <Field Type="D3DLIGHTTYPE"        Name="Type" />
            <Field Type="D3DCOLORVALUE"       Name="Diffuse" />
            <Field Type="D3DCOLORVALUE"       Name="Specular" />
            <Field Type="D3DCOLORVALUE"       Name="Ambient" />
            <Field Type="D3DVECTOR"           Name="Position" />
            <Field Type="D3DVECTOR"           Name="Direction" />
            <Field Type="float"               Name="Range" />
            <Field Type="float"               Name="Falloff" />
            <Field Type="float"               Name="Attenuation0" />
            <Field Type="float"               Name="Attenuation1" />
            <Field Type="float"               Name="Attenuation2" />
            <Field Type="float"               Name="Theta" />
            <Field Type="float"               Name="Phi" />
        </Variable>
        <Variable Name="D3DLIGHT9*"         Type="Pointer" Base="D3DLIGHT9" />
        <Variable Name="CONST D3DLIGHT9*"   Type="Pointer" Base="D3DLIGHT9" />

        <!-- [D3DCS] -->
        <Variable Name="[D3DCS]" Type="Alias" Base="DWORD">
            <Display Name="DWORD" />
            <Flag>
                <Set Name="D3DCS_LEFT"          Value="0x00000001" />
                <Set Name="D3DCS_RIGHT"         Value="0x00000002" />
                <Set Name="D3DCS_TOP"           Value="0x00000004" />
                <Set Name="D3DCS_BOTTOM"        Value="0x00000008" />
                <Set Name="D3DCS_FRONT"         Value="0x00000010" />
                <Set Name="D3DCS_BACK"          Value="0x00000020" />
                <Set Name="D3DCS_PLANE0"        Value="0x00000040" />
                <Set Name="D3DCS_PLANE1"        Value="0x00000080" />
                <Set Name="D3DCS_PLANE2"        Value="0x00000100" />
                <Set Name="D3DCS_PLANE3"        Value="0x00000200" />
                <Set Name="D3DCS_PLANE4"        Value="0x00000400" />
                <Set Name="D3DCS_PLANE5"        Value="0x00000800" />
                <Set Name="D3DCS_ALL"           Value="0x00000fff" />
            </Flag>
        </Variable>

        <!-- D3DCLIPSTATUS9 -->
        <Variable Name="D3DCLIPSTATUS9" Type="Struct" Pack32="4">
            <Field Type="[D3DCS]"   Name="ClipUnion" />
            <Field Type="[D3DCS]"   Name="ClipIntersection" />
        </Variable>
        <Variable Name="D3DCLIPSTATUS9*"        Type="Pointer" Base="D3DCLIPSTATUS9" />
        <Variable Name="CONST D3DCLIPSTATUS9*"  Type="Pointer" Base="D3DCLIPSTATUS9" />

        <!-- D3DBASISTYPE -->
        <Variable Name="D3DBASISTYPE" Type="Alias" Base="UINT">
            <Enum>
                <Set Name="D3DBASIS_BEZIER"      	Value="0" />
                <Set Name="D3DBASIS_BSPLINE"     	Value="1" />
                <Set Name="D3DBASIS_CATMULL_ROM"    Value="2" />
            </Enum>
        </Variable>

        <!-- D3DDEGREETYPE -->
        <Variable Name="D3DDEGREETYPE" Type="Alias" Base="UINT">
            <Enum>
                <Set Name="D3DDEGREE_LINEAR"      	Value="1" />
                <Set Name="D3DDEGREE_QUADRATIC"   	Value="2" />
                <Set Name="D3DDEGREE_CUBIC"       	Value="3" />
                <Set Name="D3DDEGREE_QUINTIC"       Value="5" />
            </Enum>
        </Variable>

        <!-- D3DRECTPATCH_INFO -->
        <Variable Name="D3DRECTPATCH_INFO" Type="Struct" Pack32="4">
            <Field Type="UINT"              Name="StartVertexOffsetWidth" />
            <Field Type="UINT"              Name="StartVertexOffsetHeight" />
            <Field Type="UINT"              Name="Width" />
            <Field Type="UINT"              Name="Height" />
            <Field Type="UINT"              Name="Stride" />
            <Field Type="D3DBASISTYPE"      Name="Basis" />
            <Field Type="D3DDEGREETYPE"     Name="Degree" />
        </Variable>
        <Variable Name="CONST D3DRECTPATCH_INFO*" Type="Pointer" Base="D3DRECTPATCH_INFO" />

        <!-- D3DTRIPATCH_INFO -->
        <Variable Name="D3DTRIPATCH_INFO" Type="Struct" Pack32="4">
            <Field Type="UINT"              Name="StartVertexOffset" />
            <Field Type="UINT"              Name="NumVertices" />
            <Field Type="D3DBASISTYPE"      Name="Basis" />
            <Field Type="D3DDEGREETYPE"     Name="Degree" />
        </Variable>
        <Variable Name="CONST D3DTRIPATCH_INFO*" Type="Pointer" Base="D3DTRIPATCH_INFO" />

        <!-- [D3DCLEAR_FLAGS] -->
        <Variable Name="[D3DCLEAR_FLAGS]" Type="Alias" Base="DWORD">
            <Display Name="DWORD" />
            <Flag>
                <Set Name="D3DCLEAR_TARGET"     Value="0x00000001" />
                <Set Name="D3DCLEAR_ZBUFFER"    Value="0x00000002" />
                <Set Name="D3DCLEAR_STENCIL"    Value="0x00000004" />
            </Flag>
        </Variable>

    </Headers>
</ApiMonitor>