<!--
    API Monitor Definitions
    (c) 2011, Rohitab Batra <rohitab@rohitab.com>
    http://www.rohitab.com/apimonitor/
-->
<ApiMonitor>
    <Headers>

        <!-- TODO: Interfaces -->
        <Variable Name="IAssembly"                  Type="Interface" />
        <Variable Name="IAssemblyCache"             Type="Interface" />
        <Variable Name="IAssemblyName"              Type="Interface" />
        <Variable Name="IAssemblyEnum"              Type="Interface" />
        <Variable Name="IHistoryReader"             Type="Interface" />
        <Variable Name="IInstallReferenceEnum"      Type="Interface" />
        <Variable Name="IAppIdAuthority"            Type="Interface" />
        <Variable Name="IIdentityAuthority"         Type="Interface" />
        <Variable Name="IApplicationContext"        Type="Interface" />

        <!-- Interfaces Aliases -->
        <Variable Name="LPASSEMBLYNAME"             Type="Alias"    Base="IAssemblyName*" />
        <Variable Name="LPASSEMBLYNAME*"            Type="Pointer"  Base="LPASSEMBLYNAME" />
        <Variable Name="LPPAPPLICATIONCONTEXT"      Type="Alias"    Base="IApplicationContext*" />
        <Variable Name="LPPAPPLICATIONCONTEXT*"     Type="Pointer"  Base="LPPAPPLICATIONCONTEXT" />

    </Headers>
</ApiMonitor>