<!--
    API Monitor Definitions
    (c) 2010-2011, Rohitab Batra <rohitab@rohitab.com>
    http://www.rohitab.com/apimonitor/
-->
<ApiMonitor>
    <Include Filename="Headers\windows.h.xml" />
    <Headers>
        <!-- Variables -->
        <Variable Name="HINTERNET"                              Type="Alias"    Base="LPVOID" />
        <Variable Name="HINTERNET*"                             Type="Pointer"  Base="HINTERNET" />
        <Variable Name="GROUPID"                                Type="Alias"    Base="LONGLONG" />
        <Variable Name="GROUPID*"                               Type="Pointer"  Base="GROUPID" />
        <Variable Name="WINHTTP_STATUS_CALLBACK"                Type="Alias"    Base="LPVOID" />
        <Variable Name="GOPHER_ATTRIBUTE_ENUMERATOR"            Type="Alias"    Base="LPVOID" />
        <Variable Name="INTERNET_STATUS_CALLBACK"               Type="Alias"    Base="LPVOID" />
        <Variable Name="DWORD [GROUP_OWNER_STORAGE_SIZE]"       Type="Array"    Base="DWORD"    Count="4" />
        <Variable Name="TCHAR [GROUPNAME_MAX_LENGTH]"           Type="Array"    Base="TCHAR"    Count="120" />
        <Variable Name="TCHAR [MAX_GOPHER_DISPLAY_TEXT + 1]"    Type="Array"    Base="TCHAR"    Count="129" />
        <Variable Name="TCHAR [MAX_GOPHER_LOCATOR_LENGTH + 1]"  Type="Array"    Base="TCHAR"    Count="653" />

        <!-- INTERNET_CACHE_ENTRY_INFO -->
        <Variable Name="INTERNET_CACHE_ENTRY_INFO" Type="Struct">
            <Field Type="DWORD"         Name="dwStructSize" />
            <Field Type="LPTSTR"        Name="lpszSourceUrlName" />
            <Field Type="LPTSTR"        Name="lpszLocalFileName" />
            <Field Type="DWORD"         Name="CacheEntryType" />
            <Field Type="DWORD"         Name="dwUseCount" />
            <Field Type="DWORD"         Name="dwHitRate" />
            <Field Type="DWORD"         Name="dwSizeLow" />
            <Field Type="DWORD"         Name="dwSizeHigh" />
            <Field Type="FILETIME"      Name="LastModifiedTime" />
            <Field Type="FILETIME"      Name="ExpireTime" />
            <Field Type="FILETIME"      Name="LastAccessTime" />
            <Field Type="FILETIME"      Name="LastSyncTime" />
            <Field Type="LPTSTR"        Name="lpHeaderInfo" />
            <Field Type="DWORD"         Name="dwHeaderInfoSize" />
            <Field Type="LPTSTR"        Name="lpszFileExtension" />
            <Field Type="DWORD"         Name="dwExemptDelta" />
        </Variable>
        <Variable Name="LPINTERNET_CACHE_ENTRY_INFO" Type="Pointer" Base="INTERNET_CACHE_ENTRY_INFO" />

        <!-- [CACHEGROUP_FLAG] -->
        <Variable Name="[CACHEGROUP_FLAG]" Type="Alias" Base="DWORD">
            <Display Name="DWORD" />
            <Flag>
                <Set Name="CACHEGROUP_FLAG_NONPURGEABLE"    Value="0x00000001" />
                <Set Name="CACHEGROUP_FLAG_GIDONLY"         Value="0x00000004" />
            </Flag>
        </Variable>

        <!-- [CACHEGROUP_TYPE] -->
        <Variable Name="[CACHEGROUP_TYPE]" Type="Alias" Base="DWORD">
            <Display Name="DWORD" />
            <Flag>
                <Set Name="CACHEGROUP_TYPE_INVALID"         Value="0x00000001" />
            </Flag>
        </Variable>

        <!-- INTERNET_CACHE_GROUP_INFO -->
        <Variable Name="INTERNET_CACHE_GROUP_INFO" Type="Struct">
            <Field Type="DWORD"                             Name="dwGroupSize" />
            <Field Type="[CACHEGROUP_FLAG]"                 Name="dwGroupFlags" />
            <Field Type="[CACHEGROUP_TYPE]"                 Name="dwGroupType" />
            <Field Type="DWORD"                             Name="dwDiskUsage" />
            <Field Type="DWORD"                             Name="dwDiskQuota" />
            <Field Type="DWORD [GROUP_OWNER_STORAGE_SIZE]"  Name="dwOwnerStorage" />
            <Field Type="TCHAR [GROUPNAME_MAX_LENGTH]"      Name="szGroupName" />
        </Variable>
        <Variable Name="LPINTERNET_CACHE_GROUP_INFO" Type="Pointer" Base="INTERNET_CACHE_GROUP_INFO" />

        <!-- [GopherType] -->
        <Variable Name="[GopherType]" Type="Alias" Base="DWORD">
            <Display Name="DWORD" />
            <Flag>
                <Set Name="GOPHER_TYPE_TEXT_FILE"           Value="0x00000001" />
                <Set Name="GOPHER_TYPE_DIRECTORY"           Value="0x00000002" />
                <Set Name="GOPHER_TYPE_CSO"                 Value="0x00000004" />
                <Set Name="GOPHER_TYPE_ERROR"               Value="0x00000008" />
                <Set Name="GOPHER_TYPE_MAC_BINHEX"          Value="0x00000010" />
                <Set Name="GOPHER_TYPE_DOS_ARCHIVE"         Value="0x00000020" />
                <Set Name="GOPHER_TYPE_UNIX_UUENCODED"      Value="0x00000040" />
                <Set Name="GOPHER_TYPE_INDEX_SERVER"        Value="0x00000080" />
                <Set Name="GOPHER_TYPE_TELNET"              Value="0x00000100" />
                <Set Name="GOPHER_TYPE_BINARY"              Value="0x00000200" />
                <Set Name="GOPHER_TYPE_REDUNDANT"           Value="0x00000400" />
                <Set Name="GOPHER_TYPE_TN3270"              Value="0x00000800" />
                <Set Name="GOPHER_TYPE_GIF"                 Value="0x00001000" />
                <Set Name="GOPHER_TYPE_IMAGE"               Value="0x00002000" />
                <Set Name="GOPHER_TYPE_BITMAP"              Value="0x00004000" />
                <Set Name="GOPHER_TYPE_MOVIE"               Value="0x00008000" />
                <Set Name="GOPHER_TYPE_SOUND"               Value="0x00010000" />
                <Set Name="GOPHER_TYPE_HTML"                Value="0x00020000" />
                <Set Name="GOPHER_TYPE_PDF"                 Value="0x00040000" />
                <Set Name="GOPHER_TYPE_CALENDAR"            Value="0x00080000" />
                <Set Name="GOPHER_TYPE_INLINE"              Value="0x00100000" />
                <Set Name="GOPHER_TYPE_UNKNOWN"             Value="0x20000000" />
                <Set Name="GOPHER_TYPE_ASK"                 Value="0x40000000" />
                <Set Name="GOPHER_TYPE_GOPHER_PLUS"         Value="0x80000000" />
            </Flag>
        </Variable>

        <!-- GOPHER_FIND_DATA -->
        <Variable Name="GOPHER_FIND_DATA" Type="Struct">
            <Field Type="TCHAR [MAX_GOPHER_DISPLAY_TEXT + 1]"       Name="DisplayString" />
            <Field Type="[GopherType]"                              Name="GopherType" />
            <Field Type="DWORD"                                     Name="SizeLow" />
            <Field Type="DWORD"                                     Name="SizeHigh" />
            <Field Type="FILETIME"                                  Name="LastModificationTime" />
            <Field Type="TCHAR [MAX_GOPHER_LOCATOR_LENGTH + 1]"     Name="Locator" />
        </Variable>
        <Variable Name="LPGOPHER_FIND_DATA" Type="Pointer" Base="GOPHER_FIND_DATA" />

        <!-- [ProxyAccessType] -->
        <Variable Name="[ProxyAccessType]" Type="Alias" Base="DWORD">
            <Display Name="DWORD" />
            <Enum>
                <Set Name="WINHTTP_ACCESS_TYPE_DEFAULT_PROXY"   Value="0" />
                <Set Name="WINHTTP_ACCESS_TYPE_NO_PROXY"        Value="1" />
                <Set Name="WINHTTP_ACCESS_TYPE_NAMED_PROXY"     Value="3" />
            </Enum>
        </Variable>

        <!-- WINHTTP_PROXY_INFO -->
        <Variable Name="WINHTTP_PROXY_INFO" Type="Struct">
            <Field Type="[ProxyAccessType]"  	Name="dwAccessType" />
            <Field Type="LPWSTR" 	            Name="lpszProxy" />
            <Field Type="LPWSTR" 	            Name="lpszProxyBypass" />
        </Variable>
        <Variable Name="WINHTTP_PROXY_INFO*" Type="Pointer" Base="WINHTTP_PROXY_INFO" />

        <!-- WINHTTP_CURRENT_USER_IE_PROXY_CONFIG -->
        <Variable Name="WINHTTP_CURRENT_USER_IE_PROXY_CONFIG" Type="Struct">
            <Field Type="BOOL"    	Name="fAutoDetect" />
            <Field Type="LPWSTR"  	Name="lpszAutoConfigUrl" />
            <Field Type="LPWSTR"  	Name="lpszProxy" />
            <Field Type="LPWSTR"  	Name="lpszProxyBypass" />
        </Variable>
        <Variable Name="WINHTTP_CURRENT_USER_IE_PROXY_CONFIG*" Type="Pointer" Base="WINHTTP_CURRENT_USER_IE_PROXY_CONFIG" />

        <!-- [AutoProxyFlags] -->
        <Variable Name="[AutoProxyFlags]" Type="Alias" Base="DWORD">
            <Display Name="DWORD" />
            <Flag>
                <Set Name="WINHTTP_AUTOPROXY_AUTO_DETECT"           Value="0x00000001" />
                <Set Name="WINHTTP_AUTOPROXY_CONFIG_URL"            Value="0x00000002" />
                <Set Name="WINHTTP_AUTOPROXY_HOST_KEEPCASE"         Value="0x00000004" />
                <Set Name="WINHTTP_AUTOPROXY_HOST_LOWERCASE"        Value="0x00000008" />
                <Set Name="WINHTTP_AUTOPROXY_RUN_INPROCESS"         Value="0x00010000" />
                <Set Name="WINHTTP_AUTOPROXY_RUN_OUTPROCESS_ONLY"   Value="0x00020000" />
            </Flag>
        </Variable>

        <!-- [AutoDetectFlags] -->
        <Variable Name="[AutoDetectFlags]" Type="Alias" Base="DWORD">
            <Display Name="DWORD" />
            <Flag>
                <Set Name="WINHTTP_AUTO_DETECT_TYPE_DHCP"           Value="0x00000001" />
                <Set Name="WINHTTP_AUTO_DETECT_TYPE_DNS_A"          Value="0x00000002" />
            </Flag>
        </Variable>

        <!-- WINHTTP_AUTOPROXY_OPTIONS -->
        <Variable Name="WINHTTP_AUTOPROXY_OPTIONS" Type="Struct">
            <Field Type="[AutoProxyFlags]"  Name="dwFlags" />
            <Field Type="[AutoDetectFlags]" Name="dwAutoDetectFlags" />
            <Field Type="LPCWSTR" 	        Name="lpszAutoConfigUrl" />
            <Field Type="LPVOID"  	        Name="lpvReserved" />
            <Field Type="DWORD"   	        Name="dwReserved" />
            <Field Type="BOOL"    	        Name="fAutoLogonIfChallenged" />
        </Variable>
        <Variable Name="WINHTTP_AUTOPROXY_OPTIONS*" Type="Pointer" Base="WINHTTP_AUTOPROXY_OPTIONS" />

        <!-- INTERNET_PORT -->
        <Variable Name="INTERNET_PORT" Type="Alias" Base="WORD">
            <Enum>
                <Set Name="INTERNET_DEFAULT_FTP_PORT"       Value="21" />
                <Set Name="INTERNET_DEFAULT_GOPHER_PORT"    Value="70" />
                <Set Name="INTERNET_DEFAULT_HTTP_PORT"      Value="80" />
                <Set Name="INTERNET_DEFAULT_HTTPS_PORT"     Value="443" />
                <Set Name="INTERNET_DEFAULT_SOCKS_PORT"     Value="1080" />
                <Set Name="INTERNET_INVALID_PORT_NUMBER"    Value="0" />
            </Enum>
        </Variable>

        <!-- INTERNET_SCHEME -->
        <Variable Name="INTERNET_SCHEME" Type="Alias" Base="INT">
            <Enum>
                <Set Name="INTERNET_SCHEME_PARTIAL"			Value="-2" />
                <Set Name="INTERNET_SCHEME_UNKNOWN"			Value="-1" />
                <Set Name="INTERNET_SCHEME_DEFAULT"			Value="0" />
                <Set Name="INTERNET_SCHEME_FTP"			    Value="1" />
                <Set Name="INTERNET_SCHEME_GOPHER"			Value="2" />
                <Set Name="INTERNET_SCHEME_HTTP"			Value="3" />
                <Set Name="INTERNET_SCHEME_HTTPS"			Value="4" />
                <Set Name="INTERNET_SCHEME_FILE"			Value="5" />
                <Set Name="INTERNET_SCHEME_NEWS"			Value="6" />
                <Set Name="INTERNET_SCHEME_MAILTO"			Value="7" />
                <Set Name="INTERNET_SCHEME_SOCKS"			Value="8" />
                <Set Name="INTERNET_SCHEME_JAVASCRIPT"		Value="9" />
                <Set Name="INTERNET_SCHEME_VBSCRIPT"		Value="10" />
                <Set Name="INTERNET_SCHEME_RES"			    Value="11" />
            </Enum>
        </Variable>

        <!-- URL_COMPONENTS - Used by InternetCrackUrl and InternetCreateUrl -->
        <Variable Name="URL_COMPONENTS" Type="Struct">
            <Field Type="DWORD"   	        Name="dwStructSize" />
            <Field Type="LPTSTR"  	        Name="lpszScheme" />
            <Field Type="DWORD"   	        Name="dwSchemeLength" />
            <Field Type="INTERNET_SCHEME" 	Name="nScheme" />
            <Field Type="LPTSTR"  	        Name="lpszHostName" />
            <Field Type="DWORD"   	        Name="dwHostNameLength" />
            <Field Type="INTERNET_PORT" 	Name="nPort" />
            <Field Type="LPTSTR"  	        Name="lpszUserName" />
            <Field Type="DWORD"   	        Name="dwUserNameLength" />
            <Field Type="LPTSTR"  	        Name="lpszPassword" />
            <Field Type="DWORD"   	        Name="dwPasswordLength" />
            <Field Type="LPTSTR"  	        Name="lpszUrlPath" />
            <Field Type="DWORD"   	        Name="dwUrlPathLength" />
            <Field Type="LPTSTR"  	        Name="lpszExtraInfo" />
            <Field Type="DWORD"   	        Name="dwExtraInfoLength" />
        </Variable>
        <Variable Name="LPURL_COMPONENTS" Type="Pointer" Base="URL_COMPONENTS" />

        <!-- [InternetSchemeWinHttp] -->
        <Variable Name="[InternetSchemeWinHttp]" Type="Alias" Base="int">
            <Display Name="int" />
            <Enum>
                <Set Name="INTERNET_SCHEME_HTTP"			Value="1" />
                <Set Name="INTERNET_SCHEME_HTTPS"			Value="2" />
            </Enum>
        </Variable>

        <!-- URL_COMPONENTSW - Used By WinHttpCrackUrl and WinHttpCreateUrl -->
        <Variable Name="URL_COMPONENTSW" Type="Struct">
            <Display Name="URL_COMPONENTS" />
            <Field Type="DWORD"   	                Name="dwStructSize" />
            <Field Type="LPWSTR"  	                Name="lpszScheme" />
            <Field Type="DWORD"   	                Name="dwSchemeLength" />
            <Field Type="[InternetSchemeWinHttp]" 	Name="nScheme" />
            <Field Type="LPWSTR"  	                Name="lpszHostName" />
            <Field Type="DWORD"   	                Name="dwHostNameLength" />
            <Field Type="INTERNET_PORT" 	        Name="nPort" />
            <Field Type="LPWSTR"  	                Name="lpszUserName" />
            <Field Type="DWORD"   	                Name="dwUserNameLength" />
            <Field Type="LPWSTR"  	                Name="lpszPassword" />
            <Field Type="DWORD"   	                Name="dwPasswordLength" />
            <Field Type="LPWSTR"  	                Name="lpszUrlPath" />
            <Field Type="DWORD"   	                Name="dwUrlPathLength" />
            <Field Type="LPWSTR"  	                Name="lpszExtraInfo" />
            <Field Type="DWORD"   	                Name="dwExtraInfoLength" />
        </Variable>
        <Variable Name="LPURL_COMPONENTSW" Type="Pointer" Base="URL_COMPONENTSW">
            <Display Name="LPURL_COMPONENTS" />
        </Variable>

        <!-- [InternetCanonicalizeUrlFlags] -->
        <Variable Name="[InternetCanonicalizeUrlFlags]" Type="Alias" Base="DWORD">
            <Display Name="DWORD" />
            <Flag>
                <Set Name="ICU_NO_ENCODE"           Value="0x20000000" />
                <Set Name="ICU_DECODE"              Value="0x10000000" />
                <Set Name="ICU_NO_META"             Value="0x08000000" />
                <Set Name="ICU_ENCODE_SPACES_ONLY"  Value="0x04000000" />
                <Set Name="ICU_BROWSER_MODE"        Value="0x02000000" />
                <Set Name="ICU_ENCODE_PERCENT"      Value="0x00001000" />
            </Flag>
        </Variable>

        <!-- [InternetCrackUrlFlags] -->
        <Variable Name="[InternetCrackUrlFlags]" Type="Alias" Base="DWORD">
            <Display Name="DWORD" />
            <Flag>
                <Set Name="ICU_DECODE"          Value="0x10000000" />
                <Set Name="ICU_REJECT_USERPWD"  Value="0x00004000" />
                <Set Name="ICU_ESCAPE"          Value="0x80000000" />
            </Flag>
        </Variable>

        <!-- INTERNET_BUFFERS -->
        <Variable Name="INTERNET_BUFFERS" Type="Struct">
            <Field Type="DWORD"                 Name="dwStructSize" />
            <!-- TODO: Self-Referencing - Next is INTERNET_BUFFERS* -->
            <Field Type="LPVOID"                Name="Next" Display="INTERNET_BUFFERS*" />
            <Field Type="LPCTSTR"               Name="lpcszHeader" />
            <Field Type="DWORD"                 Name="dwHeadersLength" />
            <Field Type="DWORD"                 Name="dwHeadersTotal" />
            <Field Type="LPVOID"                Name="lpvBuffer" Length="dwBufferLength" />
            <Field Type="DWORD"                 Name="dwBufferLength" />
            <Field Type="DWORD"                 Name="dwBufferTotal" />
            <Field Type="DWORD"                 Name="dwOffsetLow" />
            <Field Type="DWORD"                 Name="dwOffsetHigh" />
        </Variable>
        <Variable Name="LPINTERNET_BUFFERS" Type="Pointer" Base="INTERNET_BUFFERS" />

    </Headers>
</ApiMonitor>