<!--
    API Monitor Definitions
    (c) 2012, Rohitab Batra <rohitab@rohitab.com>
    http://www.rohitab.com/apimonitor/
-->
<ApiMonitor>
    <Include Filename="Headers\common.h.xml" />
    <Headers>
        <!-- [IOCTL] -->
        <Variable Name="[IOCTL]" Type="Alias" Base="DWORD">
            <Display Name="DWORD" />
            <Enum>
                <Set Name="IOCTL_BATTERY_QUERY_TAG"                         Value="0x00294040" />
                <Set Name="IOCTL_BATTERY_QUERY_INFORMATION"                 Value="0x00294044" />
                <Set Name="IOCTL_BATTERY_SET_INFORMATION"                   Value="0x00298048" />
                <Set Name="IOCTL_BATTERY_QUERY_STATUS"                      Value="0x0029404c" />
                <Set Name="IOCTL_KS_PROPERTY"                               Value="0x002f0003" />
                <Set Name="IOCTL_KS_ENABLE_EVENT"                           Value="0x002f0007" />
                <Set Name="IOCTL_KS_DISABLE_EVENT"                          Value="0x002f000b" />
                <Set Name="IOCTL_KS_METHOD"                                 Value="0x002f000f" />
                <Set Name="IOCTL_KS_WRITE_STREAM"                           Value="0x002f8013" />
                <Set Name="IOCTL_KS_READ_STREAM"                            Value="0x002f4017" />
                <Set Name="IOCTL_KS_RESET_STATE"                            Value="0x002f001b" />
                <Set Name="IOCTL_KS_HANDSHAKE"                              Value="0x002f001f" />
                <Set Name="IOCTL_MTP_CUSTOM_COMMAND"                        Value="0x3150544d" />
                <Set Name="IOCTL_NDIS_QUERY_GLOBAL_STATS"                   Value="0x00170002" />
                <Set Name="IOCTL_NDIS_QUERY_ALL_STATS"                      Value="0x00170006" />
                <Set Name="IOCTL_NDIS_DO_PNP_OPERATION"                     Value="0x00170008" />
                <Set Name="IOCTL_NDIS_QUERY_SELECTED_STATS"                 Value="0x0017000e" />
                <Set Name="IOCTL_NDIS_ENUMERATE_INTERFACES"                 Value="0x00170010" />
                <Set Name="IOCTL_NDIS_ADD_TDI_DEVICE"                       Value="0x00170014" />
                <Set Name="IOCTL_NDIS_GET_LOG_DATA"                         Value="0x0017001e" />
                <Set Name="IOCTL_NDIS_GET_VERSION"                          Value="0x00170020" />
                <Set Name="IOCTL_NDIS_RESERVED1"                            Value="0x00170024" />
                <Set Name="IOCTL_NDIS_RESERVED2"                            Value="0x00170028" />
                <Set Name="IOCTL_NDIS_RESERVED3"                            Value="0x0017002c" />
                <Set Name="IOCTL_NDIS_RESERVED4"                            Value="0x00170030" />
                <Set Name="IOCTL_NDIS_RESERVED5"                            Value="0x00170034" />
                <Set Name="IOCTL_NDIS_RESERVED6"                            Value="0x00178038" />
                <Set Name="IOCTL_NDIS_RESERVED7"                            Value="0x0017003e" />
                <Set Name="IOCTL_NDIS_RESERVED8"                            Value="0x00170040" />
                <Set Name="IOCTL_NDIS_RESERVED9"                            Value="0x00170044" />
                <Set Name="IOCTL_NDIS_RESERVED10"                           Value="0x00170048" />
                <Set Name="IOCTL_NDIS_RESERVED11"                           Value="0x0017004c" />
                <Set Name="IOCTL_NDIS_RESERVED12"                           Value="0x00170050" />
                <Set Name="IOCTL_NDIS_RESERVED13"                           Value="0x00170054" />
                <Set Name="IOCTL_NDIS_RESERVED14"                           Value="0x00170058" />
                <Set Name="IOCTL_NDIS_RESERVED15"                           Value="0x0017005c" />
                <Set Name="IOCTL_NDIS_RESERVED16"                           Value="0x00170060" />
                <Set Name="IOCTL_NDIS_RESERVED17"                           Value="0x00170064" />
                <Set Name="IOCTL_NDIS_RESERVED18"                           Value="0x00170068" />
                <Set Name="IOCTL_NDIS_RESERVED19"                           Value="0x0017006c" />
                <Set Name="IOCTL_NDIS_RESERVED20"                           Value="0x00170070" />
                <Set Name="IOCTL_NDIS_RESERVED21"                           Value="0x00170074" />
                <Set Name="IOCTL_NDIS_RESERVED22"                           Value="0x00170078" />
                <Set Name="IOCTL_SCSI_PASS_THROUGH"                         Value="0x0004d004" />
                <Set Name="IOCTL_SCSI_MINIPORT"                             Value="0x0004d008" />
                <Set Name="IOCTL_SCSI_GET_INQUIRY_DATA"                     Value="0x0004100c" />
                <Set Name="IOCTL_SCSI_GET_CAPABILITIES"                     Value="0x00041010" />
                <Set Name="IOCTL_SCSI_PASS_THROUGH_DIRECT"                  Value="0x0004d014" />
                <Set Name="IOCTL_SCSI_GET_ADDRESS"                          Value="0x00041018" />
                <Set Name="IOCTL_SCSI_RESCAN_BUS"                           Value="0x0004101c" />
                <Set Name="IOCTL_SCSI_GET_DUMP_POINTERS"                    Value="0x00041020" />
                <Set Name="IOCTL_SCSI_FREE_DUMP_POINTERS"                   Value="0x00041024" />
                <Set Name="IOCTL_IDE_PASS_THROUGH"                          Value="0x0004d028" />
                <Set Name="IOCTL_ATA_PASS_THROUGH"                          Value="0x0004d02c" />
                <Set Name="IOCTL_ATA_PASS_THROUGH_DIRECT"                   Value="0x0004d030" />
                <Set Name="IOCTL_ATA_MINIPORT"                              Value="0x0004d034" />
                <Set Name="IOCTL_MINIPORT_PROCESS_SERVICE_IRP"              Value="0x0004d038" />
                <Set Name="IOCTL_MPIO_PASS_THROUGH_PATH"                    Value="0x0004d03c" />
                <Set Name="IOCTL_MPIO_PASS_THROUGH_PATH_DIRECT"             Value="0x0004d040" />
                <Set Name="IOCTL_SCSI_MINIPORT_NVCACHE"                     Value="0x001b0600" />
                <Set Name="IOCTL_WPD_MESSAGE_READWRITE_ACCESS"              Value="0x0040c108" />
                <Set Name="IOCTL_WPD_MESSAGE_READ_ACCESS"                   Value="0x00404108" />
                <Set Name="IOCTL_TCP_QUERY_INFORMATION_EX"                  Value="0x00120003" />
                <Set Name="IOCTL_STORAGE_CHECK_VERIFY"                      Value="0x002d4800" />
                <Set Name="IOCTL_STORAGE_CHECK_VERIFY2"                     Value="0x002d0800" />
                <Set Name="IOCTL_STORAGE_MEDIA_REMOVAL"                     Value="0x002d4804" />
                <Set Name="IOCTL_STORAGE_EJECT_MEDIA"                       Value="0x002d4808" />
                <Set Name="IOCTL_STORAGE_LOAD_MEDIA"                        Value="0x002d480c" />
                <Set Name="IOCTL_STORAGE_LOAD_MEDIA2"                       Value="0x002d080c" />
                <Set Name="IOCTL_STORAGE_RESERVE"                           Value="0x002d4810" />
                <Set Name="IOCTL_STORAGE_RELEASE"                           Value="0x002d4814" />
                <Set Name="IOCTL_STORAGE_FIND_NEW_DEVICES"                  Value="0x002d4818" />
                <Set Name="IOCTL_STORAGE_EJECTION_CONTROL"                  Value="0x002d0940" />
                <Set Name="IOCTL_STORAGE_MCN_CONTROL"                       Value="0x002d0944" />
                <Set Name="IOCTL_STORAGE_GET_MEDIA_TYPES"                   Value="0x002d0c00" />
                <Set Name="IOCTL_STORAGE_GET_MEDIA_TYPES_EX"                Value="0x002d0c04" />
                <Set Name="IOCTL_STORAGE_GET_MEDIA_SERIAL_NUMBER"           Value="0x002d0c10" />
                <Set Name="IOCTL_STORAGE_GET_HOTPLUG_INFO"                  Value="0x002d0c14" />
                <Set Name="IOCTL_STORAGE_SET_HOTPLUG_INFO"                  Value="0x002dcc18" />
                <Set Name="IOCTL_STORAGE_RESET_BUS"                         Value="0x002d5000" />
                <Set Name="IOCTL_STORAGE_RESET_DEVICE"                      Value="0x002d5004" />
                <Set Name="IOCTL_STORAGE_BREAK_RESERVATION"                 Value="0x002d5014" />
                <Set Name="IOCTL_STORAGE_PERSISTENT_RESERVE_IN"             Value="0x002d5018" />
                <Set Name="IOCTL_STORAGE_PERSISTENT_RESERVE_OUT"            Value="0x002dd01c" />
                <Set Name="IOCTL_STORAGE_GET_DEVICE_NUMBER"                 Value="0x002d1080" />
                <Set Name="IOCTL_STORAGE_PREDICT_FAILURE"                   Value="0x002d1100" />
                <Set Name="IOCTL_STORAGE_READ_CAPACITY"                     Value="0x002d5140" />
                <Set Name="IOCTL_STORAGE_QUERY_PROPERTY"                    Value="0x002d1400" />
                <Set Name="IOCTL_STORAGE_MANAGE_DATA_SET_ATTRIBUTES"        Value="0x002d9404" />
                <Set Name="IOCTL_STORAGE_GET_BC_PROPERTIES"                 Value="0x002d5800" />
                <Set Name="IOCTL_STORAGE_ALLOCATE_BC_STREAM"                Value="0x002dd804" />
                <Set Name="IOCTL_STORAGE_FREE_BC_STREAM"                    Value="0x002dd808" />
                <Set Name="IOCTL_STORAGE_CHECK_PRIORITY_HINT_SUPPORT"       Value="0x002d1880" />
                <Set Name="OBSOLETE_IOCTL_STORAGE_RESET_BUS"                Value="0x002dd000" />
                <Set Name="OBSOLETE_IOCTL_STORAGE_RESET_DEVICE"             Value="0x002dd004" />
                <Set Name="IOCTL_DISK_GET_DRIVE_GEOMETRY"                   Value="0x00070000" />
                <Set Name="IOCTL_DISK_GET_PARTITION_INFO"                   Value="0x00074004" />
                <Set Name="SMART_GET_VERSION"                               Value="0x00074080" />
                <Set Name="SMART_SEND_DRIVE_COMMAND"                        Value="0x0007c084" />
                <Set Name="SMART_RCV_DRIVE_DATA"                            Value="0x0007c088" />
                <Set Name="IOCTL_DISK_SET_PARTITION_INFO"                   Value="0x0007c008" />
                <Set Name="IOCTL_DISK_GET_DRIVE_LAYOUT"                     Value="0x0007400c" />
                <Set Name="IOCTL_DISK_SET_DRIVE_LAYOUT"                     Value="0x0007c010" />
                <Set Name="IOCTL_DISK_VERIFY"                               Value="0x00070014" />
                <Set Name="IOCTL_DISK_FORMAT_TRACKS"                        Value="0x0007c018" />
                <Set Name="IOCTL_DISK_REASSIGN_BLOCKS"                      Value="0x0007c01c" />
                <Set Name="IOCTL_DISK_PERFORMANCE"                          Value="0x00070020" />
                <Set Name="IOCTL_DISK_IS_WRITABLE"                          Value="0x00070024" />
                <Set Name="IOCTL_DISK_LOGGING"                              Value="0x00070028" />
                <Set Name="IOCTL_DISK_FORMAT_TRACKS_EX"                     Value="0x0007c02c" />
                <Set Name="IOCTL_DISK_HISTOGRAM_STRUCTURE"                  Value="0x00070030" />
                <Set Name="IOCTL_DISK_HISTOGRAM_DATA"                       Value="0x00070034" />
                <Set Name="IOCTL_DISK_HISTOGRAM_RESET"                      Value="0x00070038" />
                <Set Name="IOCTL_DISK_REQUEST_STRUCTURE"                    Value="0x0007003c" />
                <Set Name="IOCTL_DISK_REQUEST_DATA"                         Value="0x00070040" />
                <Set Name="IOCTL_DISK_PERFORMANCE_OFF"                      Value="0x00070060" />
                <Set Name="IOCTL_DISK_CONTROLLER_NUMBER"                    Value="0x00070044" />
                <Set Name="IOCTL_DISK_GET_PARTITION_INFO_EX"                Value="0x00070048" />
                <Set Name="IOCTL_DISK_SET_PARTITION_INFO_EX"                Value="0x0007c04c" />
                <Set Name="IOCTL_DISK_GET_DRIVE_LAYOUT_EX"                  Value="0x00070050" />
                <Set Name="IOCTL_DISK_SET_DRIVE_LAYOUT_EX"                  Value="0x0007c054" />
                <Set Name="IOCTL_DISK_CREATE_DISK"                          Value="0x0007c058" />
                <Set Name="IOCTL_DISK_GET_LENGTH_INFO"                      Value="0x0007405c" />
                <Set Name="IOCTL_DISK_GET_DRIVE_GEOMETRY_EX"                Value="0x000700a0" />
                <Set Name="IOCTL_DISK_REASSIGN_BLOCKS_EX"                   Value="0x0007c0a4" />
                <Set Name="IOCTL_DISK_UPDATE_DRIVE_SIZE"                    Value="0x0007c0c8" />
                <Set Name="IOCTL_DISK_GROW_PARTITION"                       Value="0x0007c0d0" />
                <Set Name="IOCTL_DISK_GET_CACHE_INFORMATION"                Value="0x000740d4" />
                <Set Name="IOCTL_DISK_SET_CACHE_INFORMATION"                Value="0x0007c0d8" />
                <Set Name="IOCTL_DISK_GET_WRITE_CACHE_STATE"                Value="0x000740dc" />
                <Set Name="IOCTL_DISK_DELETE_DRIVE_LAYOUT"                  Value="0x0007c100" />
                <Set Name="IOCTL_DISK_UPDATE_PROPERTIES"                    Value="0x00070140" />
                <Set Name="IOCTL_DISK_FORMAT_DRIVE"                         Value="0x0007c3cc" />
                <Set Name="IOCTL_DISK_SENSE_DEVICE"                         Value="0x000703e0" />
                <Set Name="IOCTL_DISK_CHECK_VERIFY"                         Value="0x00074800" />
                <Set Name="IOCTL_DISK_MEDIA_REMOVAL"                        Value="0x00074804" />
                <Set Name="IOCTL_DISK_EJECT_MEDIA"                          Value="0x00074808" />
                <Set Name="IOCTL_DISK_LOAD_MEDIA"                           Value="0x0007480c" />
                <Set Name="IOCTL_DISK_RESERVE"                              Value="0x00074810" />
                <Set Name="IOCTL_DISK_RELEASE"                              Value="0x00074814" />
                <Set Name="IOCTL_DISK_FIND_NEW_DEVICES"                     Value="0x00074818" />
                <Set Name="IOCTL_DISK_GET_MEDIA_TYPES"                      Value="0x00070c00" />
                <Set Name="IOCTL_DISK_RESET_SNAPSHOT_INFO"                  Value="0x0007c210" />
                <Set Name="IOCTL_CHANGER_GET_PARAMETERS"                    Value="0x00304000" />
                <Set Name="IOCTL_CHANGER_GET_STATUS"                        Value="0x00304004" />
                <Set Name="IOCTL_CHANGER_GET_PRODUCT_DATA"                  Value="0x00304008" />
                <Set Name="IOCTL_CHANGER_SET_ACCESS"                        Value="0x0030c010" />
                <Set Name="IOCTL_CHANGER_GET_ELEMENT_STATUS"                Value="0x0030c014" />
                <Set Name="IOCTL_CHANGER_INITIALIZE_ELEMENT_STATUS"         Value="0x00304018" />
                <Set Name="IOCTL_CHANGER_SET_POSITION"                      Value="0x0030401c" />
                <Set Name="IOCTL_CHANGER_EXCHANGE_MEDIUM"                   Value="0x00304020" />
                <Set Name="IOCTL_CHANGER_MOVE_MEDIUM"                       Value="0x00304024" />
                <Set Name="IOCTL_CHANGER_REINITIALIZE_TRANSPORT"            Value="0x00304028" />
                <Set Name="IOCTL_CHANGER_QUERY_VOLUME_TAGS"                 Value="0x0030c02c" />
                <Set Name="IOCTL_SERIAL_LSRMST_INSERT"                      Value="0x001b007c" />
                <Set Name="IOCTL_SERENUM_EXPOSE_HARDWARE"                   Value="0x00370200" />
                <Set Name="IOCTL_SERENUM_REMOVE_HARDWARE"                   Value="0x00370204" />
                <Set Name="IOCTL_SERENUM_PORT_DESC"                         Value="0x00370208" />
                <Set Name="IOCTL_SERENUM_GET_PORT_NAME"                     Value="0x0037020c" />
                <Set Name="IOCTL_VOLUME_GET_VOLUME_DISK_EXTENTS"            Value="0x00560000" />
                <Set Name="IOCTL_VOLUME_ONLINE"                             Value="0x0056c008" />
                <Set Name="IOCTL_VOLUME_OFFLINE"                            Value="0x0056c00c" />
                <Set Name="IOCTL_VOLUME_IS_CLUSTERED"                       Value="0x00560030" />
                <Set Name="IOCTL_VOLUME_GET_GPT_ATTRIBUTES"                 Value="0x00560038" />
                <Set Name="IOCTL_SMARTCARD_POWER"                           Value="0x00310004" />
                <Set Name="IOCTL_SMARTCARD_GET_ATTRIBUTE"                   Value="0x00310008" />
                <Set Name="IOCTL_SMARTCARD_SET_ATTRIBUTE"                   Value="0x0031000c" />
                <Set Name="IOCTL_SMARTCARD_CONFISCATE"                      Value="0x00310010" />
                <Set Name="IOCTL_SMARTCARD_TRANSMIT"                        Value="0x00310014" />
                <Set Name="IOCTL_SMARTCARD_EJECT"                           Value="0x00310018" />
                <Set Name="IOCTL_SMARTCARD_SWALLOW"                         Value="0x0031001c" />
                <Set Name="IOCTL_SMARTCARD_READ"                            Value="0x00310020" />
                <Set Name="IOCTL_SMARTCARD_WRITE"                           Value="0x00310024" />
                <Set Name="IOCTL_SMARTCARD_IS_PRESENT"                      Value="0x00310028" />
                <Set Name="IOCTL_SMARTCARD_IS_ABSENT"                       Value="0x0031002c" />
                <Set Name="IOCTL_SMARTCARD_SET_PROTOCOL"                    Value="0x00310030" />
                <Set Name="IOCTL_SMARTCARD_GET_STATE"                       Value="0x00310038" />
                <Set Name="IOCTL_SMARTCARD_GET_LAST_ERROR"                  Value="0x0031003c" />
                <Set Name="IOCTL_SMARTCARD_GET_PERF_CNTR"                   Value="0x00310040" />
                <Set Name="IOCTL_WMP_METADATA_ROUND_TRIP"                   Value="0x31504d57" />
                <Set Name="IOCTL_WMP_DEVICE_CAN_SYNC"                       Value="0x32504d57" />
                <Set Name="IOCTL_DO_NOTHING"                                Value="0x00222a80" />
                <Set Name="IOCTL_HOLD_REQUEST"                              Value="0x00222a84" />
                <Set Name="IOCTL_TAPE_ERASE"                                Value="0x001fc000" />
                <Set Name="IOCTL_TAPE_PREPARE"                              Value="0x001f4004" />
                <Set Name="IOCTL_TAPE_WRITE_MARKS"                          Value="0x001fc008" />
                <Set Name="IOCTL_TAPE_GET_POSITION"                         Value="0x001f400c" />
                <Set Name="IOCTL_TAPE_SET_POSITION"                         Value="0x001f4010" />
                <Set Name="IOCTL_TAPE_GET_DRIVE_PARAMS"                     Value="0x001f4014" />
                <Set Name="IOCTL_TAPE_SET_DRIVE_PARAMS"                     Value="0x001fc018" />
                <Set Name="IOCTL_TAPE_GET_MEDIA_PARAMS"                     Value="0x001f401c" />
                <Set Name="IOCTL_TAPE_SET_MEDIA_PARAMS"                     Value="0x001fc020" />
                <Set Name="IOCTL_TAPE_GET_STATUS"                           Value="0x001f4024" />
                <Set Name="IOCTL_TAPE_CREATE_PARTITION"                     Value="0x001fc028" />
                <Set Name="IOCTL_TAPE_CHECK_VERIFY"                         Value="0x001f4800" />
                <Set Name="IOCTL_TAPE_MEDIA_REMOVAL"                        Value="0x001f4804" />
                <Set Name="IOCTL_TAPE_EJECT_MEDIA"                          Value="0x001f4808" />
                <Set Name="IOCTL_TAPE_LOAD_MEDIA"                           Value="0x001f480c" />
                <Set Name="IOCTL_TAPE_RESERVE"                              Value="0x001f4810" />
                <Set Name="IOCTL_TAPE_RELEASE"                              Value="0x001f4814" />
                <Set Name="IOCTL_TAPE_FIND_NEW_DEVICES"                     Value="0x00074818" />
                <Set Name="IOCTL_PAR_QUERY_INFORMATION"                     Value="0x00160004" />
                <Set Name="IOCTL_PAR_SET_INFORMATION"                       Value="0x00160008" />
                <Set Name="IOCTL_PAR_QUERY_DEVICE_ID"                       Value="0x0016000c" />
                <Set Name="IOCTL_PAR_QUERY_DEVICE_ID_SIZE"                  Value="0x00160010" />
                <Set Name="FT_INITIALIZE_SET"                               Value="0x00660000" />
                <Set Name="FT_REGENERATE"                                   Value="0x00660004" />
                <Set Name="FT_CONFIGURE"                                    Value="0x0066000b" />
                <Set Name="FT_VERIFY"                                       Value="0x0066000c" />
                <Set Name="FT_SECONDARY_READ"                               Value="0x00660012" />
                <Set Name="FT_PRIMARY_READ"                                 Value="0x00660016" />
                <Set Name="FT_BALANCED_READ_MODE"                           Value="0x0066001b" />
                <Set Name="FT_SYNC_REDUNDANT_COPY"                          Value="0x0066001c" />
                <Set Name="FT_SEQUENTIAL_WRITE_MODE"                        Value="0x00660023" />
                <Set Name="FT_PARALLEL_WRITE_MODE"                          Value="0x00660027" />
                <Set Name="FT_QUERY_SET_STATE"                              Value="0x00660028" />
                <Set Name="IOCTL_DISK_INTERNAL_SET_VERIFY"                  Value="0x00070403" />
                <Set Name="IOCTL_DISK_INTERNAL_CLEAR_VERIFY"                Value="0x00070407" />
                <Set Name="IOCTL_DISK_CHECK_VERIFY"                         Value="0x00074800" />
                <Set Name="IOCTL_DISK_MEDIA_REMOVAL"                        Value="0x00074804" />
                <Set Name="IOCTL_DISK_EJECT_MEDIA"                          Value="0x00074808" />
                <Set Name="IOCTL_DISK_LOAD_MEDIA"                           Value="0x0007480c" />
                <Set Name="IOCTL_DISK_RESERVE"                              Value="0x00074810" />
                <Set Name="IOCTL_DISK_RELEASE"                              Value="0x00074814" />
                <Set Name="IOCTL_DISK_FIND_NEW_DEVICES"                     Value="0x00074818" />
                <Set Name="IOCTL_DISK_GET_MEDIA_TYPES"                      Value="0x00070c00" />
                <Set Name="IOCTL_DISK_SIMBAD"                               Value="0x0007d000" />
                <Set Name="IOCTL_CDROM_UNLOAD_DRIVER"                       Value="0x00025008" />
                <Set Name="IOCTL_CDROM_READ_TOC"                            Value="0x00024000" />
                <Set Name="IOCTL_CDROM_GET_CONTROL"                         Value="0x00024034" />
                <Set Name="IOCTL_CDROM_PLAY_AUDIO_MSF"                      Value="0x00024018" />
                <Set Name="IOCTL_CDROM_SEEK_AUDIO_MSF"                      Value="0x00024004" />
                <Set Name="IOCTL_CDROM_STOP_AUDIO"                          Value="0x00024008" />
                <Set Name="IOCTL_CDROM_PAUSE_AUDIO"                         Value="0x0002400c" />
                <Set Name="IOCTL_CDROM_RESUME_AUDIO"                        Value="0x00024010" />
                <Set Name="IOCTL_CDROM_GET_VOLUME"                          Value="0x00024014" />
                <Set Name="IOCTL_CDROM_SET_VOLUME"                          Value="0x00024028" />
                <Set Name="IOCTL_CDROM_READ_Q_CHANNEL"                      Value="0x0002402c" />
                <Set Name="IOCTL_CDROM_GET_LAST_SESSION"                    Value="0x00024038" />
                <Set Name="IOCTL_CDROM_RAW_READ"                            Value="0x0002403e" />
                <Set Name="IOCTL_CDROM_DISK_TYPE"                           Value="0x00020040" />
                <Set Name="IOCTL_CDROM_GET_DRIVE_GEOMETRY"                  Value="0x0002404c" />
                <Set Name="IOCTL_CDROM_CHECK_VERIFY"                        Value="0x00024800" />
                <Set Name="IOCTL_CDROM_MEDIA_REMOVAL"                       Value="0x00024804" />
                <Set Name="IOCTL_CDROM_EJECT_MEDIA"                         Value="0x00024808" />
                <Set Name="IOCTL_CDROM_LOAD_MEDIA"                          Value="0x0002480c" />
                <Set Name="IOCTL_CDROM_RESERVE"                             Value="0x00024810" />
                <Set Name="IOCTL_CDROM_RELEASE"                             Value="0x00024814" />
                <Set Name="IOCTL_CDROM_FIND_NEW_DEVICES"                    Value="0x00024818" />
                <Set Name="IOCTL_CDROM_SIMBAD"                              Value="0x0002400c" />
                <Set Name="IOCTL_BEEP_SET"                                  Value="0x00010000" />
                <Set Name="IOCTL_AQUIRE_FDC"                                Value="0x001f0007" />
                <Set Name="IOCTL_RELEASE_FDC"                               Value="0x001f000b" />
                <Set Name="IOCTL_GET_FDC_INFO"                              Value="0x001f000f" />
                <Set Name="IOCTL_SET_FDC_MODE"                              Value="0x001f0013" />
                <Set Name="IOCTL_ADD_CONTENDER"                             Value="0x001f0017" />
                <Set Name="IOCTL_CHECK_DELAY"                               Value="0x00222a80" />
                <Set Name="IOCTL_SCSI_EXECUTE_IN"                           Value="0x001b0011" />
                <Set Name="IOCTL_SCSI_EXECUTE_OUT"                          Value="0x001b0012" />
                <Set Name="IOCTL_SCSI_EXECUTE_NONE"                         Value="0x001b0013" />
                <Set Name="IOCTL_SCSI_MINIPORT_SMART_VERSION"               Value="0x001b0500" />
                <Set Name="IOCTL_SCSI_MINIPORT_IDENTIFY"                    Value="0x001b0501" />
                <Set Name="IOCTL_SCSI_MINIPORT_READ_SMART_ATTRIBS"          Value="0x001b0502" />
                <Set Name="IOCTL_SCSI_MINIPORT_READ_SMART_THRESHOLDS"       Value="0x001b0503" />
                <Set Name="IOCTL_SCSI_MINIPORT_ENABLE_SMART"                Value="0x001b0504" />
                <Set Name="IOCTL_SCSI_MINIPORT_DISABLE_SMART"               Value="0x001b0505" />
                <Set Name="IOCTL_SCSI_MINIPORT_RETURN_STATUS"               Value="0x001b0506" />
                <Set Name="IOCTL_SCSI_MINIPORT_ENABLE_DISABLE_AUTOSAVE"     Value="0x001b0507" />
                <Set Name="IOCTL_SCSI_MINIPORT_SAVE_ATTRIBUTE_VALUES"       Value="0x001b0508" />
                <Set Name="IOCTL_SCSI_MINIPORT_EXECUTE_OFFLINE_DIAGS"       Value="0x001b0509" />
                <Set Name="IOCTL_AFD_BIND"                                  Value="0x00012003" />
                <Set Name="IOCTL_AFD_CONNECT"                               Value="0x00012007" />
                <Set Name="IOCTL_AFD_START_LISTEN"                          Value="0x0001200b" />
                <Set Name="IOCTL_AFD_WAIT_FOR_LISTEN"                       Value="0x0001200c" />
                <Set Name="IOCTL_AFD_ACCEPT"                                Value="0x00012010" />
                <Set Name="IOCTL_AFD_RECV"                                  Value="0x00012017" />
                <Set Name="IOCTL_AFD_RECV_DATAGRAM"                         Value="0x0001201b" />
                <Set Name="IOCTL_AFD_SEND"                                  Value="0x0001201f" />
                <Set Name="IOCTL_AFD_SEND_DATAGRAM"                         Value="0x00012023" />
                <Set Name="IOCTL_AFD_SELECT"                                Value="0x00012024" />
                <Set Name="IOCTL_AFD_DISCONNECT"                            Value="0x0001202b" />
                <Set Name="IOCTL_AFD_GET_SOCK_NAME"                         Value="0x0001202f" />
                <Set Name="IOCTL_AFD_GET_PEER_NAME"                         Value="0x00012033" />
                <Set Name="IOCTL_AFD_GET_TDI_HANDLES"                       Value="0x00012037" />
                <Set Name="IOCTL_AFD_SET_INFO"                              Value="0x0001203b" />
                <Set Name="IOCTL_AFD_GET_CONTEXT"                           Value="0x00012043" />
                <Set Name="IOCTL_AFD_SET_CONTEXT"                           Value="0x00012047" />
                <Set Name="IOCTL_AFD_SET_CONNECT_DATA"                      Value="0x0001204b" />
                <Set Name="IOCTL_AFD_SET_CONNECT_OPTIONS"                   Value="0x0001204f" />
                <Set Name="IOCTL_AFD_SET_DISCONNECT_DATA"                   Value="0x00012053" />
                <Set Name="IOCTL_AFD_SET_DISCONNECT_OPTIONS"                Value="0x00012057" />
                <Set Name="IOCTL_AFD_GET_CONNECT_DATA"                      Value="0x0001205b" />
                <Set Name="IOCTL_AFD_GET_CONNECT_OPTIONS"                   Value="0x0001205f" />
                <Set Name="IOCTL_AFD_GET_DISCONNECT_DATA"                   Value="0x00012063" />
                <Set Name="IOCTL_AFD_GET_DISCONNECT_OPTIONS"                Value="0x00012067" />
                <Set Name="IOCTL_AFD_SET_CONNECT_DATA_SIZE"                 Value="0x0001206b" />
                <Set Name="IOCTL_AFD_SET_CONNECT_OPTIONS_SIZE"              Value="0x0001206f" />
                <Set Name="IOCTL_AFD_SET_DISCONNECT_DATA_SIZE"              Value="0x00012073" />
                <Set Name="IOCTL_AFD_SET_DISCONNECT_OPTIONS_SIZE"           Value="0x00012077" />
                <Set Name="IOCTL_AFD_GET_INFO"                              Value="0x0001207b" />
                <Set Name="IOCTL_AFD_EVENT_SELECT"                          Value="0x00012087" />
                <Set Name="IOCTL_AFD_DEFER_ACCEPT"                          Value="0x0001208f" />
                <Set Name="IOCTL_AFD_GET_PENDING_CONNECT_DATA"              Value="0x000120a7" />
                <Set Name="IOCTL_AFD_ENUM_NETWORK_EVENTS"                   Value="0x0001208b" />
                <Set Name="IOCTL_MOUNTMGR_CREATE_POINT"                     Value="0x006dc000" />
                <Set Name="IOCTL_MOUNTMGR_DELETE_POINTS"                    Value="0x006dc004" />
                <Set Name="IOCTL_MOUNTMGR_QUERY_POINTS"                     Value="0x006d0008" />
                <Set Name="IOCTL_MOUNTMGR_DELETE_POINTS_DBONLY"             Value="0x006dc00c" />
                <Set Name="IOCTL_MOUNTMGR_NEXT_DRIVE_LETTER"                Value="0x006dc010" />
                <Set Name="IOCTL_MOUNTMGR_AUTO_DL_ASSIGNMENTS"              Value="0x006dc014" />
                <Set Name="IOCTL_MOUNTMGR_VOLUME_MOUNT_POINT_CREATED"       Value="0x006dc018" />
                <Set Name="IOCTL_MOUNTMGR_VOLUME_MOUNT_POINT_DELETED"       Value="0x006dc01c" />
                <Set Name="IOCTL_MOUNTMGR_CHANGE_NOTIFY"                    Value="0x006d4020" />
                <Set Name="IOCTL_MOUNTMGR_KEEP_LINKS_WHEN_OFFLINE"          Value="0x006dc024" />
                <Set Name="IOCTL_MOUNTMGR_CHECK_UNPROCESSED_VOLUMES"        Value="0x006d4028" />
                <Set Name="IOCTL_MOUNTMGR_VOLUME_ARRIVAL_NOTIFICATION"      Value="0x006d402c" />
                <Set Name="IOCTL_MOUNTMGR_QUERY_DOS_VOLUME_PATH"            Value="0x006d0030" />
                <Set Name="IOCTL_MOUNTMGR_QUERY_DOS_VOLUME_PATHS"           Value="0x006d0034" />
                <Set Name="IOCTL_MOUNTDEV_QUERY_DEVICE_NAME"                Value="0x004d0008" />
            </Enum>
        </Variable>
    </Headers>
</ApiMonitor>