<!--
    API Monitor Definitions
    (c) 2010-2011, Rohitab Batra <rohitab@rohitab.com>
    http://www.rohitab.com/apimonitor/
-->
<ApiMonitor>
    <Include Filename="Headers\windows.h.xml" />
    <Headers>

        <!-- TODO: Should we display FOURCC as String/Char ? -->
        <Variable Name="FOURCC" Type="Alias" Base="DWORD">
            <Set Name="streamtypeVIDEO"         Value="0x73646976" />
            <Set Name="streamtypeAUDIO"         Value="0x73647561" />
            <Set Name="streamtypeMIDI"          Value="0x7364696d" />
            <Set Name="streamtypeTEXT"          Value="0x73747874" />
        </Variable>

        <!-- MMRESULT -->
        <Variable Name="MMRESULT" Type="Alias" Base="UINT">
            <Enum>
                <Set Name="MMSYSERR_NOERROR"                Value="0" />
                <Set Name="MMSYSERR_ERROR"                  Value="1" />
                <Set Name="MMSYSERR_BADDEVICEID"            Value="2" />
                <Set Name="MMSYSERR_NOTENABLED"             Value="3" />
                <Set Name="MMSYSERR_ALLOCATED"              Value="4" />
                <Set Name="MMSYSERR_INVALHANDLE"            Value="5" />
                <Set Name="MMSYSERR_NODRIVER"               Value="6" />
                <Set Name="MMSYSERR_NOMEM"                  Value="7" />
                <Set Name="MMSYSERR_NOTSUPPORTED"           Value="8" />
                <Set Name="MMSYSERR_BADERRNUM"              Value="9" />
                <Set Name="MMSYSERR_INVALFLAG"              Value="10" />
                <Set Name="MMSYSERR_INVALPARAM"             Value="11" />
                <Set Name="MMSYSERR_HANDLEBUSY"             Value="12" />
                <Set Name="MMSYSERR_INVALIDALIAS"           Value="13" />
                <Set Name="MMSYSERR_BADDB"                  Value="14" />
                <Set Name="MMSYSERR_KEYNOTFOUND"            Value="15" />
                <Set Name="MMSYSERR_READERROR"              Value="16" />
                <Set Name="MMSYSERR_WRITEERROR"             Value="17" />
                <Set Name="MMSYSERR_DELETEERROR"            Value="18" />
                <Set Name="MMSYSERR_VALNOTFOUND"            Value="19" />
                <Set Name="MMSYSERR_NODRIVERCB"             Value="20" />
                <Set Name="MMSYSERR_MOREDATA"               Value="21" />
                <Set Name="WAVERR_BADFORMAT"                Value="32" />
                <Set Name="WAVERR_STILLPLAYING"             Value="33" />
                <Set Name="WAVERR_UNPREPARED"               Value="34" />
                <Set Name="WAVERR_SYNC"                     Value="35" />
                <Set Name="MIDIERR_UNPREPARED"              Value="64" />
                <Set Name="MIDIERR_STILLPLAYING"            Value="65" />
                <Set Name="MIDIERR_NOMAP"                   Value="66" />
                <Set Name="MIDIERR_NOTREADY"                Value="67" />
                <Set Name="MIDIERR_NODEVICE"                Value="68" />
                <Set Name="MIDIERR_INVALIDSETUP"            Value="69" />
                <Set Name="MIDIERR_BADOPENMODE"             Value="70" />
                <Set Name="MIDIERR_DONT_CONTINUE"           Value="71" />
                <Set Name="JOYERR_PARMS"                    Value="165" />
                <Set Name="JOYERR_NOCANDO"                  Value="166" />
                <Set Name="JOYERR_UNPLUGGED"                Value="167" />
                <Set Name="MMIOERR_FILENOTFOUND"            Value="257" />
                <Set Name="MMIOERR_OUTOFMEMORY"             Value="258" />
                <Set Name="MMIOERR_CANNOTOPEN"              Value="259" />
                <Set Name="MMIOERR_CANNOTCLOSE"             Value="260" />
                <Set Name="MMIOERR_CANNOTREAD"              Value="261" />
                <Set Name="MMIOERR_CANNOTWRITE"             Value="262" />
                <Set Name="MMIOERR_CANNOTSEEK"              Value="263" />
                <Set Name="MMIOERR_CANNOTEXPAND"            Value="264" />
                <Set Name="MMIOERR_CHUNKNOTFOUND"           Value="265" />
                <Set Name="MMIOERR_UNBUFFERED"              Value="266" />
                <Set Name="MMIOERR_PATHNOTFOUND"            Value="267" />
                <Set Name="MMIOERR_ACCESSDENIED"            Value="268" />
                <Set Name="MMIOERR_SHARINGVIOLATION"        Value="269" />
                <Set Name="MMIOERR_NETWORKERROR"            Value="270" />
                <Set Name="MMIOERR_TOOMANYOPENFILES"        Value="271" />
                <Set Name="MMIOERR_INVALIDFILE"             Value="272" />
                <Set Name="ACMERR_NOTPOSSIBLE"              Value="512" />
                <Set Name="ACMERR_BUSY"                     Value="513" />
                <Set Name="ACMERR_UNPREPARED"               Value="514" />
                <Set Name="ACMERR_CANCELED"                 Value="515" />
                <Set Name="MIXERR_INVALLINE"                Value="1024" />
                <Set Name="MIXERR_INVALCONTROL"             Value="1025" />
                <Set Name="MIXERR_INVALVALUE"               Value="1026" />
            </Enum>
        </Variable>

        <!-- [WaveFormat] -->
        <Variable Name="[WaveFormat]" Type="Alias" Base="WORD">
            <Display Name="WORD" />
            <Enum>
                <Set Name="WAVE_FORMAT_UNKNOWN"                 Value="0x0000" />
                <Set Name="WAVE_FORMAT_PCM"                     Value="0x0001" />
                <Set Name="WAVE_FORMAT_ADPCM"                   Value="0x0002" />
                <Set Name="WAVE_FORMAT_IEEE_FLOAT"              Value="0x0003" />
                <Set Name="WAVE_FORMAT_VSELP"                   Value="0x0004" />
                <Set Name="WAVE_FORMAT_IBM_CVSD"                Value="0x0005" />
                <Set Name="WAVE_FORMAT_ALAW"                    Value="0x0006" />
                <Set Name="WAVE_FORMAT_MULAW"                   Value="0x0007" />
                <Set Name="WAVE_FORMAT_DTS"                     Value="0x0008" />
                <Set Name="WAVE_FORMAT_DRM"                     Value="0x0009" />
                <Set Name="WAVE_FORMAT_WMAVOICE9"               Value="0x000A" />
                <Set Name="WAVE_FORMAT_WMAVOICE10"              Value="0x000B" />
                <Set Name="WAVE_FORMAT_OKI_ADPCM"               Value="0x0010" />
                <Set Name="WAVE_FORMAT_DVI_ADPCM"               Value="0x0011" />
                <Set Name="WAVE_FORMAT_MEDIASPACE_ADPCM"        Value="0x0012" />
                <Set Name="WAVE_FORMAT_SIERRA_ADPCM"            Value="0x0013" />
                <Set Name="WAVE_FORMAT_G723_ADPCM"              Value="0x0014" />
                <Set Name="WAVE_FORMAT_DIGISTD"                 Value="0x0015" />
                <Set Name="WAVE_FORMAT_DIGIFIX"                 Value="0x0016" />
                <Set Name="WAVE_FORMAT_DIALOGIC_OKI_ADPCM"      Value="0x0017" />
                <Set Name="WAVE_FORMAT_MEDIAVISION_ADPCM"       Value="0x0018" />
                <Set Name="WAVE_FORMAT_CU_CODEC"                Value="0x0019" />
                <Set Name="WAVE_FORMAT_YAMAHA_ADPCM"            Value="0x0020" />
                <Set Name="WAVE_FORMAT_SONARC"                  Value="0x0021" />
                <Set Name="WAVE_FORMAT_DSPGROUP_TRUESPEECH"     Value="0x0022" />
                <Set Name="WAVE_FORMAT_ECHOSC1"                 Value="0x0023" />
                <Set Name="WAVE_FORMAT_AUDIOFILE_AF36"          Value="0x0024" />
                <Set Name="WAVE_FORMAT_APTX"                    Value="0x0025" />
                <Set Name="WAVE_FORMAT_AUDIOFILE_AF10"          Value="0x0026" />
                <Set Name="WAVE_FORMAT_PROSODY_1612"            Value="0x0027" />
                <Set Name="WAVE_FORMAT_LRC"                     Value="0x0028" />
                <Set Name="WAVE_FORMAT_DOLBY_AC2"               Value="0x0030" />
                <Set Name="WAVE_FORMAT_GSM610"                  Value="0x0031" />
                <Set Name="WAVE_FORMAT_MSNAUDIO"                Value="0x0032" />
                <Set Name="WAVE_FORMAT_ANTEX_ADPCME"            Value="0x0033" />
                <Set Name="WAVE_FORMAT_CONTROL_RES_VQLPC"       Value="0x0034" />
                <Set Name="WAVE_FORMAT_DIGIREAL"                Value="0x0035" />
                <Set Name="WAVE_FORMAT_DIGIADPCM"               Value="0x0036" />
                <Set Name="WAVE_FORMAT_CONTROL_RES_CR10"        Value="0x0037" />
                <Set Name="WAVE_FORMAT_NMS_VBXADPCM"            Value="0x0038" />
                <Set Name="WAVE_FORMAT_CS_IMAADPCM"             Value="0x0039" />
                <Set Name="WAVE_FORMAT_ECHOSC3"                 Value="0x003A" />
                <Set Name="WAVE_FORMAT_ROCKWELL_ADPCM"          Value="0x003B" />
                <Set Name="WAVE_FORMAT_ROCKWELL_DIGITALK"       Value="0x003C" />
                <Set Name="WAVE_FORMAT_XEBEC"                   Value="0x003D" />
                <Set Name="WAVE_FORMAT_G721_ADPCM"              Value="0x0040" />
                <Set Name="WAVE_FORMAT_G728_CELP"               Value="0x0041" />
                <Set Name="WAVE_FORMAT_MSG723"                  Value="0x0042" />
                <Set Name="WAVE_FORMAT_MPEG"                    Value="0x0050" />
                <Set Name="WAVE_FORMAT_RT24"                    Value="0x0052" />
                <Set Name="WAVE_FORMAT_PAC"                     Value="0x0053" />
                <Set Name="WAVE_FORMAT_MPEGLAYER3"              Value="0x0055" />
                <Set Name="WAVE_FORMAT_LUCENT_G723"             Value="0x0059" />
                <Set Name="WAVE_FORMAT_CIRRUS"                  Value="0x0060" />
                <Set Name="WAVE_FORMAT_ESPCM"                   Value="0x0061" />
                <Set Name="WAVE_FORMAT_VOXWARE"                 Value="0x0062" />
                <Set Name="WAVE_FORMAT_CANOPUS_ATRAC"           Value="0x0063" />
                <Set Name="WAVE_FORMAT_G726_ADPCM"              Value="0x0064" />
                <Set Name="WAVE_FORMAT_G722_ADPCM"              Value="0x0065" />
                <Set Name="WAVE_FORMAT_DSAT_DISPLAY"            Value="0x0067" />
                <Set Name="WAVE_FORMAT_VOXWARE_BYTE_ALIGNED"    Value="0x0069" />
                <Set Name="WAVE_FORMAT_VOXWARE_AC8"             Value="0x0070" />
                <Set Name="WAVE_FORMAT_VOXWARE_AC10"            Value="0x0071" />
                <Set Name="WAVE_FORMAT_VOXWARE_AC16"            Value="0x0072" />
                <Set Name="WAVE_FORMAT_VOXWARE_AC20"            Value="0x0073" />
                <Set Name="WAVE_FORMAT_VOXWARE_RT24"            Value="0x0074" />
                <Set Name="WAVE_FORMAT_VOXWARE_RT29"            Value="0x0075" />
                <Set Name="WAVE_FORMAT_VOXWARE_RT29HW"          Value="0x0076" />
                <Set Name="WAVE_FORMAT_VOXWARE_VR12"            Value="0x0077" />
                <Set Name="WAVE_FORMAT_VOXWARE_VR18"            Value="0x0078" />
                <Set Name="WAVE_FORMAT_VOXWARE_TQ40"            Value="0x0079" />
                <Set Name="WAVE_FORMAT_SOFTSOUND"               Value="0x0080" />
                <Set Name="WAVE_FORMAT_VOXWARE_TQ60"            Value="0x0081" />
                <Set Name="WAVE_FORMAT_MSRT24"                  Value="0x0082" />
                <Set Name="WAVE_FORMAT_G729A"                   Value="0x0083" />
                <Set Name="WAVE_FORMAT_MVI_MVI2"                Value="0x0084" />
                <Set Name="WAVE_FORMAT_DF_G726"                 Value="0x0085" />
                <Set Name="WAVE_FORMAT_DF_GSM610"               Value="0x0086" />
                <Set Name="WAVE_FORMAT_ISIAUDIO"                Value="0x0088" />
                <Set Name="WAVE_FORMAT_ONLIVE"                  Value="0x0089" />
                <Set Name="WAVE_FORMAT_SBC24"                   Value="0x0091" />
                <Set Name="WAVE_FORMAT_DOLBY_AC3_SPDIF"         Value="0x0092" />
                <Set Name="WAVE_FORMAT_MEDIASONIC_G723"         Value="0x0093" />
                <Set Name="WAVE_FORMAT_PROSODY_8KBPS"           Value="0x0094" />
                <Set Name="WAVE_FORMAT_ZYXEL_ADPCM"             Value="0x0097" />
                <Set Name="WAVE_FORMAT_PHILIPS_LPCBB"           Value="0x0098" />
                <Set Name="WAVE_FORMAT_PACKED"                  Value="0x0099" />
                <Set Name="WAVE_FORMAT_MALDEN_PHONYTALK"        Value="0x00A0" />
                <Set Name="WAVE_FORMAT_RAW_AAC1"                Value="0x00FF" />
                <Set Name="WAVE_FORMAT_RHETOREX_ADPCM"          Value="0x0100" />
                <Set Name="WAVE_FORMAT_IRAT"                    Value="0x0101" />
                <Set Name="WAVE_FORMAT_VIVO_G723"               Value="0x0111" />
                <Set Name="WAVE_FORMAT_VIVO_SIREN"              Value="0x0112" />
                <Set Name="WAVE_FORMAT_DIGITAL_G723"            Value="0x0123" />
                <Set Name="WAVE_FORMAT_SANYO_LD_ADPCM"          Value="0x0125" />
                <Set Name="WAVE_FORMAT_SIPROLAB_ACEPLNET"       Value="0x0130" />
                <Set Name="WAVE_FORMAT_SIPROLAB_ACELP4800"      Value="0x0131" />
                <Set Name="WAVE_FORMAT_SIPROLAB_ACELP8V3"       Value="0x0132" />
                <Set Name="WAVE_FORMAT_SIPROLAB_G729"           Value="0x0133" />
                <Set Name="WAVE_FORMAT_SIPROLAB_G729A"          Value="0x0134" />
                <Set Name="WAVE_FORMAT_SIPROLAB_KELVIN"         Value="0x0135" />
                <Set Name="WAVE_FORMAT_G726ADPCM"               Value="0x0140" />
                <Set Name="WAVE_FORMAT_QUALCOMM_PUREVOICE"      Value="0x0150" />
                <Set Name="WAVE_FORMAT_QUALCOMM_HALFRATE"       Value="0x0151" />
                <Set Name="WAVE_FORMAT_TUBGSM"                  Value="0x0155" />
                <Set Name="WAVE_FORMAT_MSAUDIO1"                Value="0x0160" />
                <Set Name="WAVE_FORMAT_WMAUDIO2"                Value="0x0161" />
                <Set Name="WAVE_FORMAT_WMAUDIO3"                Value="0x0162" />
                <Set Name="WAVE_FORMAT_WMAUDIO_LOSSLESS"        Value="0x0163" />
                <Set Name="WAVE_FORMAT_WMASPDIF"                Value="0x0164" />
                <Set Name="WAVE_FORMAT_UNISYS_NAP_ADPCM"        Value="0x0170" />
                <Set Name="WAVE_FORMAT_UNISYS_NAP_ULAW"         Value="0x0171" />
                <Set Name="WAVE_FORMAT_UNISYS_NAP_ALAW"         Value="0x0172" />
                <Set Name="WAVE_FORMAT_UNISYS_NAP_16K"          Value="0x0173" />
                <Set Name="WAVE_FORMAT_CREATIVE_ADPCM"          Value="0x0200" />
                <Set Name="WAVE_FORMAT_CREATIVE_FASTSPEECH8"    Value="0x0202" />
                <Set Name="WAVE_FORMAT_CREATIVE_FASTSPEECH10"   Value="0x0203" />
                <Set Name="WAVE_FORMAT_UHER_ADPCM"              Value="0x0210" />
                <Set Name="WAVE_FORMAT_QUARTERDECK"             Value="0x0220" />
                <Set Name="WAVE_FORMAT_ILINK_VC"                Value="0x0230" />
                <Set Name="WAVE_FORMAT_RAW_SPORT"               Value="0x0240" />
                <Set Name="WAVE_FORMAT_ESST_AC3"                Value="0x0241" />
                <Set Name="WAVE_FORMAT_GENERIC_PASSTHRU"        Value="0x0249" />
                <Set Name="WAVE_FORMAT_IPI_HSX"                 Value="0x0250" />
                <Set Name="WAVE_FORMAT_IPI_RPELP"               Value="0x0251" />
                <Set Name="WAVE_FORMAT_CS2"                     Value="0x0260" />
                <Set Name="WAVE_FORMAT_SONY_SCX"                Value="0x0270" />
                <Set Name="WAVE_FORMAT_FM_TOWNS_SND"            Value="0x0300" />
                <Set Name="WAVE_FORMAT_BTV_DIGITAL"             Value="0x0400" />
                <Set Name="WAVE_FORMAT_QDESIGN_MUSIC"           Value="0x0450" />
                <Set Name="WAVE_FORMAT_VME_VMPCM"               Value="0x0680" />
                <Set Name="WAVE_FORMAT_TPC"                     Value="0x0681" />
                <Set Name="WAVE_FORMAT_OLIGSM"                  Value="0x1000" />
                <Set Name="WAVE_FORMAT_OLIADPCM"                Value="0x1001" />
                <Set Name="WAVE_FORMAT_OLICELP"                 Value="0x1002" />
                <Set Name="WAVE_FORMAT_OLISBC"                  Value="0x1003" />
                <Set Name="WAVE_FORMAT_OLIOPR"                  Value="0x1004" />
                <Set Name="WAVE_FORMAT_LH_CODEC"                Value="0x1100" />
                <Set Name="WAVE_FORMAT_NORRIS"                  Value="0x1400" />
                <Set Name="WAVE_FORMAT_SOUNDSPACE_MUSICOMPRESS" Value="0x1500" />
                <Set Name="WAVE_FORMAT_MPEG_ADTS_AAC"           Value="0x1600" />
                <Set Name="WAVE_FORMAT_MPEG_RAW_AAC"            Value="0x1601" />
                <Set Name="WAVE_FORMAT_MPEG_LOAS"               Value="0x1602" />
                <Set Name="WAVE_FORMAT_NOKIA_MPEG_ADTS_AAC"     Value="0x1608" />
                <Set Name="WAVE_FORMAT_NOKIA_MPEG_RAW_AAC"      Value="0x1609" />
                <Set Name="WAVE_FORMAT_VODAFONE_MPEG_ADTS_AAC"  Value="0x160A" />
                <Set Name="WAVE_FORMAT_VODAFONE_MPEG_RAW_AAC"   Value="0x160B" />
                <Set Name="WAVE_FORMAT_MPEG_HEAAC"              Value="0x1610" />
                <Set Name="WAVE_FORMAT_DVM"                     Value="0x2000" />
                <Set Name="WAVE_FORMAT_DTS2"                    Value="0x2001" />
                <Set Name="WAVE_FORMAT_EXTENSIBLE"              Value="0xFFFE" />
                <Set Name="WAVE_FORMAT_DEVELOPMENT"             Value="0xFFFF" />
            </Enum>
        </Variable>

        <!-- WAVEFORMATEX -->
        <Variable Name="WAVEFORMATEX" Type="Struct" Pack="1">
            <Field Type="[WaveFormat]"  Name="wFormatTag" />
            <Field Type="WORD"          Name="nChannels" />
            <Field Type="DWORD"         Name="nSamplesPerSec" />
            <Field Type="DWORD"         Name="nAvgBytesPerSec" />
            <Field Type="WORD"          Name="nBlockAlign" />
            <Field Type="WORD"          Name="wBitsPerSample" />
            <Field Type="WORD"          Name="cbSize" />
        </Variable>
        <Variable Name="LPWAVEFORMATEX"         Type="Pointer" Base="WAVEFORMATEX"/>
        <Variable Name="LPCWAVEFORMATEX"        Type="Pointer" Base="WAVEFORMATEX"/>
        <Variable Name="WAVEFORMATEX*"          Type="Pointer" Base="WAVEFORMATEX"/>
        <Variable Name="WAVEFORMATEX**"         Type="Pointer" Base="WAVEFORMATEX*"/>
        <Variable Name="const WAVEFORMATEX*"    Type="Pointer" Base="WAVEFORMATEX"/>

        <!-- [SPEAKER_POSITION] -->
        <Variable Name="[SPEAKER_POSITION]" Type="Alias" Base="DWORD">
            <Display Name="DWORD" />
            <Flag>
                <Set Name="SPEAKER_FRONT_LEFT"              Value="0x1" />
                <Set Name="SPEAKER_FRONT_RIGHT"             Value="0x2" />
                <Set Name="SPEAKER_FRONT_CENTER"            Value="0x4" />
                <Set Name="SPEAKER_LOW_FREQUENCY"           Value="0x8" />
                <Set Name="SPEAKER_BACK_LEFT"               Value="0x10" />
                <Set Name="SPEAKER_BACK_RIGHT"              Value="0x20" />
                <Set Name="SPEAKER_FRONT_LEFT_OF_CENTER"    Value="0x40" />
                <Set Name="SPEAKER_FRONT_RIGHT_OF_CENTER"   Value="0x80" />
                <Set Name="SPEAKER_BACK_CENTER"             Value="0x100" />
                <Set Name="SPEAKER_SIDE_LEFT"               Value="0x200" />
                <Set Name="SPEAKER_SIDE_RIGHT"              Value="0x400" />
                <Set Name="SPEAKER_TOP_CENTER"              Value="0x800" />
                <Set Name="SPEAKER_TOP_FRONT_LEFT"          Value="0x1000" />
                <Set Name="SPEAKER_TOP_FRONT_CENTER"        Value="0x2000" />
                <Set Name="SPEAKER_TOP_FRONT_RIGHT"         Value="0x4000" />
                <Set Name="SPEAKER_TOP_BACK_LEFT"           Value="0x8000" />
                <Set Name="SPEAKER_TOP_BACK_CENTER"         Value="0x10000" />
                <Set Name="SPEAKER_TOP_BACK_RIGHT"          Value="0x20000" />
                <Set Name="SPEAKER_ALL"                     Value="0x80000000" />
            </Flag>
        </Variable>

    </Headers>
</ApiMonitor>