<!--
    API Monitor Definitions
    (c) 2011-2012, Rohitab Batra <rohitab@rohitab.com>
    http://www.rohitab.com/apimonitor/
-->
<ApiMonitor>
    <Include Filename="Headers\windows.h.xml" />
    <Headers>
        <!-- Variables -->
        <Variable Name="RETCODE"        Type="Alias"    Base="short" />
        <Variable Name="RETCODE*"       Type="Pointer"  Base="RETCODE" />

        <!-- [ODBC_DSN_REQUEST] -->
        <Variable Name="[ODBC_DSN_REQUEST]" Type="Alias" Base="WORD">
            <Display Name="WORD" />
            <Enum>
                <Set Name="ODBC_ADD_DSN"                Value="1" />
                <Set Name="ODBC_CONFIG_DSN"             Value="2" />
                <Set Name="ODBC_REMOVE_DSN"             Value="3" />
                <Set Name="ODBC_ADD_SYS_DSN"            Value="4" />
                <Set Name="ODBC_CONFIG_SYS_DSN"         Value="5" />
                <Set Name="ODBC_REMOVE_SYS_DSN"         Value="6" />
                <Set Name="ODBC_REMOVE_DEFAULT_DSN"     Value="7" />
            </Enum>
        </Variable>

        <!-- [ODBC_DRIVER_REQUEST] -->
        <Variable Name="[ODBC_DRIVER_REQUEST]" Type="Alias" Base="WORD">
            <Display Name="WORD" />
            <Enum>
                <Set Name="ODBC_INSTALL_DRIVER"     Value="1" />
                <Set Name="ODBC_REMOVE_DRIVER"      Value="2" />
                <Set Name="ODBC_CONFIG_DRIVER"      Value="3" />
            </Enum>
        </Variable>

        <!-- [ODBC_INSTALL_REQUEST] -->
        <Variable Name="[ODBC_INSTALL_REQUEST]" Type="Alias" Base="WORD">
            <Display Name="WORD" />
            <Enum>
                <Set Name="ODBC_INSTALL_INQUIRY"    Value="1" />
                <Set Name="ODBC_INSTALL_COMPLETE"   Value="2" />
            </Enum>
        </Variable>

        <!-- [ODBC_CONFIG_MODE] -->
        <Variable Name="[ODBC_CONFIG_MODE]" Type="Alias" Base="USHORT">
            <Display Name="UWORD" />
            <Enum>
                <Set Name="ODBC_BOTH_DSN"       Value="0" />
                <Set Name="ODBC_USER_DSN"       Value="1" />
                <Set Name="ODBC_SYSTEM_DSN"     Value="2" />
            </Enum>
        </Variable>
        <Variable Name="[ODBC_CONFIG_MODE*]" Type="Pointer" Base="[ODBC_CONFIG_MODE]">
            <Display Name="UWORD*" />
        </Variable>

        <!-- [ODBC_ERROR_CODE] -->
        <Variable Name="[ODBC_ERROR_CODE]" Type="Alias" Base="DWORD">
            <Display Name="DWORD" />
            <Enum>
                <Set Name="ODBC_ERROR_GENERAL_ERR"                  Value="1" />
                <Set Name="ODBC_ERROR_INVALID_BUFF_LEN"             Value="2" />
                <Set Name="ODBC_ERROR_INVALID_HWND"                 Value="3" />
                <Set Name="ODBC_ERROR_INVALID_STR"                  Value="4" />
                <Set Name="ODBC_ERROR_INVALID_REQUEST_TYPE"         Value="5" />
                <Set Name="ODBC_ERROR_COMPONENT_NOT_FOUND"          Value="6" />
                <Set Name="ODBC_ERROR_INVALID_NAME"                 Value="7" />
                <Set Name="ODBC_ERROR_INVALID_KEYWORD_VALUE"        Value="8" />
                <Set Name="ODBC_ERROR_INVALID_DSN"                  Value="9" />
                <Set Name="ODBC_ERROR_INVALID_INF"                  Value="10" />
                <Set Name="ODBC_ERROR_REQUEST_FAILED"               Value="11" />
                <Set Name="ODBC_ERROR_INVALID_PATH"                 Value="12" />
                <Set Name="ODBC_ERROR_LOAD_LIB_FAILED"              Value="13" />
                <Set Name="ODBC_ERROR_INVALID_PARAM_SEQUENCE"       Value="14" />
                <Set Name="ODBC_ERROR_INVALID_LOG_FILE"             Value="15" />
                <Set Name="ODBC_ERROR_USER_CANCELED"                Value="16" />
                <Set Name="ODBC_ERROR_USAGE_UPDATE_FAILED"          Value="17" />
                <Set Name="ODBC_ERROR_CREATE_DSN_FAILED"            Value="18" />
                <Set Name="ODBC_ERROR_WRITING_SYSINFO_FAILED"       Value="19" />
                <Set Name="ODBC_ERROR_REMOVE_DSN_FAILED"            Value="20" />
                <Set Name="ODBC_ERROR_OUT_OF_MEM"                   Value="21" />
                <Set Name="ODBC_ERROR_OUTPUT_STRING_TRUNCATED"      Value="22" />
                <Set Name="ODBC_ERROR_NOTRANINFO"                   Value="23" />
            </Enum>
        </Variable>
        <Variable Name="[ODBC_ERROR_CODE*]" Type="Pointer" Base="[ODBC_ERROR_CODE]">
            <Display Name="DWORD*" />
        </Variable>

    </Headers>
</ApiMonitor>