<!--
    API Monitor Definitions
    (c) 2010-2011, Rohitab Batra <rohitab@rohitab.com>
    http://www.rohitab.com/apimonitor/
-->
<ApiMonitor>
    <Include Filename="Interfaces\IUnknown.xml" />
    <Interface Name="IBlockingLock" Id="{30f3d47a-6447-11d1-8e3c-00c04fb9386d}" BaseInterface="IUnknown" OnlineHelp="MSDN" ErrorFunc="HRESULT" Category="Component Object Model (COM)/OLE and Data Transfer/Interfaces">
        <!-- Variables -->
        <!-- Methods -->
        <Api Name="Lock">
            <Param Type="DWORD" Name="dwTimeout" />
            <Return Type="HRESULT" />
        </Api>
        <Api Name="Unlock">
            <Return Type="HRESULT" />
        </Api>
    </Interface>
</ApiMonitor>