<!--
    API Monitor Definitions
    (c) 2010-2011, Rohitab Batra <rohitab@rohitab.com>
    http://www.rohitab.com/apimonitor/
-->
<ApiMonitor>
    <Include Filename="Interfaces\IUnknown.xml" />
    <Interface Name="IClassActivator" Id="{00000140-0000-0000-C000-000000000046}" BaseInterface="IUnknown" OnlineHelp="MSDN" ErrorFunc="HRESULT" Category="Component Object Model (COM)/OLE and Data Transfer/Interfaces">
        <!-- Variables -->
        <!-- Methods -->
        <Api Name="GetClassObject">
            <Param Type="REFCLSID" Name="rclsid" />
            <Param Type="DWORD" Name="dwClassContext" />
            <Param Type="LCID" Name="locale" />
            <Param Type="REFIID" Name="riid" />
            <Param Type="void**" Name="ppv" InterfaceId="riid"/>
            <Return Type="HRESULT" />
        </Api>
    </Interface>
</ApiMonitor>