<!--
    API Monitor Definitions
    (c) 2010-2011, Rohitab Batra <rohitab@rohitab.com>
    http://www.rohitab.com/apimonitor/
-->
<ApiMonitor>
    <Include Filename="Interfaces\IUnknown.xml" />
    <Interface Name="IEnumOleDocumentViews" Id="{b722bcc8-4e68-101b-a2bc-00aa00404770}" BaseInterface="IUnknown" OnlineHelp="MSDN" ErrorFunc="HRESULT" Category="Component Object Model (COM)/OLE and Data Transfer/Interfaces">
        <!-- Variables -->
        <!-- Methods -->
        <Api Name="Next">
            <Param Type="ULONG" Name="cViews" />
            <Param Type="IOleDocumentView**" Name="rgpView" />
            <Param Type="ULONG*" Name="pcFetched" />
            <Return Type="HRESULT" />
        </Api>
        <Api Name="Skip">
            <Param Type="ULONG" Name="cViews" />
            <Return Type="HRESULT" />
        </Api>
        <Api Name="Reset">
            <Return Type="HRESULT" />
        </Api>
        <Api Name="Clone">
            <Param Type="IEnumOleDocumentViews**" Name="ppEnum" />
            <Return Type="HRESULT" />
        </Api>
    </Interface>
</ApiMonitor>