<!--
    API Monitor Definitions
    (c) 2010-2011, Rohitab Batra <rohitab@rohitab.com>
    http://www.rohitab.com/apimonitor/
-->
<ApiMonitor>
    <Include Filename="Interfaces\IUnknown.xml" />
    <Interface Name="IGlobalInterfaceTable" Id="{00000146-0000-0000-C000-000000000046}" BaseInterface="IUnknown" OnlineHelp="MSDN" ErrorFunc="HRESULT" Category="Component Object Model (COM)/OLE and Data Transfer/Interfaces">
        <!-- Variables -->
        <!-- Methods -->
        <Api Name="RegisterInterfaceInGlobal">
            <Param Type="IUnknown*" Name="pUnk" />
            <Param Type="REFIID" Name="riid" />
            <Param Type="DWORD*" Name="pdwCookie" />
            <Return Type="HRESULT" />
        </Api>
        <Api Name="RevokeInterfaceFromGlobal">
            <Param Type="DWORD" Name="dwCookie" />
            <Return Type="HRESULT" />
        </Api>
        <Api Name="GetInterfaceFromGlobal">
            <Param Type="DWORD" Name="dwCookie" />
            <Param Type="REFIID" Name="riid" />
            <Param Type="void**" Name="ppv" InterfaceId="riid" />
            <Return Type="HRESULT" />
        </Api>
    </Interface>
</ApiMonitor>