<!--
    API Monitor Definitions
    (c) 2010-2011, Rohitab Batra <rohitab@rohitab.com>
    http://www.rohitab.com/apimonitor/
-->
<ApiMonitor>
    <Include Filename="Interfaces\IUnknown.xml" />
    <Interface Name="IMalloc" Id="{00000002-0000-0000-C000-000000000046}" BaseInterface="IUnknown" OnlineHelp="MSDN" ErrorFunc="HRESULT" Category="Component Object Model (COM)/OLE and Data Transfer/Interfaces">
        <!-- Variables -->
        <!-- Methods -->
        <Api Name="Alloc">
            <Param Type="SIZE_T" Name="cb" />
            <Return Type="void*" />
            <Success Return="NotEqual" Value="0" />
        </Api>
        <Api Name="Realloc">
            <Param Type="void*" Name="pv" />
            <Param Type="SIZE_T" Name="cb" />
            <Return Type="void*" />
            <Success Return="NotEqual" Value="0" />
        </Api>
        <Api Name="Free">
            <Param Type="void*" Name="pv" />
            <Return Type="void" />
        </Api>
        <Api Name="GetSize">
            <Param Type="void*" Name="pv" />
            <Return Type="SIZE_T" />
            <Success Return="NotEqual" Value="0" />
        </Api>
        <Api Name="DidAlloc">
            <Param Type="void*" Name="pv" />
            <Return Type="int" />
            <Success Return="NotEqual" Value="0" />
        </Api>
        <Api Name="HeapMinimize">
            <Return Type="void" />
        </Api>
    </Interface>
</ApiMonitor>