<!--
    API Monitor Definitions
    (c) 2010-2011, Rohitab Batra <rohitab@rohitab.com>
    http://www.rohitab.com/apimonitor/
-->
<ApiMonitor>
    <Include Filename="Interfaces\IUnknown.xml" />
    <Interface Name="IMultiQI" Id="{00000020-0000-0000-C000-000000000046}" BaseInterface="IUnknown" OnlineHelp="MSDN" ErrorFunc="HRESULT" Category="Component Object Model (COM)/OLE and Data Transfer/Interfaces">
        <!-- Variables -->
        <!-- Methods -->
        <Api Name="QueryMultipleInterfaces">
            <Param Type="ULONG" Name="cMQIs" />
            <Param Type="MULTI_QI*" Name="pMQIs" />
            <Return Type="HRESULT" />
        </Api>
    </Interface>
</ApiMonitor>