<!--
    API Monitor Definitions
    (c) 2010-2011, Rohitab Batra <rohitab@rohitab.com>
    http://www.rohitab.com/apimonitor/
-->
<ApiMonitor>
    <Include Filename="Interfaces\IUnknown.xml" />
    <Interface Name="IParseDisplayName" Id="{0000011a-0000-0000-C000-000000000046}" BaseInterface="IUnknown" OnlineHelp="MSDN" ErrorFunc="HRESULT" Category="Component Object Model (COM)/OLE and Data Transfer/Interfaces">
        <!-- Variables -->
        <!-- Methods -->
        <Api Name="ParseDisplayName">
            <Param Type="IBindCtx*" Name="pbc" />
            <Param Type="LPOLESTR" Name="pszDisplayName" />
            <Param Type="ULONG*" Name="pchEaten" />
            <Param Type="IMoniker**" Name="ppmkOut" />
            <Return Type="HRESULT" />
        </Api>
    </Interface>
</ApiMonitor>