<!--
    API Monitor Definitions
    (c) 2010-2012, Rohitab Batra <rohitab@rohitab.com>
    http://www.rohitab.com/apimonitor/
-->
<ApiMonitor>
    <Include Filename="Interfaces\COM\IPersist.xml" />
    <Interface Name="IPersistFile" Id="{0000010b-0000-0000-C000-000000000046}" BaseInterface="IPersist" OnlineHelp="MSDN" ErrorFunc="HRESULT" Category="Component Object Model (COM)/OLE and Data Transfer/Interfaces">
        <!-- Variables -->
        <!-- Methods -->
        <Api Name="IsDirty">
            <Return Type="HRESULT" />
        </Api>
        <Api Name="Load">
            <Param Type="LPCOLESTR" Name="pszFileName" />
            <Param Type="[STGM_FLAGS]" Name="dwMode" />
            <Return Type="HRESULT" />
        </Api>
        <Api Name="Save">
            <Param Type="LPCOLESTR" Name="pszFileName" />
            <Param Type="BOOL" Name="fRemember" />
            <Return Type="HRESULT" />
        </Api>
        <Api Name="SaveCompleted">
            <Param Type="LPCOLESTR" Name="pszFileName" />
            <Return Type="HRESULT" />
        </Api>
        <Api Name="GetCurFile">
            <Param Type="LPOLESTR*" Name="ppszFileName" />
            <Return Type="HRESULT" />
        </Api>
    </Interface>
</ApiMonitor>