<!--
    API Monitor Definitions
    (c) 2010-2011, Rohitab Batra <rohitab@rohitab.com>
    http://www.rohitab.com/apimonitor/
-->
<ApiMonitor>
    <Include Filename="Interfaces\COM\IPersist.xml" />
    <Interface Name="IPersistStorage" Id="{0000010a-0000-0000-C000-000000000046}" BaseInterface="IPersist" OnlineHelp="MSDN" ErrorFunc="HRESULT" Category="Component Object Model (COM)/OLE and Data Transfer/Interfaces">
        <!-- Variables -->
        <!-- Methods -->
        <Api Name="IsDirty">
            <Return Type="HRESULT" />
        </Api>
        <Api Name="InitNew">
            <Param Type="IStorage*" Name="pStg" />
            <Return Type="HRESULT" />
        </Api>
        <Api Name="Load">
            <Param Type="IStorage*" Name="pStg" />
            <Return Type="HRESULT" />
        </Api>
        <Api Name="Save">
            <Param Type="IStorage*" Name="pStgSave" />
            <Param Type="BOOL" Name="fSameAsLoad" />
            <Return Type="HRESULT" />
        </Api>
        <Api Name="SaveCompleted">
            <Param Type="IStorage*" Name="pStgNew" />
            <Return Type="HRESULT" />
        </Api>
        <Api Name="HandsOffStorage">
            <Return Type="HRESULT" />
        </Api>
    </Interface>
</ApiMonitor>