<!--
    API Monitor Definitions
    (c) 2010-2011, Rohitab Batra <rohitab@rohitab.com>
    http://www.rohitab.com/apimonitor/
-->
<ApiMonitor>
    <Include Filename="Interfaces\IUnknown.xml" />
    <Interface Name="IPrint" Id="{b722bcc9-4e68-101b-a2bc-00aa00404770}" BaseInterface="IUnknown" OnlineHelp="MSDN" ErrorFunc="HRESULT" Category="Component Object Model (COM)/OLE and Data Transfer/Interfaces">

        <!-- [PAGESET_ENUM] -->
        <Variable Name="[PAGESET_ENUM]" Type="Alias" Base="LONG">
            <Display Name="LONG" />
            <Enum>
                <Set Name="PAGESET_TOLASTPAGE" Value="-1" />
            </Enum>
        </Variable>

        <!-- PAGERANGE -->
        <Variable Name="PAGERANGE" Type="Struct">
            <Field Type="LONG"              Name="nFromPage" />
            <Field Type="[PAGESET_ENUM]"    Name="nToPage" />
        </Variable>
        <Variable Name="PAGERANGE [1]" Type="Array" Base="PAGERANGE" Count="1" />

        <!-- PAGESET -->
        <Variable Name="PAGESET" Type="Struct">
            <Field Type="ULONG"             Name="cbStruct" />
            <Field Type="BOOL"              Name="fOddPages" />
            <Field Type="BOOL"              Name="fEvenPages" />
            <Field Type="ULONG"             Name="cPageRange" />
            <Field Type="PAGERANGE [1]"     Name="rgPages" Count="cPageRange" />
        </Variable>
        <Variable Name="PAGESET*"   Type="Pointer" Base="PAGESET" />
        <Variable Name="PAGESET**"  Type="Pointer" Base="PAGESET*" />
        
        <!-- Methods -->
        <Api Name="SetInitialPageNum">
            <Param Type="LONG" Name="nFirstPage" />
            <Return Type="HRESULT" />
        </Api>
        <Api Name="GetPageInfo">
            <Param Type="LONG*" Name="pnFirstPage" />
            <Param Type="LONG*" Name="pcPages" />
            <Return Type="HRESULT" />
        </Api>
        <Api Name="Print">
            <Param Type="DWORD" Name="grfFlags" />
            <Param Type="DVTARGETDEVICE**" Name="pptd" />
            <Param Type="PAGESET**" Name="ppPageSet" />
            <Param Type="STGMEDIUM*" Name="pstgmOptions" />
            <Param Type="IContinueCallback*" Name="pcallback" />
            <Param Type="LONG" Name="nFirstPage" />
            <Param Type="LONG*" Name="pcPagesPrinted" />
            <Param Type="LONG*" Name="pnLastPage" />
            <Return Type="HRESULT" />
        </Api>
    </Interface>
</ApiMonitor>