<!--
    API Monitor Definitions
    (c) 2010-2011, Rohitab Batra <rohitab@rohitab.com>
    http://www.rohitab.com/apimonitor/
-->
<ApiMonitor>
    <Include Filename="Interfaces\IUnknown.xml" />
    <Interface Name="IPSFactoryBuffer" Id="{D5F569D0-593B-101A-B569-08002B2DBF7A}" BaseInterface="IUnknown" OnlineHelp="MSDN" ErrorFunc="HRESULT" Category="Component Object Model (COM)/OLE and Data Transfer/Interfaces">
        <!-- Variables -->
        <!-- Methods -->
        <Api Name="CreateProxy">
            <Param Type="IUnknown*" Name="pUnkOuter" />
            <Param Type="REFIID" Name="riid" />
            <Param Type="IRpcProxyBuffer**" Name="ppProxy" />
            <Param Type="void**" Name="ppv" InterfaceId="riid" />
            <Return Type="HRESULT" />
        </Api>
        <Api Name="CreateStub">
            <Param Type="REFIID" Name="riid" />
            <Param Type="IUnknown*" Name="pUnkServer" />
            <Param Type="IRpcStubBuffer**" Name="ppStub" />
            <Return Type="HRESULT" />
        </Api>
    </Interface>
</ApiMonitor>