<!--
    API Monitor Definitions
    (c) 2010-2011, Rohitab Batra <rohitab@rohitab.com>
    http://www.rohitab.com/apimonitor/
-->
<ApiMonitor>
    <Include Filename="Interfaces\IUnknown.xml" />
    <Interface Name="IROTData" Id="{f29f6bc0-5021-11ce-aa15-00006901293f}" BaseInterface="IUnknown" OnlineHelp="MSDN" ErrorFunc="HRESULT" Category="Component Object Model (COM)/OLE and Data Transfer/Interfaces">
        <!-- Variables -->
        <!-- Methods -->
        <Api Name="GetComparisonData">
            <Param Type="byte*" Name="pbData" />
            <Param Type="ULONG" Name="cbMax" />
            <Param Type="ULONG*" Name="pcbData" />
            <Return Type="HRESULT" />
        </Api>
    </Interface>
</ApiMonitor>