<!--
    API Monitor Definitions
    (c) 2010-2011, Rohitab Batra <rohitab@rohitab.com>
    http://www.rohitab.com/apimonitor/
-->
<ApiMonitor>
    <Include Filename="Interfaces\IUnknown.xml" />
    <Interface Name="IRunnableObject" Id="{00000126-0000-0000-C000-000000000046}" BaseInterface="IUnknown" OnlineHelp="MSDN" ErrorFunc="HRESULT" Category="Component Object Model (COM)/OLE and Data Transfer/Interfaces">
        <!-- Variables -->
        <!-- Methods -->
        <Api Name="GetRunningClass">
            <Param Type="LPCLSID" Name="lpClsid" />
            <Return Type="HRESULT" />
        </Api>
        <Api Name="Run">
            <Param Type="LPBINDCTX" Name="pbc" />
            <Return Type="HRESULT" />
        </Api>
        <Api Name="IsRunning">
            <Return Type="BOOL" />
            <Success Return="NotEqual" Value="0" />
        </Api>
        <Api Name="LockRunning">
            <Param Type="BOOL" Name="fLock" />
            <Param Type="BOOL" Name="fLastUnlockCloses" />
            <Return Type="HRESULT" />
        </Api>
        <Api Name="SetContainedObject">
            <Param Type="BOOL" Name="fContained" />
            <Return Type="HRESULT" />
        </Api>
    </Interface>
</ApiMonitor>