<!--
    API Monitor Definitions
    (c) 2010-2011, Rohitab Batra <rohitab@rohitab.com>
    http://www.rohitab.com/apimonitor/
-->
<ApiMonitor>
    <Include Filename="Interfaces\IUnknown.xml" />
    <Interface Name="IStdMarshalInfo" Id="{00000018-0000-0000-C000-000000000046}" BaseInterface="IUnknown" OnlineHelp="MSDN" ErrorFunc="HRESULT" Category="Component Object Model (COM)/OLE and Data Transfer/Interfaces">
        <!-- Variables -->
        <!-- Methods -->
        <Api Name="GetClassForHandler">
            <Param Type="DWORD" Name="dwDestContext" />
            <Param Type="void*" Name="pvDestContext" />
            <Param Type="CLSID*" Name="pClsid" />
            <Return Type="HRESULT" />
        </Api>
    </Interface>
</ApiMonitor>